Top pages,Clicks,Impressions,CTR,Position
https://www.the-anchor.pub/,377,11150,3.38%,13.86
https://the-anchor.pub/,185,2977,6.21%,14.33
https://www.the-anchor.pub/beer-garden,129,1971,6.54%,7.32
https://www.the-anchor.pub/sunday-lunch,92,2026,4.54%,7.94
https://www.the-anchor.pub/food-menu,44,5672,0.78%,9.14
https://www.the-anchor.pub/blog/fish-chips-guide,36,2971,1.21%,9.77
https://www.the-anchor.pub/near-heathrow/terminal-5,25,3024,0.83%,18.7
https://www.the-anchor.pub/christmas-parties,25,1745,1.43%,11.27
https://www.the-anchor.pub/whats-on,20,4291,0.47%,7.67
https://www.the-anchor.pub/blog/ultimate-guide-to-traveling-as-a-digital-nomad-wit,19,472,4.03%,19.62
https://www.the-anchor.pub/plane-spotting-heathrow,15,887,1.69%,11.06
https://www.the-anchor.pub/blog/best-sunday-roast-near-heathrow,15,311,4.82%,7.54
https://www.the-anchor.pub/heathrow-parking,13,2118,0.61%,29.29
https://www.the-anchor.pub/near-heathrow/terminal-3,13,1899,0.68%,13.92
https://www.the-anchor.pub/blog/diwali-celebration,13,168,7.74%,9.22
https://the-anchor.pub/food-menu,12,1054,1.14%,5.92
https://www.the-anchor.pub/function-room-hire,12,826,1.45%,26.53
https://www.the-anchor.pub/near-heathrow,11,1216,0.9%,11.01
https://www.the-anchor.pub/find-us,8,4181,0.19%,8.06
https://www.the-anchor.pub/near-heathrow/terminal-2,8,1402,0.57%,20.79
https://www.the-anchor.pub/blog/euro-2024-viewing,8,863,0.93%,9.37
https://www.the-anchor.pub/m25-junction-14-pub,7,1587,0.44%,9.02
https://www.the-anchor.pub/blog/christmas-events,7,503,1.39%,18.52
https://www.the-anchor.pub/near-heathrow/terminal-4,6,797,0.75%,15.84
https://www.the-anchor.pub/drinks,5,4044,0.12%,11.19
https://www.the-anchor.pub/book-event,5,395,1.27%,33.55
https://www.the-anchor.pub/whats-on/drag-shows,5,133,3.76%,9.35
https://www.the-anchor.pub/blog/inches-apple-cider,4,689,0.58%,7.56
https://www.the-anchor.pub/blog/cheap-heathrow-parking-alternatives,4,644,0.62%,19.8
https://www.the-anchor.pub/windsor-pub,4,430,0.93%,9.1
https://www.the-anchor.pub/blog/dog-friendly-pub,4,429,0.93%,17.79
https://www.the-anchor.pub/quiz-night,4,231,1.73%,7.84
https://www.the-anchor.pub/events/twisted-fairytale-halloween-party-2025-11-01,4,157,2.55%,5.23
https://www.the-anchor.pub/feltham-pub,3,537,0.56%,11.16
https://www.the-anchor.pub/private-party-venue,3,402,0.75%,24.13
https://www.the-anchor.pub/bedfont-pub,3,273,1.1%,11.14
https://www.the-anchor.pub/blog/tag/live-matches,3,94,3.19%,9.07
https://www.the-anchor.pub/blog/monthly-cash-bingo,3,70,4.29%,23.09
https://www.the-anchor.pub/blog/new-dining-room,3,68,4.41%,26.5
https://www.the-anchor.pub/blog/tag/christmas,3,27,11.11%,12.19
https://www.the-anchor.pub/blog/autumn-internationals-2024-full-fixtures-highlight,2,1613,0.12%,50.05
https://www.the-anchor.pub/pizza-tuesday,2,1539,0.13%,16.65
https://www.the-anchor.pub/stanwell-pub,2,648,0.31%,5.92
https://www.the-anchor.pub/blog/sunday-lunch-at-the-anchor-is-back-pre-order-now,2,250,0.8%,9.59
https://www.the-anchor.pub/events/pub-quiz-night-2025-10-01,2,151,1.32%,5.43
https://www.the-anchor.pub/blog/british-pie-week-2024,2,139,1.44%,8.26
https://www.the-anchor.pub/blog/curry-club-the-anchor,2,128,1.56%,23.64
https://www.the-anchor.pub/blog/a-personal-pub-for-personal-celebrations,2,107,1.87%,20.6
https://www.the-anchor.pub/events/pub-quiz-night-2025-12-10,2,99,2.02%,7.1
https://www.the-anchor.pub/blog/christmas-market,2,88,2.27%,13.28
https://www.the-anchor.pub/blog/sports-update,2,87,2.3%,9.45
https://www.the-anchor.pub/blog/charity-walk-holly,2,62,3.23%,15.19
https://www.the-anchor.pub/blog/day-of-the-dead-halloween-party-costumes-dance-and,2,41,4.88%,7.54
https://www.the-anchor.pub/blog/tag/november,2,26,7.69%,7.96
https://www.the-anchor.pub/staines-pub,1,2798,0.04%,12.49
https://www.the-anchor.pub/corporate-events,1,728,0.14%,50.89
https://www.the-anchor.pub/egham-pub,1,391,0.26%,17.22
https://www.the-anchor.pub/food/pizza,1,282,0.35%,14.38
https://www.the-anchor.pub/heathrow-hotels-pub,1,200,0.5%,15.12
https://www.the-anchor.pub/ashford-pub,1,199,0.5%,12.5
https://www.the-anchor.pub/blog/dog-travel-tips,1,134,0.75%,11.42
https://www.the-anchor.pub/events/pub-quiz-night-2025-11-05,1,115,0.87%,6.08
https://www.the-anchor.pub/blog/experience-the-best-beer-at-a-great-pub-near-heath,1,85,1.18%,19.82
https://www.the-anchor.pub/events/bingo-night-2025-11-14,1,75,1.33%,6.2
https://www.the-anchor.pub/blog/tag/indian-food,1,68,1.47%,31.94
https://www.the-anchor.pub/blog/tag/events,1,46,2.17%,11.04
https://www.the-anchor.pub/blog/sustainable-practices,1,42,2.38%,39.36
https://www.the-anchor.pub/blog/music-bingo-nights,1,34,2.94%,16.47
https://www.the-anchor.pub/blog/tag/live-events,1,30,3.33%,10.97
https://www.the-anchor.pub/heathrow-layover-dining,1,29,3.45%,7.66
https://www.the-anchor.pub/blog/tag/sunday-roast,1,24,4.17%,10.92
https://www.the-anchor.pub/blog/gameshow-house-party,1,21,4.76%,18.14
https://www.the-anchor.pub/blog/tag/irish,1,19,5.26%,8.26
https://www.the-anchor.pub/blog/tag/christmas-market,1,19,5.26%,12.05
https://www.the-anchor.pub/blog/tag/remote-work,1,16,6.25%,17.5
https://the-anchor.pub/blog/prices-frozen-until-autumn-theanchor-pub,1,13,7.69%,8.69
https://www.the-anchor.pub/blog/tag/jobs,1,12,8.33%,8.75
https://www.the-anchor.pub/drinks/aperol-spritz,1,10,10%,29.6
https://www.the-anchor.pub/events/bingo-night-2025-08-29,1,5,20%,5.4
https://the-anchor.pub/blog/tag/romantic-dining,1,5,20%,8
https://www.the-anchor.pub/blog/tag/corporate,1,5,20%,8.6
https://www.the-anchor.pub/blog/tag/bingo,1,3,33.33%,5
https://www.the-anchor.pub/post/the-anchor-sustainability-journey,1,2,50%,41.5
https://www.the-anchor.pub/blog/tag/promotion,1,1,100%,91
https://www.the-anchor.pub/blog,0,2633,0%,7.17
https://www.the-anchor.pub/drinks/disaronno,0,807,0%,30.66
https://www.the-anchor.pub/drinks/jagerbomb,0,726,0%,1
https://www.the-anchor.pub/drinks/bushmills,0,686,0%,58.4
https://www.the-anchor.pub/post/celebrating-life-and-spirits-day-of-the-dead-traditions,0,385,0%,1
https://www.the-anchor.pub/drinks/gordons-pink,0,374,0%,68.14
https://www.the-anchor.pub/blog/peace-day-stanwell,0,200,0%,13.62
https://www.the-anchor.pub/drinks/aperol,0,186,0%,1
https://www.the-anchor.pub/drinks/gordons,0,182,0%,40.86
https://www.the-anchor.pub/restaurants-near-heathrow,0,163,0%,35.04
https://www.the-anchor.pub/blog/tequila-and-tradition-how-agave-shapes-mexican-cul,0,110,0%,19.1
https://www.the-anchor.pub/drinks/newcastle-brown-ale,0,100,0%,1
https://www.the-anchor.pub/blog/tag/premier-league,0,90,0%,7.13
https://www.the-anchor.pub/post/traveling-digital-nomad-with-pet-guide,0,86,0%,37.35
https://www.the-anchor.pub/blog/tag/rugby,0,83,0%,9.9
https://www.the-anchor.pub/blog/pancake-day-celebration,0,80,0%,28.1
https://www.the-anchor.pub/blog/day-of-the-dead-party,0,79,0%,14.56
https://www.the-anchor.pub/blog/cheap-christmas-parties-heathrow,0,77,0%,28.19
https://www.the-anchor.pub/blog/tequila-tasting-events,0,76,0%,37.13
https://www.the-anchor.pub/drinks/jagermeister,0,69,0%,1
https://www.the-anchor.pub/blog/tag/pizza,0,68,0%,9.72
https://www.the-anchor.pub/blog/double-up-offer,0,67,0%,10.19
https://www.the-anchor.pub/blog/stanwell-moor-village,0,66,0%,9.55
https://www.the-anchor.pub/blog/tag/drinks,0,65,0%,21.98
https://www.the-anchor.pub/blog/ve-day-celebration,0,65,0%,41.69
https://www.the-anchor.pub/blog/tag/local-area,0,65,0%,63.17
https://www.the-anchor.pub/review-the-anchor,0,61,0%,3.8
https://www.the-anchor.pub/drinks/cointreau,0,59,0%,1
https://www.the-anchor.pub/blog/fathers-day-celebration,0,59,0%,36.42
https://www.the-anchor.pub/blog/events-offers-2025,0,57,0%,12.21
https://www.the-anchor.pub/blog/tag/cocktails,0,57,0%,56.63
https://www.the-anchor.pub/blog/pet-friendly-business-tips,0,54,0%,22.96
https://www.the-anchor.pub/blog/national-burger-day,0,53,0%,20.11
https://www.the-anchor.pub/book-table,0,52,0%,6.44
https://www.the-anchor.pub/blog/5-star-food-rating,0,46,0%,9.43
https://www.the-anchor.pub/blog/pizza-deals-stanwell-heathrow-tuesdays,0,46,0%,39.91
https://www.the-anchor.pub/drinks/coors-light,0,44,0%,1.02
https://www.the-anchor.pub/drinks/jameson,0,42,0%,1
https://www.the-anchor.pub/blog/tag/quiz-night,0,39,0%,13.41
https://www.the-anchor.pub/events/sleigh-that-tune-2025-12-03,0,36,0%,3.64
https://www.the-anchor.pub/blog/reflecting-on-sacrifice-remembrance-day-observance,0,34,0%,9.21
https://www.the-anchor.pub/blog/autumn-winter-menu,0,34,0%,9.56
https://www.the-anchor.pub/honey-bee-mine,0,33,0%,1
https://www.the-anchor.pub/events/bingo-night-2025-09-19,0,33,0%,8.3
https://www.the-anchor.pub/blog/salami-day-pizza,0,33,0%,40.94
https://www.the-anchor.pub/blog/pravha-beer,0,32,0%,15.56
https://www.the-anchor.pub/events/quiz-night-back-to-school-2025-09-03,0,32,0%,17.06
https://www.the-anchor.pub/blog/new-menu-options-launching-february-1st-2023,0,31,0%,14.58
https://www.the-anchor.pub/drinks/i-heart-pino-grigio,0,31,0%,52.16
https://www.the-anchor.pub/post/great-pub-near-heathrow-new-beer-pumps-installed,0,31,0%,69.74
https://www.the-anchor.pub/drinks/chambord,0,30,0%,1
https://www.the-anchor.pub/blog/tag/fish-and-chips,0,28,0%,8.18
https://www.the-anchor.pub/blog/premier-league-2024-25,0,28,0%,11.07
https://www.the-anchor.pub/drinks/bailey's,0,28,0%,44.68
https://www.the-anchor.pub/blog/tag/photography,0,27,0%,11.85
https://www.the-anchor.pub/blog/tag/remembrance-day,0,27,0%,13.93
https://www.the-anchor.pub/blog/botanist-gin-july-2025,0,26,0%,9.35
https://www.the-anchor.pub/blog/tag/reviews,0,24,0%,11.46
https://www.the-anchor.pub/blog/spring-tasting-night,0,24,0%,52.21
https://www.the-anchor.pub/blog/tag/pub-menu,0,23,0%,5.17
https://www.the-anchor.pub/blog/tag/parties,0,23,0%,77.17
https://www.the-anchor.pub/drinks/gordons-sicilian-lemon,0,22,0%,36.73
https://www.the-anchor.pub/blog/winter-hours-cosy-times-at-the-anchor,0,21,0%,81.62
https://www.the-anchor.pub/blog/tag/beer-garden,0,20,0%,67.95
https://www.the-anchor.pub/post/what-is-race-night,0,20,0%,68.1
https://www.the-anchor.pub/blog/tag/spirits,0,19,0%,14.16
https://www.the-anchor.pub/blog/pub-etiquette-tips,0,19,0%,16.68
https://www.the-anchor.pub/blog/six-nations-rugby-at-the-anchor-2023,0,19,0%,30.63
https://www.the-anchor.pub/blog/calling-all-pool-players,0,18,0%,16.06
https://www.the-anchor.pub/blog/drag-cabaret-nikki,0,18,0%,25.56
https://www.the-anchor.pub/blog/christmas-venue,0,18,0%,28.56
https://www.the-anchor.pub/blog/rum-tasting-caribbean,0,17,0%,11.35
https://www.the-anchor.pub/blog/tag/special-offers,0,17,0%,15.29
https://www.the-anchor.pub/post/tequila-and-tradition-role-of-agave,0,16,0%,1
https://www.the-anchor.pub/blog/tag/stanwell-moor,0,16,0%,8.5
https://www.the-anchor.pub/blog/25-off-kraken-rum-this-june-manager-s-special,0,16,0%,18.06
https://www.the-anchor.pub/blog/tag/travel,0,15,0%,9.07
https://www.the-anchor.pub/blog/tag/british-history,0,14,0%,3.64
https://www.the-anchor.pub/blog/tag/pool,0,14,0%,4.79
https://www.the-anchor.pub/blog/tag/private-dining,0,14,0%,66.36
https://www.the-anchor.pub/blog/st-patricks-day-2024,0,13,0%,5.85
https://www.the-anchor.pub/blog/unique-events,0,13,0%,12.31
https://www.the-anchor.pub/blog/tag/food,0,13,0%,16.31
https://www.the-anchor.pub/blog/tag/feedback,0,13,0%,33.23
https://www.the-anchor.pub/blog/cosy-pub-stanwell,0,12,0%,7.92
https://www.the-anchor.pub/blog/tag/digital-nomad,0,12,0%,10.75
https://www.the-anchor.pub/drinks/baby-guinness,0,11,0%,1
https://www.the-anchor.pub/drinks/sambuca-raspberry,0,11,0%,1
https://www.the-anchor.pub/blog/tag/shopping,0,11,0%,9.45
https://www.the-anchor.pub/drinks/apple-and-blackberry-pie,0,10,0%,3.3
https://www.the-anchor.pub/blog/tag/football,0,10,0%,8.3
https://www.the-anchor.pub/blog/st-patrick-s-day-2023,0,10,0%,8.9
https://www.the-anchor.pub/events/bingo-night-2025-10-17,0,10,0%,13.3
https://www.the-anchor.pub/blog/tag/dog-friendly,0,10,0%,14.3
https://www.the-anchor.pub/blog/tequila-day-of-dead,0,10,0%,15.4
https://www.the-anchor.pub/blog/tag/indian-culture,0,10,0%,25.8
https://www.the-anchor.pub/blog/jewellery-event,0,10,0%,28.4
https://www.the-anchor.pub/blog/prices-frozen-until-autumn-theanchor-pub,0,10,0%,34.2
https://www.the-anchor.pub/blog?page=3,0,10,0%,43.7
https://www.the-anchor.pub/events/bingo-night-2025-12-19,0,9,0%,3.33
https://www.the-anchor.pub/blog/day-of-dead-traditions,0,9,0%,9.11
https://the-anchor.pub/blog/tag/sports,0,9,0%,9.56
https://www.the-anchor.pub/blog/tag/six-nations,0,9,0%,11.78
https://www.the-anchor.pub/blog/tag/mexican-culture,0,9,0%,19.67
https://www.the-anchor.pub/blog/monthly-managers-special,0,9,0%,20
https://www.the-anchor.pub/blog/community-feedback,0,9,0%,34
https://www.the-anchor.pub/blog/tag/entertainment,0,9,0%,35.67
https://www.the-anchor.pub/blog/pub-jobs-heathrow,0,9,0%,42.11
https://www.the-anchor.pub/blog/womens-day-celebration,0,9,0%,43.11
https://www.the-anchor.pub/events/cosy-comforts-tasting-night-2025-11-07,0,8,0%,2.88
https://www.the-anchor.pub/blog/what-is-the-history-of-april-fools-day,0,8,0%,4.25
https://www.the-anchor.pub/blog/tag/burgers,0,8,0%,6.38
https://www.the-anchor.pub/post/british-pie-week-the-anchor,0,8,0%,28.25
https://www.the-anchor.pub/blog/stanwell-moor-brew,0,8,0%,41.5
https://www.the-anchor.pub/blog/tag/british-celebrations,0,8,0%,67.12
https://the-anchor.pub/blog/tag/dining,0,7,0%,4
https://www.the-anchor.pub/blog/tag/romantic-dining,0,7,0%,7.71
https://www.the-anchor.pub/blog/tag/heathrow-area,0,7,0%,8.71
https://www.the-anchor.pub/post/have-you-tried-kraken-rum,0,7,0%,17.71
https://www.the-anchor.pub/blog/tag/comedy,0,7,0%,18.57
https://www.the-anchor.pub/blog/what-is-race-night,0,7,0%,21.43
https://www.the-anchor.pub/drinks/jack-daniel's-apple,0,7,0%,27.14
https://www.the-anchor.pub/blog/pet-ownership-benefits,0,7,0%,36.14
https://www.the-anchor.pub/blog/tag/pub-food,0,7,0%,49.43
https://www.the-anchor.pub/blog/kindness-day,0,7,0%,51
https://www.the-anchor.pub/blog/tag/december,0,6,0%,6.5
https://www.the-anchor.pub/blog/family-friendly-sunday-lunch-heathrow,0,6,0%,7.17
https://www.the-anchor.pub/blog/tag/team-sports,0,6,0%,7.67
https://www.the-anchor.pub/blog/tag/diwali,0,6,0%,8.17
https://www.the-anchor.pub/blog/tag/sports,0,6,0%,9.17
https://www.the-anchor.pub/blog/tag/venue-hire,0,6,0%,23.5
https://www.the-anchor.pub/post/why-stanwell-moor-village-is-the-perfect-location-for-a-cosy-pub,0,6,0%,33.5
https://www.the-anchor.pub/privacy-policy,0,6,0%,36.83
https://www.the-anchor.pub/blog/tag/volunteer,0,5,0%,4.8
https://www.the-anchor.pub/blog/tag/opening-hours,0,5,0%,5
https://www.the-anchor.pub/blog/tag/family-friendly,0,5,0%,6.2
https://www.the-anchor.pub/cash-bingo,0,5,0%,6.6
https://www.the-anchor.pub/blog/tag/children,0,5,0%,7.4
https://www.the-anchor.pub/post/experience-the-magic-at-the-anchor-s-christmas-market,0,5,0%,9.6
https://www.the-anchor.pub/blog/earth-day-cleanup,0,5,0%,12.6
https://www.the-anchor.pub/blog/new-year-celebration,0,5,0%,14
https://www.the-anchor.pub/blog/tag/local-heroes,0,5,0%,24.8
https://www.the-anchor.pub/drinks/bells,0,5,0%,30
https://the-anchor.pub/blog/tag/rugby,0,5,0%,33
https://www.the-anchor.pub/blog/tag/terrestrial-sport,0,5,0%,36.8
https://www.the-anchor.pub/blog/december-celebrations,0,5,0%,40.4
https://www.the-anchor.pub/blog/company-celebrations,0,5,0%,53.4
https://www.the-anchor.pub/blog/tag/village-pub,0,4,0%,4.25
https://www.the-anchor.pub/blog/tag/festive-menu,0,4,0%,5.5
https://www.the-anchor.pub/blog/tag/savings,0,4,0%,5.75
https://www.the-anchor.pub/blog/tag/tasting-events,0,4,0%,6.75
https://www.the-anchor.pub/blog/the-boys-are-back-in-town,0,4,0%,8
https://www.the-anchor.pub/events/nikki-s-karaoke-night-2025-08-22,0,4,0%,8.25
https://www.the-anchor.pub/blog/tag/wifi,0,4,0%,14.75
https://www.the-anchor.pub/post/the-botanist-gin-july-2025-managers-special-stanwell-moor,0,4,0%,17
https://www.the-anchor.pub/blog/christmas-2021,0,4,0%,21.5
https://www.the-anchor.pub/blog/mothers-day-at-the-anchor-march-19th,0,4,0%,23.25
https://the-anchor.pub/blog/world-photography-day-embracing-stanwell-moor-s-ch,0,4,0%,27.5
https://www.the-anchor.pub/blog/tag/charity,0,4,0%,32
https://www.the-anchor.pub/blog/keeping-up-appearances,0,4,0%,39.5
https://www.the-anchor.pub/blog/tag/new-menu,0,4,0%,42.75
https://www.the-anchor.pub/drinks/archers,0,3,0%,1
https://www.the-anchor.pub/blog/tag/pancake-day,0,3,0%,2.67
https://www.the-anchor.pub/blog/tag/sustainability,0,3,0%,2.67
https://www.the-anchor.pub/blog/tag/drag-cabaret,0,3,0%,4
https://www.the-anchor.pub/blog/tabs-are-changing,0,3,0%,4.33
https://www.the-anchor.pub/sitemap-page,0,3,0%,4.33
https://www.the-anchor.pub/blog/tag/music-bingo,0,3,0%,5.33
https://the-anchor.pub/blog/tag/premier-league,0,3,0%,5.67
https://www.the-anchor.pub/blog/friday-extended-hours,0,3,0%,6
https://www.the-anchor.pub/blog/christmas-fair-at-the-anchor,0,3,0%,7.33
https://www.the-anchor.pub/blog/tag/romance,0,3,0%,8.67
https://www.the-anchor.pub/blog/piano-christmas-performance,0,3,0%,9
https://the-anchor.pub/blog/tag/special-offers,0,3,0%,11
https://www.the-anchor.pub/blog?page=4,0,3,0%,11
https://www.the-anchor.pub/blog/tag/kindness-day,0,3,0%,11.33
https://www.the-anchor.pub/blog/tag/march,0,3,0%,11.33
https://www.the-anchor.pub/drinks/margarita-spritz,0,3,0%,11.67
https://www.the-anchor.pub/blog/tag/family-dining,0,3,0%,12.67
https://www.the-anchor.pub/blog/tag/craft-beer,0,3,0%,18.67
https://www.the-anchor.pub/blog/tag/new-arrivals,0,3,0%,18.67
https://www.the-anchor.pub/blog/tag/british-cuisine,0,3,0%,26.67
https://www.the-anchor.pub/blog/womens-day-2024,0,3,0%,33.67
https://www.the-anchor.pub/blog/tag/beer,0,3,0%,34
https://www.the-anchor.pub/blog/rum-tasting-september,0,3,0%,37.67
https://www.the-anchor.pub/event-details/chip-shop-fridays-50-off-for-over-65s-2025-02-28-18-00,0,3,0%,37.67
https://www.the-anchor.pub/blog/valentines-special,0,3,0%,74.33
https://www.the-anchor.pub/drinks/captain-morgan-gold-spiced-rum,0,2,0%,1
https://www.the-anchor.pub/drinks/carling,0,2,0%,1
https://www.the-anchor.pub/book-table?tab=sunday,0,2,0%,2
https://www.the-anchor.pub/post/pizza-anyone,0,2,0%,2
https://www.the-anchor.pub/blog/tag/live-sports,0,2,0%,3.5
https://www.the-anchor.pub/blog/tag/culture,0,2,0%,5.5
https://www.the-anchor.pub/event-details/monthly-cash-bingo-night-50-jackpot-chip-shop-fridays-2025-07-18-18-00,0,2,0%,5.5
https://www.the-anchor.pub/blog/tag/dining,0,2,0%,6
https://www.the-anchor.pub/blog/tag/environment,0,2,0%,6
https://www.the-anchor.pub/event-details/gameshow-house-party-game-night-extravaganza,0,2,0%,6
https://www.the-anchor.pub/blog/tag/caribbean,0,2,0%,6.5
https://www.the-anchor.pub/blog/tag/ve-day,0,2,0%,6.5
https://www.the-anchor.pub/drinks/managers-special,0,2,0%,6.5
https://www.the-anchor.pub/blog/tag/guide,0,2,0%,7.5
https://www.the-anchor.pub/blog/tag/village-life,0,2,0%,7.5
https://www.the-anchor.pub/blog/tag/jewellery,0,2,0%,8
https://www.the-anchor.pub/blog/tag/market,0,2,0%,8
https://www.the-anchor.pub/blog/tag/mental-health,0,2,0%,8
https://the-anchor.pub/blog/tag/heathrow-area,0,2,0%,8.5
https://www.the-anchor.pub/blog/tag/advice,0,2,0%,9.5
https://www.the-anchor.pub/blog/tag/british-pie-week,0,2,0%,9.5
https://www.the-anchor.pub/blog/tag/italian,0,2,0%,10.5
https://www.the-anchor.pub/blog/tag/tequila,0,2,0%,14
https://www.the-anchor.pub/blog/tag/artisan,0,2,0%,14.5
https://www.the-anchor.pub/blog/tag/mexican,0,2,0%,16
https://www.the-anchor.pub/blog/page/3,0,2,0%,18.5
https://www.the-anchor.pub/blog/tag/peace-day,0,2,0%,22
https://www.the-anchor.pub/blog/tag/manager-picks,0,2,0%,23
https://www.the-anchor.pub/blog/buy-one-get-one-free-on-all-pizza-every-tuesday,0,2,0%,26
https://www.the-anchor.pub/blog/tag/new-arrival,0,2,0%,26
https://www.the-anchor.pub/blog/tag/careers,0,2,0%,32.5
https://www.the-anchor.pub/blog/this-december-at-the-anchor,0,2,0%,33.5
https://www.the-anchor.pub/post/womens-world-cup-final-the-anchor,0,2,0%,39.5
https://www.the-anchor.pub/blog?page=5,0,2,0%,44.5
https://www.the-anchor.pub/blog/tag/piano,0,2,0%,48
https://www.the-anchor.pub/drinks/johnnie-walker-black-label,0,2,0%,48.5
https://www.the-anchor.pub/blog/valentines-day-meal-offer-for-two,0,2,0%,51
https://www.the-anchor.pub/blog/quiz-night-at-the-anchor,0,2,0%,51.5
https://www.the-anchor.pub/drinks/makers-mark,0,2,0%,55
https://www.the-anchor.pub/blog/tag/february,0,1,0%,1
https://www.the-anchor.pub/blog/tag/hiring,0,1,0%,1
http://the-anchor.pub/,0,1,0%,2
https://www.the-anchor.pub/blog/tag/renovations,0,1,0%,2
https://www.the-anchor.pub/drinks/wine,0,1,0%,3
https://www.the-anchor.pub/blog/tag/limited-time,0,1,0%,6
https://www.the-anchor.pub/event-details/sunday-lunch-at-the-anchor-pre-order-before-saturday-at-1pm-2025-06-01-12-00/form,0,1,0%,6
https://www.the-anchor.pub/blog/tag/green,0,1,0%,7
https://www.the-anchor.pub/blog/tag/business-tips,0,1,0%,9
https://www.the-anchor.pub/blog/tag/variety,0,1,0%,9
https://www.the-anchor.pub/blog/tag/wellbeing,0,1,0%,9
https://www.the-anchor.pub/blog/easter-weekend-fun-at-the-anchor-pub,0,1,0%,10
https://www.the-anchor.pub/blog/tag/couples,0,1,0%,10
https://the-anchor.pub/blog/tag/business-tips,0,1,0%,11
https://www.the-anchor.pub/blog/tag/awareness,0,1,0%,11
https://www.the-anchor.pub/drinks/williams-chase-pink-grapefruit-gin,0,1,0%,11
https://www.the-anchor.pub/blog/tag/curry-night,0,1,0%,12
https://www.the-anchor.pub/blog/tag/weekly-specials,0,1,0%,12
https://www.the-anchor.pub/drinks/martini-extra-dry-vermouth,0,1,0%,12
https://www.the-anchor.pub/blog/tag/shrove-tuesday,0,1,0%,14
https://www.the-anchor.pub/blog/tag/service-change,0,1,0%,17
https://www.the-anchor.pub/blog/tag/december-events,0,1,0%,34
https://www.the-anchor.pub/blog/tag/world-photography-day,0,1,0%,36
https://www.the-anchor.pub/blog?page=2,0,1,0%,42
https://www.the-anchor.pub/blog/tag/community,0,1,0%,45
https://www.the-anchor.pub/blog?page=7,0,1,0%,45
https://the-anchor.pub/blog/reflecting-on-sacrifice-remembrance-day-observance,0,1,0%,47
https://www.the-anchor.pub/blog/free-pint-offer-this-november,0,1,0%,64
https://www.the-anchor.pub/blog/tag/opportunity,0,1,0%,92
https://www.the-anchor.pub/post/international-womens-day-the-anchor,0,1,0%,98
https://www.the-anchor.pub/blog/childrens-mental-health-week,0,1,0%,101