Top pages,Last 3 months Clicks,Previous 3 months Clicks,Last 3 months Impressions,Previous 3 months Impressions,Last 3 months CTR,Previous 3 months CTR,Last 3 months Position,Previous 3 months Position
https://www.the-anchor.pub/,467,140,11567,8915,4.04%,1.57%,12.06,21.19
https://www.the-anchor.pub/beer-garden,133,68,2173,1062,6.12%,6.4%,7.22,9.22
https://www.the-anchor.pub/sunday-lunch,78,41,1581,1611,4.93%,2.55%,6.2,13.9
https://the-anchor.pub/,75,215,1057,5343,7.1%,4.02%,15.05,16.69
https://www.the-anchor.pub/food-menu,51,18,5603,3919,0.91%,0.46%,8.64,10.04
https://www.the-anchor.pub/blog/fish-chips-guide,34,23,2708,1987,1.26%,1.16%,8.58,14.75
https://www.the-anchor.pub/christmas-parties,30,3,2130,745,1.41%,0.4%,10.77,26.92
https://www.the-anchor.pub/near-heathrow/terminal-5,27,6,2680,1423,1.01%,0.42%,15.43,25.39
https://www.the-anchor.pub/blog/ultimate-guide-to-traveling-as-a-digital-nomad-wit,23,6,529,190,4.35%,3.16%,13.02,31.31
https://www.the-anchor.pub/blog/best-sunday-roast-near-heathrow,21,0,454,0,4.63%,0%,7.6,0
https://www.the-anchor.pub/plane-spotting-heathrow,19,0,1391,0,1.37%,0%,10.08,0
https://www.the-anchor.pub/whats-on,18,10,4176,3125,0.43%,0.32%,7.53,8.45
https://www.the-anchor.pub/heathrow-parking,18,0,3250,0,0.55%,0%,30.08,0
https://www.the-anchor.pub/near-heathrow/terminal-2,18,11,1587,874,1.13%,1.26%,19.17,27.72
https://www.the-anchor.pub/near-heathrow,12,12,1186,931,1.01%,1.29%,11.06,18.5
https://www.the-anchor.pub/blog/diwali-celebration,12,1,155,31,7.74%,3.23%,10.37,19.97
https://www.the-anchor.pub/find-us,9,11,4040,5346,0.22%,0.21%,7.37,13.08
https://www.the-anchor.pub/near-heathrow/terminal-3,9,8,1796,916,0.5%,0.87%,12.62,20.44
https://www.the-anchor.pub/blog/christmas-events,9,2,840,277,1.07%,0.72%,8.13,49.56
https://www.the-anchor.pub/windsor-pub,9,2,535,257,1.68%,0.78%,9.13,25.03
https://www.the-anchor.pub/quiz-night,9,0,407,0,2.21%,0%,7.9,0
https://www.the-anchor.pub/function-room-hire,8,12,575,811,1.39%,1.48%,32.01,29.03
https://www.the-anchor.pub/m25-junction-14-pub,7,7,1794,435,0.39%,1.61%,8.63,13.28
https://www.the-anchor.pub/near-heathrow/terminal-4,7,2,901,446,0.78%,0.45%,15.6,20.04
https://www.the-anchor.pub/events/pub-quiz-night-2025-12-10,7,0,180,0,3.89%,0%,5.89,0
https://the-anchor.pub/food-menu,6,11,356,1262,1.69%,0.87%,5.01,5.88
https://www.the-anchor.pub/blog/cheap-heathrow-parking-alternatives,5,0,1196,0,0.42%,0%,24.53,0
https://www.the-anchor.pub/feltham-pub,5,1,539,413,0.93%,0.24%,10.24,18.26
https://www.the-anchor.pub/book-event,5,2,415,161,1.2%,1.24%,31.98,18.84
https://www.the-anchor.pub/drinks,4,2,3740,3243,0.11%,0.06%,8.83,15.3
https://www.the-anchor.pub/blog/inches-apple-cider,4,3,902,371,0.44%,0.81%,5.82,12.96
https://www.the-anchor.pub/blog/euro-2024-viewing,4,6,819,582,0.49%,1.03%,7.88,12.75
https://www.the-anchor.pub/blog/dog-friendly-pub,4,4,340,628,1.18%,0.64%,7.33,16.91
https://www.the-anchor.pub/events/twisted-fairytale-halloween-party-2025-11-01,4,0,162,0,2.47%,0%,5.21,0
https://www.the-anchor.pub/whats-on/drag-shows,4,6,158,70,2.53%,8.57%,8.84,14.93
https://www.the-anchor.pub/staines-pub,3,0,2595,1442,0.12%,0%,10.39,21.74
https://www.the-anchor.pub/stanwell-pub,3,4,746,343,0.4%,1.17%,4.93,8.29
https://www.the-anchor.pub/private-party-venue,3,2,410,113,0.73%,1.77%,25.08,17.6
https://www.the-anchor.pub/bedfont-pub,3,1,339,138,0.88%,0.72%,9.16,22.59
https://www.the-anchor.pub/blog/christmas-market,3,0,311,26,0.96%,0%,8.94,46.38
https://www.the-anchor.pub/heathrow-hotels-pub,3,1,193,127,1.55%,0.79%,12.09,23.17
https://www.the-anchor.pub/blog/curry-club-the-anchor,3,0,173,239,1.73%,0%,12.87,29.86
https://www.the-anchor.pub/blog/tag/live-matches,3,0,109,31,2.75%,0%,6.76,10.81
https://www.the-anchor.pub/blog/monthly-cash-bingo,3,1,77,32,3.9%,3.12%,34.12,7.47
https://www.the-anchor.pub/blog/new-dining-room,3,1,54,61,5.56%,1.64%,5.3,56.7
https://www.the-anchor.pub/blog/tag/christmas,3,0,34,38,8.82%,0%,5.85,34.76
https://www.the-anchor.pub/pizza-tuesday,2,3,2044,673,0.1%,0.45%,18.07,23.38
https://www.the-anchor.pub/blog/autumn-internationals-2024-full-fixtures-highlight,2,0,1183,2259,0.17%,0%,43.56,58.38
https://www.the-anchor.pub/corporate-events,2,0,775,862,0.26%,0%,51.42,53.81
https://www.the-anchor.pub/ashford-pub,2,1,270,131,0.74%,0.76%,11.06,16.38
https://www.the-anchor.pub/blog/a-personal-pub-for-personal-celebrations,2,2,196,116,1.02%,1.72%,23.36,27.1
https://www.the-anchor.pub/blog/sports-update,2,0,77,100,2.6%,0%,7.17,10.77
https://www.the-anchor.pub/blog/day-of-the-dead-halloween-party-costumes-dance-and,2,0,33,12,6.06%,0%,7.15,7.75
https://www.the-anchor.pub/blog/tag/november,2,0,23,5,8.7%,0%,6.65,38.4
https://www.the-anchor.pub/blog/pub-jobs-heathrow,2,0,7,15,28.57%,0%,6.71,40.6
https://www.the-anchor.pub/blog,1,2,2522,3350,0.04%,0.06%,7.02,7.65
https://www.the-anchor.pub/egham-pub,1,0,547,272,0.18%,0%,19.84,25.82
https://www.the-anchor.pub/blog/british-pie-week-2024,1,2,156,103,0.64%,1.94%,9.41,22.13
https://www.the-anchor.pub/events/pub-quiz-night-2025-10-01,1,1,153,21,0.65%,4.76%,5.35,5.24
https://www.the-anchor.pub/events/pub-quiz-night-2025-11-05,1,0,153,0,0.65%,0%,6.43,0
https://www.the-anchor.pub/blog/dog-travel-tips,1,2,146,189,0.68%,1.06%,10.76,21.23
https://www.the-anchor.pub/blog/tag/premier-league,1,0,141,0,0.71%,0%,6.82,0
https://www.the-anchor.pub/blog/sunday-lunch-at-the-anchor-is-back-pre-order-now,1,1,135,174,0.74%,0.57%,8.45,10.14
https://www.the-anchor.pub/events/sleigh-that-tune-2025-12-03,1,0,86,0,1.16%,0%,3.88,0
https://www.the-anchor.pub/events/bingo-night-2025-11-14,1,0,82,0,1.22%,0%,6.55,0
https://www.the-anchor.pub/heathrow-layover-dining,1,0,62,0,1.61%,0%,7.03,0
https://www.the-anchor.pub/blog/stanwell-moor-village,1,0,57,55,1.75%,0%,9.21,13.93
https://www.the-anchor.pub/blog/charity-walk-holly,1,3,41,67,2.44%,4.48%,14.54,16.82
https://www.the-anchor.pub/blog/experience-the-best-beer-at-a-great-pub-near-heath,1,1,38,147,2.63%,0.68%,10.95,21.77
https://www.the-anchor.pub/blog/5-star-food-rating,1,0,36,18,2.78%,0%,10.83,9.28
https://www.the-anchor.pub/blog/tag/christmas-market,1,0,24,7,4.17%,0%,6.54,24.71
https://www.the-anchor.pub/blog/music-bingo-nights,1,1,22,32,4.55%,3.12%,10.82,15.97
https://www.the-anchor.pub/blog/gameshow-house-party,1,0,15,21,6.67%,0%,5.6,25.19
https://www.the-anchor.pub/blog/tag/reviews,1,0,13,15,7.69%,0%,4.31,15.93
https://www.the-anchor.pub/blog/tag/irish,1,0,13,12,7.69%,0%,6.31,10.75
https://www.the-anchor.pub/blog/tag/jobs,1,1,12,6,8.33%,16.67%,6.67,11.33
https://www.the-anchor.pub/blog/tag/remote-work,1,1,8,16,12.5%,6.25%,8.62,21.31
https://www.the-anchor.pub/blog/tag/sunday-roast,1,0,7,21,14.29%,0%,4,14.33
https://www.the-anchor.pub/blog/tag/corporate,1,0,4,11,25%,0%,3.75,27.45
https://www.the-anchor.pub/blog/tag/bingo,1,0,4,7,25%,0%,8.25,12.43
https://www.the-anchor.pub/events/bingo-night-2025-08-29,1,0,1,15,100%,0%,1,5.27
https://www.the-anchor.pub/blog/tag/promotion,1,0,1,135,100%,0%,91,75.37
https://www.the-anchor.pub/drinks/jagerbomb,0,0,447,1624,0%,0%,1,2.32
https://www.the-anchor.pub/post/celebrating-life-and-spirits-day-of-the-dead-traditions,0,1,348,2506,0%,0.04%,1,42.44
https://www.the-anchor.pub/drinks/disaronno,0,0,246,2307,0%,0%,18.59,39.79
https://www.the-anchor.pub/restaurants-near-heathrow,0,0,178,0,0%,0%,32.93,0
https://www.the-anchor.pub/blog/peace-day-stanwell,0,0,161,91,0%,0%,12.01,16.01
https://www.the-anchor.pub/food/pizza,0,1,133,488,0%,0.2%,15.29,20.21
https://www.the-anchor.pub/blog/cheap-christmas-parties-heathrow,0,0,104,0,0%,0%,31.03,0
https://www.the-anchor.pub/drinks/aperol,0,0,96,434,0%,0%,1,1.89
https://www.the-anchor.pub/blog/tag/rugby,0,0,95,0,0%,0%,9.31,0
https://www.the-anchor.pub/drinks/newcastle-brown-ale,0,0,91,1109,0%,0%,1,31.38
https://www.the-anchor.pub/blog/tequila-and-tradition-how-agave-shapes-mexican-cul,0,0,89,107,0%,0%,16.99,38.9
https://www.the-anchor.pub/book-table,0,1,85,49,0%,2.04%,4.82,8.39
https://www.the-anchor.pub/blog/tequila-tasting-events,0,0,85,41,0%,0%,31.66,45.12
https://www.the-anchor.pub/blog/events-offers-2025,0,0,73,32,0%,0%,9.63,24.25
https://www.the-anchor.pub/blog/tag/indian-food,0,2,72,61,0%,3.28%,8.53,36.2
https://www.the-anchor.pub/blog/double-up-offer,0,2,68,43,0%,4.65%,8.71,14.23
https://www.the-anchor.pub/cash-bingo,0,0,59,0,0%,0%,14.66,0
https://www.the-anchor.pub/blog/day-of-the-dead-party,0,0,57,63,0%,0%,11.98,41.35
https://www.the-anchor.pub/drinks/jagermeister,0,0,56,478,0%,0%,1,31.87
https://www.the-anchor.pub/blog/pizza-deals-stanwell-heathrow-tuesdays,0,0,48,0,0%,0%,38.69,0
https://www.the-anchor.pub/blog/autumn-winter-menu,0,0,45,10,0%,0%,7.91,31.2
https://www.the-anchor.pub/blog/pet-friendly-business-tips,0,0,45,68,0%,0%,12.44,40.35
https://www.the-anchor.pub/blog/fathers-day-celebration,0,0,43,36,0%,0%,28.35,49.11
https://www.the-anchor.pub/blog/tag/pizza,0,0,41,46,0%,0%,7.34,16.46
https://www.the-anchor.pub/blog/sustainable-practices,0,2,41,20,0%,10%,40.1,51.15
https://www.the-anchor.pub/drinks/cointreau,0,0,40,179,0%,0%,1,22.09
https://www.the-anchor.pub/blog/national-burger-day,0,0,40,34,0%,0%,9.72,30.88
https://www.the-anchor.pub/events/bingo-night-2025-12-19,0,0,39,0,0%,0%,4.54,0
https://www.the-anchor.pub/blog/reflecting-on-sacrifice-remembrance-day-observance,0,0,38,4,0%,0%,9.66,29.25
https://www.the-anchor.pub/blog/ve-day-celebration,0,0,38,50,0%,0%,42.61,36.6
https://www.the-anchor.pub/blog/tag/pub-menu,0,0,37,18,0%,0%,3.27,21.44
https://www.the-anchor.pub/blog/pravha-beer,0,0,34,60,0%,0%,6.41,20.22
https://www.the-anchor.pub/drinks/jameson,0,0,33,821,0%,0%,1,30.84
https://www.the-anchor.pub/blog/tag/photography,0,0,31,6,0%,0%,16.68,10
https://www.the-anchor.pub/blog/premier-league-2024-25,0,0,28,41,0%,0%,7.57,11.02
https://www.the-anchor.pub/blog/tag/live-events,0,1,28,15,0%,6.67%,8.54,13.8
https://www.the-anchor.pub/blog/tag/quiz-night,0,0,28,31,0%,0%,9.75,25.1
https://www.the-anchor.pub/drinks/coors-light,0,3,26,2744,0%,0.11%,1,6.06
https://www.the-anchor.pub/blog/tag/local-area,0,0,26,97,0%,0%,5.12,45.33
https://www.the-anchor.pub/blog/tag/remembrance-day,0,0,25,6,0%,0%,11.36,39.5
https://www.the-anchor.pub/events/quiz-night-back-to-school-2025-09-03,0,0,25,7,0%,0%,14.04,27.86
https://www.the-anchor.pub/drinks/bushmills,0,0,24,1637,0%,0%,1,65.01
https://www.the-anchor.pub/blog/pancake-day-celebration,0,0,24,192,0%,0%,14.88,33.88
https://www.the-anchor.pub/blog/tag/events,0,1,23,23,0%,4.35%,7.04,15.04
https://www.the-anchor.pub/blog/tag/special-offers,0,0,23,0,0%,0%,12.78,0
https://www.the-anchor.pub/blog/drag-cabaret-nikki,0,0,23,20,0%,0%,20.48,29.8
https://www.the-anchor.pub/blog/tag/children,0,1,23,9,0%,11.11%,22.91,31.44
https://www.the-anchor.pub/blog/salami-day-pizza,0,0,21,28,0%,0%,9.29,49.18
https://www.the-anchor.pub/blog/rum-tasting-caribbean,0,0,20,7,0%,0%,6.45,30.14
https://www.the-anchor.pub/blog/tag/december,0,0,20,4,0%,0%,7.15,28.5
https://www.the-anchor.pub/blog/pub-etiquette-tips,0,0,20,62,0%,0%,10.55,25.52
https://www.the-anchor.pub/drinks/chambord,0,4,19,1722,0%,0.23%,1,56.22
https://www.the-anchor.pub/events/bingo-night-2025-09-19,0,0,19,16,0%,0%,9.53,7.25
https://www.the-anchor.pub/blog/calling-all-pool-players,0,0,17,31,0%,0%,5.24,42.87
https://www.the-anchor.pub/blog/tag/community,0,0,16,8,0%,0%,9.62,15.62
https://www.the-anchor.pub/blog/tag/british-history,0,1,15,12,0%,8.33%,3.73,18.17
https://www.the-anchor.pub/blog/tag/travel,0,0,15,0,0%,0%,9.07,0
https://www.the-anchor.pub/blog/botanist-gin-july-2025,0,0,15,17,0%,0%,9.93,23.06
https://www.the-anchor.pub/blog/tag/drinks,0,0,15,73,0%,0%,11.6,24.51
https://www.the-anchor.pub/blog/six-nations-rugby-at-the-anchor-2023,0,0,14,31,0%,0%,7,57.16
https://www.the-anchor.pub/blog/tag/spirits,0,0,14,8,0%,0%,7.79,27.62
https://www.the-anchor.pub/honey-bee-mine,0,0,13,321,0%,0%,1,17.89
https://www.the-anchor.pub/blog/spring-tasting-night,0,0,13,33,0%,0%,14.46,60.88
https://www.the-anchor.pub/blog/tag/feedback,0,0,13,1,0%,0%,33.23,6
https://www.the-anchor.pub/blog/tag/stanwell-moor,0,0,12,30,0%,0%,8.58,11.9
https://www.the-anchor.pub/blog/unique-events,0,0,12,15,0%,0%,8.58,21.6
https://www.the-anchor.pub/blog/christmas-2021,0,0,11,6,0%,0%,8.91,44.33
https://www.the-anchor.pub/blog/tag/food,0,1,11,14,0%,7.14%,9,17.57
https://www.the-anchor.pub/blog/st-patricks-day-2024,0,0,11,13,0%,0%,14.91,9.23
https://www.the-anchor.pub/blog/the-boys-are-back-in-town,0,0,11,24,0%,0%,15.45,31.75
https://www.the-anchor.pub/blog/new-menu-options-launching-february-1st-2023,0,0,11,36,0%,0%,19.91,13.58
https://www.the-anchor.pub/post/tequila-and-tradition-role-of-agave,0,4,10,755,0%,0.53%,1,19.88
https://www.the-anchor.pub/post/have-you-tried-kraken-rum,0,0,10,25,0%,0%,2.7,48.36
https://www.the-anchor.pub/blog/day-of-dead-traditions,0,0,10,5,0%,0%,8.3,35.4
https://www.the-anchor.pub/blog/25-off-kraken-rum-this-june-manager-s-special,0,0,10,14,0%,0%,9.1,29.79
https://www.the-anchor.pub/blog/cosy-pub-stanwell,0,0,10,25,0%,0%,9.3,38.52
https://www.the-anchor.pub/blog/st-patrick-s-day-2023,0,0,10,13,0%,0%,9.7,9.92
https://www.the-anchor.pub/events/bingo-night-2025-10-17,0,0,10,0,0%,0%,13.3,0
https://www.the-anchor.pub/drinks/sambuca-raspberry,0,2,9,265,0%,0.75%,1,23.72
https://www.the-anchor.pub/blog/tag/pool,0,0,9,14,0%,0%,5.11,7.43
https://www.the-anchor.pub/blog/tag/opening-hours,0,0,9,6,0%,0%,5.89,29.17
https://www.the-anchor.pub/blog/tag/burgers,0,0,9,10,0%,0%,7.33,19.9
https://www.the-anchor.pub/blog/tag/fish-and-chips,0,0,9,31,0%,0%,8,11.61
https://the-anchor.pub/blog/tag/sports,0,0,9,0,0%,0%,9.56,0
https://www.the-anchor.pub/blog/tequila-day-of-dead,0,0,9,3,0%,0%,10,27
https://www.the-anchor.pub/blog/tag/six-nations,0,0,9,0,0%,0%,11.78,0
https://www.the-anchor.pub/events/cosy-comforts-tasting-night-2025-11-07,0,0,8,0,0%,0%,2.88,0
https://www.the-anchor.pub/blog/tag/family-friendly,0,0,8,12,0%,0%,4.12,38.75
https://www.the-anchor.pub/blog/family-friendly-sunday-lunch-heathrow,0,0,8,0,0%,0%,7,0
https://www.the-anchor.pub/blog/prices-frozen-until-autumn-theanchor-pub,0,0,8,4,0%,0%,7.12,76.25
https://www.the-anchor.pub/blog/tag/heathrow-area,0,0,8,0,0%,0%,8.25,0
https://www.the-anchor.pub/blog/monthly-managers-special,0,0,8,20,0%,0%,9.5,18.8
https://www.the-anchor.pub/blog/tag/digital-nomad,0,0,7,18,0%,0%,5.14,19.56
https://www.the-anchor.pub/blog/christmas-fair-at-the-anchor,0,0,7,7,0%,0%,7.71,31.71
https://www.the-anchor.pub/blog/tag/sports,0,0,7,0,0%,0%,8,0
https://www.the-anchor.pub/blog/womens-day-celebration,0,0,7,7,0%,0%,44.29,20.14
https://www.the-anchor.pub/review-the-anchor,0,0,6,482,0%,0%,3.83,6.96
https://the-anchor.pub/blog/tag/premier-league,0,0,6,0,0%,0%,7,0
https://www.the-anchor.pub/blog/tag/diwali,0,0,6,1,0%,0%,8.17,1
https://www.the-anchor.pub/blog/community-feedback,0,0,6,4,0%,0%,24.33,42.75
https://www.the-anchor.pub/blog/jewellery-event,0,0,6,13,0%,0%,26.67,29
https://www.the-anchor.pub/blog/what-is-the-history-of-april-fools-day,0,0,5,6,0%,0%,2.6,18.67
https://www.the-anchor.pub/blog/what-is-race-night,0,0,5,19,0%,0%,3,42
https://www.the-anchor.pub/blog/tag/dog-friendly,0,0,5,453,0%,0%,3.2,4.37
https://www.the-anchor.pub/blog/stanwell-moor-brew,0,1,5,23,0%,4.35%,3.4,30.17
https://www.the-anchor.pub/blog/tag/savings,0,0,5,0,0%,0%,5,0
https://www.the-anchor.pub/blog/pet-ownership-benefits,0,0,5,11,0%,0%,7.2,61.45
https://www.the-anchor.pub/blog/piano-christmas-performance,0,0,5,0,0%,0%,9.6,0
https://www.the-anchor.pub/blog/tag/football,0,0,5,25,0%,0%,10.4,8.68
https://the-anchor.pub/blog/tag/rugby,0,0,5,0,0%,0%,33,0
https://www.the-anchor.pub/blog/tag/terrestrial-sport,0,0,5,0,0%,0%,36.8,0
https://www.the-anchor.pub/drinks/gordons-pink,0,1,5,964,0%,0.1%,49.2,66.04
https://www.the-anchor.pub/blog/tabs-are-changing,0,0,4,15,0%,0%,3.5,64
https://www.the-anchor.pub/blog/tag/team-sports,0,0,4,5,0%,0%,4,9.6
https://www.the-anchor.pub/blog/friday-extended-hours,0,0,4,0,0%,0%,5.75,0
https://www.the-anchor.pub/blog/tag/british-pie-week,0,0,4,4,0%,0%,8.75,42.75
https://www.the-anchor.pub/post/experience-the-magic-at-the-anchor-s-christmas-market,0,0,4,4,0%,0%,9.75,15
https://www.the-anchor.pub/blog/december-celebrations,0,0,4,27,0%,0%,10.75,41.04
https://www.the-anchor.pub/blog/tag/shopping,0,0,4,10,0%,0%,12,16
https://www.the-anchor.pub/blog/tag/artisan,0,0,4,3,0%,0%,14,18
https://www.the-anchor.pub/blog/tag/family-dining,0,0,4,3,0%,0%,17,5.33
https://www.the-anchor.pub/drinks/wine,0,6,3,688,0%,0.87%,1,9.4
https://www.the-anchor.pub/blog/tag/festive-menu,0,0,3,49,0%,0%,3.33,38.35
https://www.the-anchor.pub/blog/tag/volunteer,0,0,3,5,0%,0%,3.67,20.8
https://the-anchor.pub/blog/tag/romantic-dining,0,1,3,6,0%,16.67%,4,8.83
https://www.the-anchor.pub/blog/world-photography-day-embracing-stanwell-moor-s-ch,0,0,3,0,0%,0%,6,0
https://www.the-anchor.pub/blog/kindness-day,0,0,3,9,0%,0%,6.33,50.78
https://www.the-anchor.pub/blog/earth-day-cleanup,0,0,3,2,0%,0%,7,21
https://www.the-anchor.pub/blog/tag/environment,0,0,3,1,0%,0%,7,17
https://www.the-anchor.pub/sitemap-page,0,0,3,4,0%,0%,7,27.5
https://www.the-anchor.pub/blog/tag/private-dining,0,0,3,11,0%,0%,7.33,82.45
https://www.the-anchor.pub/privacy-policy,0,1,3,23,0%,4.35%,9.67,36.09
https://the-anchor.pub/blog/tag/special-offers,0,0,3,0,0%,0%,11,0
https://www.the-anchor.pub/blog/tag/pub-food,0,0,3,5,0%,0%,11.33,64.8
https://www.the-anchor.pub/blog/tag/dining,0,0,3,1,0%,0%,13,2
https://www.the-anchor.pub/blog/tag/manager-picks,0,0,3,0,0%,0%,17.67,0
https://www.the-anchor.pub/blog/tag/mexican-culture,0,0,3,7,0%,0%,19.33,20.71
https://www.the-anchor.pub/blog/tag/parties,0,0,3,22,0%,0%,59.33,80.45
https://www.the-anchor.pub/drinks/captain-morgan-gold-spiced-rum,0,0,2,138,0%,0%,1,51.01
https://www.the-anchor.pub/drinks/carling,0,13,2,4516,0%,0.29%,1,21.86
https://the-anchor.pub/blog/tag/dining,0,0,2,5,0%,0%,2,4.8
https://www.the-anchor.pub/blog/tag/careers,0,0,2,4,0%,0%,2.5,34
https://www.the-anchor.pub/blog/tag/pancake-day,0,0,2,27,0%,0%,3,31.74
https://www.the-anchor.pub/blog/tag/romantic-dining,0,0,2,5,0%,0%,4,9.2
https://www.the-anchor.pub/blog/tag/green,0,0,2,3,0%,0%,5,15.67
https://www.the-anchor.pub/blog?page=4,0,0,2,7,0%,0%,5.5,16
https://www.the-anchor.pub/blog/tag/drag-cabaret,0,0,2,2,0%,0%,6,4
https://www.the-anchor.pub/blog/new-year-celebration,0,0,2,4,0%,0%,6.5,14.5
https://www.the-anchor.pub/drinks/managers-special,0,0,2,0,0%,0%,6.5,0
https://www.the-anchor.pub/blog/tag/venue-hire,0,0,2,17,0%,0%,7,40.82
https://www.the-anchor.pub/blog/christmas-venue,0,1,2,80,0%,1.25%,7.5,44.39
https://www.the-anchor.pub/blog/tag/jewellery,0,0,2,2,0%,0%,8,18
https://the-anchor.pub/blog/tag/heathrow-area,0,0,2,0,0%,0%,8.5,0
https://www.the-anchor.pub/blog/tag/charity,0,0,2,6,0%,0%,9.5,37.5
https://www.the-anchor.pub/blog/keeping-up-appearances,0,0,2,3,0%,0%,10.5,46
https://www.the-anchor.pub/blog/tag/italian,0,0,2,2,0%,0%,10.5,12.5
https://www.the-anchor.pub/blog/womens-day-2024,0,0,2,4,0%,0%,10.5,24.5
https://www.the-anchor.pub/blog?page=3,0,0,2,25,0%,0%,11,29.36
https://www.the-anchor.pub/blog/rum-tasting-september,0,0,2,6,0%,0%,13.5,24.17
https://www.the-anchor.pub/blog/tag/kindness-day,0,0,2,3,0%,0%,13.5,5
https://www.the-anchor.pub/blog/tag/wifi,0,0,2,40,0%,0%,19,64.7
https://www.the-anchor.pub/blog/free-pint-offer-this-november,0,0,2,7,0%,0%,27.5,42.29
https://www.the-anchor.pub/post/traveling-digital-nomad-with-pet-guide,0,1,2,342,0%,0.29%,34,35.64
https://www.the-anchor.pub/event-details/gameshow-house-party-game-night-extravaganza,0,0,1,6,0%,0%,1,39.83
http://the-anchor.pub/,0,0,1,0,0%,0%,2,0
https://www.the-anchor.pub/blog/tag/renovations,0,0,1,0,0%,0%,2,0
https://www.the-anchor.pub/blog/tag/indian-culture,0,0,1,12,0%,0%,3,22.83
https://www.the-anchor.pub/blog/tag/live-sports,0,0,1,9,0%,0%,3,7.67
https://www.the-anchor.pub/blog/tag/culture,0,0,1,1,0%,0%,4,7
https://www.the-anchor.pub/blog/tag/guide,0,0,1,3,0%,0%,4,33.33
https://www.the-anchor.pub/post/the-botanist-gin-july-2025-managers-special-stanwell-moor,0,0,1,41,0%,0%,4,17.54
https://www.the-anchor.pub/blog/tag/market,0,0,1,3,0%,0%,5,14.33
https://www.the-anchor.pub/blog/this-december-at-the-anchor,0,0,1,4,0%,0%,5,26.25
https://www.the-anchor.pub/blog/quiz-night-at-the-anchor,0,0,1,4,0%,0%,7,61.75
https://www.the-anchor.pub/blog/tag/entertainment,0,0,1,9,0%,0%,7,42.11
https://www.the-anchor.pub/blog/tag/improvements,0,0,1,1,0%,0%,8,1
https://www.the-anchor.pub/blog/tag/mexican,0,0,1,2,0%,0%,8,33
https://www.the-anchor.pub/blog/tag/parking,0,0,1,0,0%,0%,8,0
https://www.the-anchor.pub/post/womens-world-cup-final-the-anchor,0,0,1,6,0%,0%,8,34.33
https://www.the-anchor.pub/blog/tag/business-tips,0,0,1,0,0%,0%,9,0
https://www.the-anchor.pub/blog/tag/mental-health,0,0,1,1,0%,0%,9,7
https://www.the-anchor.pub/blog/tag/variety,0,0,1,0,0%,0%,9,0
https://www.the-anchor.pub/blog/easter-weekend-fun-at-the-anchor-pub,0,0,1,3,0%,0%,10,81.67
https://www.the-anchor.pub/blog/tag/beer-garden,0,0,1,34,0%,0%,10,55.35
https://www.the-anchor.pub/blog/tag/couples,0,0,1,0,0%,0%,10,0
https://www.the-anchor.pub/blog/tag/music-bingo,0,0,1,11,0%,0%,10,11.45
https://www.the-anchor.pub/blog/valentines-day-meal-offer-for-two,0,0,1,14,0%,0%,10,59.64
https://www.the-anchor.pub/blog/winter-hours-cosy-times-at-the-anchor,0,0,1,96,0%,0%,10,80.42
https://the-anchor.pub/blog/tag/business-tips,0,0,1,0,0%,0%,11,0
https://www.the-anchor.pub/blog/tag/awareness,0,0,1,0,0%,0%,11,0
https://www.the-anchor.pub/blog/tag/cocktails,0,0,1,62,0%,0%,11,57.79
https://www.the-anchor.pub/blog/tag/village-pub,0,0,1,4,0%,0%,11,3.75
https://www.the-anchor.pub/images/page-headers/christmas-parties/christmas-parties.jpg,0,0,1,0,0%,0%,11,0
https://www.the-anchor.pub/images/page-headers/home/seasonal/christmas/page-headers-homepage.jpg,0,0,1,0,0%,0%,11,0
https://www.the-anchor.pub/blog/tag/beer,0,0,1,58,0%,0%,12,30.93
https://www.the-anchor.pub/blog/tag/ve-day,0,0,1,3,0%,0%,12,5.33
https://www.the-anchor.pub/blog/tag/weekly-specials,0,1,1,42,0%,2.38%,12,41.19
https://www.the-anchor.pub/drinks/martini-extra-dry-vermouth,0,0,1,259,0%,0%,12,43.51
https://www.the-anchor.pub/blog/tag/local-heroes,0,0,1,8,0%,0%,13,30
https://www.the-anchor.pub/blog/tag/responsibility,0,0,1,0,0%,0%,13,0
https://www.the-anchor.pub/blog/tag/shrove-tuesday,0,0,1,2,0%,0%,14,27.5
https://www.the-anchor.pub/blog/tag/service-change,0,0,1,0,0%,0%,17,0
https://www.the-anchor.pub/blog/tag/december-events,0,0,1,1,0%,0%,34,24
https://www.the-anchor.pub/blog/company-celebrations,0,1,1,121,0%,0.83%,40,24.42
http://www.the-anchor.pub/?utm_source=google&utm_medium=organic&utm_campaign=google_business,0,130,0,2470,0%,5.26%,0,12.84
https://www.the-anchor.pub/food,0,19,0,1648,0%,1.15%,0,9.42
https://www.the-anchor.pub/post/british-chip-shop-guide,0,15,0,2047,0%,0.73%,0,15.08
https://www.the-anchor.pub/drinks/el-pico-sauvignon-blanc,0,15,0,521,0%,2.88%,0,3.78
https://www.the-anchor.pub/post/sunday-lunch-at-the-anchor,0,10,0,287,0%,3.48%,0,14.28
https://www.the-anchor.pub/drinks/abbot-ale,0,8,0,1454,0%,0.55%,0,19.06
https://www.the-anchor.pub/drinks/el-pico-cabernet-sauvignon,0,8,0,305,0%,2.62%,0,11.98
https://www.the-anchor.pub/drinks/counterpoint-chardonnay,0,5,0,240,0%,2.08%,0,37.55
https://www.the-anchor.pub/drinks/desperados,0,4,0,3418,0%,0.12%,0,23.49
https://www.the-anchor.pub/post/tequila-cultural-significance-during-dia-de-los-muertos,0,3,0,536,0%,0.56%,0,18.26
https://www.the-anchor.pub/drinks/giorgio-and-gianni-spumante,0,3,0,134,0%,2.24%,0,7.55
https://www.the-anchor.pub/events/quiz-night-pub-pursuit-2025-08-13,0,3,0,47,0%,6.38%,0,17.06
https://www.the-anchor.pub/post/the-anchor-sustainability-journey,0,3,0,31,0%,9.68%,0,43.74
https://www.the-anchor.pub/drinks/baby-guinness,0,2,0,6050,0%,0.03%,0,33.76
https://www.the-anchor.pub/our-events,0,2,0,1456,0%,0.14%,0,8.66
https://www.the-anchor.pub/drinks/gordons,0,2,0,1342,0%,0.15%,0,36.13
https://www.the-anchor.pub/drinks/archers,0,2,0,912,0%,0.22%,0,26.85
https://www.the-anchor.pub/drinks/bacardi,0,2,0,855,0%,0.23%,0,5.04
https://www.the-anchor.pub/drinks/magners,0,2,0,722,0%,0.28%,0,28.97
https://www.the-anchor.pub/post/introducing-inches-apple-cider,0,2,0,196,0%,1.02%,0,15.56
https://www.the-anchor.pub/post/exciting-new-events-offers-the-anchor-2025,0,2,0,103,0%,1.94%,0,39.39
https://www.the-anchor.pub/post/what-makes-stanwell-moor-a-lovely-little-village,0,2,0,86,0%,2.33%,0,20.81
https://www.the-anchor.pub/drinks/aperol-spritz,0,2,0,86,0%,2.33%,0,35.41
https://www.the-anchor.pub/drinks/apple-and-blackberry-pie,0,2,0,64,0%,3.12%,0,15.8
https://www.the-anchor.pub/event-details/the-anchors-christmas-market-host-table-bookings,0,2,0,4,0%,50%,0,9.25
https://www.the-anchor.pub/post/autumn-internationals-2024-fixtures-key-matches,0,1,0,3922,0%,0.03%,0,58.96
https://www.the-anchor.pub/drinks/corona-extra,0,1,0,1730,0%,0.06%,0,26.79
https://www.the-anchor.pub/drinks/fosters,0,1,0,921,0%,0.11%,0,42.4
https://www.the-anchor.pub/drinks/san-miguel,0,1,0,741,0%,0.13%,0,19.77
https://www.the-anchor.pub/drinks/inches-cider,0,1,0,675,0%,0.15%,0,30.1
https://www.the-anchor.pub/drinks/glenmorangie,0,1,0,675,0%,0.15%,0,85.1
https://www.the-anchor.pub/drinks/piesporter-michelsberg,0,1,0,616,0%,0.16%,0,42.51
https://www.the-anchor.pub/post/enjoy-pravha-at-the-anchor,0,1,0,548,0%,0.18%,0,19.51
https://www.the-anchor.pub/post/pub-etiquette-night-out-manners-guide,0,1,0,399,0%,0.25%,0,24.73
https://www.the-anchor.pub/drinks/counterpoint-shiraz,0,1,0,384,0%,0.26%,0,8.43
https://www.the-anchor.pub/drinks/smirnoff-raspberry-crush-vodka,0,1,0,373,0%,0.27%,0,48.22
https://www.the-anchor.pub/drinks/jack-daniel's-apple,0,1,0,285,0%,0.35%,0,46.63
https://www.the-anchor.pub/drinks/hendricks,0,1,0,211,0%,0.47%,0,18.34
https://www.the-anchor.pub/drinks/bells,0,1,0,130,0%,0.77%,0,41.17
https://www.the-anchor.pub/drinks/martini-rosso,0,1,0,117,0%,0.85%,0,69.01
https://www.the-anchor.pub/drinks/captain-morgans-original-dark-rum,0,1,0,96,0%,1.04%,0,43.91
https://www.the-anchor.pub/drinks/three-pebbles-bay,0,1,0,91,0%,1.1%,0,13.75
https://www.the-anchor.pub/drinks/harvey's-bristol-cream,0,1,0,69,0%,1.45%,0,23.61
https://www.the-anchor.pub/drinks/jose-cuervo-silver-tequila,0,1,0,46,0%,2.17%,0,43.11
https://www.the-anchor.pub/event-details/pub-quiz-night-at-the-anchor-hosted-by-nish-2024-07-10-19-00,0,1,0,43,0%,2.33%,0,16.07
https://www.the-anchor.pub/post/why-stanwell-moor-village-is-the-perfect-location-for-a-cosy-pub,0,1,0,37,0%,2.7%,0,38.97
https://www.the-anchor.pub/post/prices-frozen-until-autumn-the-anchor-pub,0,1,0,36,0%,2.78%,0,20.11
https://www.the-anchor.pub/blog?page=5,0,1,0,25,0%,4%,0,12.24
https://www.the-anchor.pub/post/discover-unique-events-at-the-anchor,0,1,0,23,0%,4.35%,0,17.61
https://www.the-anchor.pub/post/introducing-new-dining-room-the-anchor,0,1,0,19,0%,5.26%,0,20.89
https://www.the-anchor.pub/join-the-team,0,1,0,17,0%,5.88%,0,23.06
https://the-anchor.pub/blog/prices-frozen-until-autumn-theanchor-pub,0,1,0,13,0%,7.69%,0,8.69
https://www.the-anchor.pub/post/2020-quiz-league,0,1,0,13,0%,7.69%,0,65.46
https://www.the-anchor.pub/event-details/ve-day-sing-along-karaoke-night-at-the-anchor,0,1,0,9,0%,11.11%,0,33.44
https://www.the-anchor.pub/post/diwali-2023-stanwell-moor-celebration,0,1,0,8,0%,12.5%,0,38
https://www.the-anchor.pub/event-details/nikki-manfadges-drag-cabaret-where-anything-goes-2025-03-28-19-00,0,1,0,6,0%,16.67%,0,3
https://www.the-anchor.pub/event-details/drag-cabaret-with-nikki-manfadge-where-anything-goes-2025-05-30-19-00-1,0,1,0,4,0%,25%,0,1.25
https://www.the-anchor.pub/event-details/sunday-lunch-at-the-anchor-pre-order-before-saturday-at-1pm-2025-07-13-12-00,0,1,0,2,0%,50%,0,3
https://www.the-anchor.pub/drinks/bombay-sapphire,0,0,0,6050,0%,0%,0,49.19
https://www.the-anchor.pub/drink,0,0,0,951,0%,0%,0,7.95
https://www.the-anchor.pub/drinks/greene-king-ipa,0,0,0,543,0%,0%,0,45.85
https://www.the-anchor.pub/post/opihr-gin-the-anchor,0,0,0,362,0%,0%,0,37.05
https://www.the-anchor.pub/post/bombay-sapphire-the-anchor-pub,0,0,0,327,0%,0%,0,70.83
https://www.the-anchor.pub/drinks/old-mout---berries-and-cherries,0,0,0,325,0%,0%,0,42.25
https://www.the-anchor.pub/drinks/grey-goose,0,0,0,324,0%,0%,0,46.47
https://www.the-anchor.pub/drinks/gordons-white-peach,0,0,0,270,0%,0%,0,36.71
https://www.the-anchor.pub/drinks/havana-club-7,0,0,0,267,0%,0%,0,29.36
https://www.the-anchor.pub/drinks/gold-ginger,0,0,0,260,0%,0%,0,38.94
https://www.the-anchor.pub/post/what-is-race-night,0,0,0,219,0%,0%,0,66.52
https://www.the-anchor.pub/drinks/gordons-sicilian-lemon,0,0,0,214,0%,0%,0,66.44
https://www.the-anchor.pub/post/the-importance-of-being-dog-friendly,0,0,0,198,0%,0%,0,33.8
https://www.the-anchor.pub/drinks/old-mout---watermelon-and-lime,0,0,0,189,0%,0%,0,16.39
https://www.the-anchor.pub/drinks/johnnie-and-ginger,0,0,0,175,0%,0%,0,19.07
https://www.the-anchor.pub/drinks/i-heart-pino-grigio,0,0,0,155,0%,0%,0,55.83
https://www.the-anchor.pub/drinks/drambuie,0,0,0,153,0%,0%,0,38.12
https://www.the-anchor.pub/drinks/malibu,0,0,0,153,0%,0%,0,39.61
https://www.the-anchor.pub/drinks/johnnie-walker-black-label,0,0,0,153,0%,0%,0,67.12
https://www.the-anchor.pub/post/what-is-the-history-of-april-fools-day,0,0,0,150,0%,0%,0,73.11
https://www.the-anchor.pub/drinks/ara-marlborough-sauvignon-blanc,0,0,0,133,0%,0%,0,32.23
https://www.the-anchor.pub/drinks/courvoisier,0,0,0,132,0%,0%,0,36.61
https://www.the-anchor.pub/drinks/giotto-pino-grigio,0,0,0,126,0%,0%,0,29.5
https://www.the-anchor.pub/drinks/bacardi-breeze,0,0,0,115,0%,0%,0,36.97
https://www.the-anchor.pub/drinks/williams-chase-pink-grapefruit-gin,0,0,0,111,0%,0%,0,42.5
https://www.the-anchor.pub/drinks/i-heart-merlot,0,0,0,108,0%,0%,0,21.72
https://www.the-anchor.pub/drinks/bailey's,0,0,0,98,0%,0%,0,48.27
https://www.the-anchor.pub/post/day-of-the-dead-anchor-pub-events,0,0,0,89,0%,0%,0,51.55
https://www.the-anchor.pub/drinks/olmeca,0,0,0,83,0%,0%,0,36.52
https://www.the-anchor.pub/post/remembrance-day-anchor-staines,0,0,0,76,0%,0%,0,37.96
https://www.the-anchor.pub/post/introducing-affordable-fosters-lager,0,0,0,59,0%,0%,0,25.49
https://www.the-anchor.pub/post/cash-bingo-the-anchor,0,0,0,55,0%,0%,0,70.24
https://www.the-anchor.pub/drinks/draught,0,0,0,48,0%,0%,0,37.67
https://www.the-anchor.pub/drinks/bailey's-hot-chocolate,0,0,0,46,0%,0%,0,60.8
https://www.the-anchor.pub/drinks/margarita-spritz,0,0,0,45,0%,0%,0,13.64
https://www.the-anchor.pub/post/great-pub-near-heathrow-new-beer-pumps-installed,0,0,0,44,0%,0%,0,58.7
https://www.the-anchor.pub/post/managers-special-the-anchor-pub,0,0,0,43,0%,0%,0,33.81
https://www.the-anchor.pub/post/pet-friendly-business-start,0,0,0,41,0%,0%,0,15.22
https://www.the-anchor.pub/subscribe,0,0,0,40,0%,0%,0,11.05
https://www.the-anchor.pub/drinks/havana-club-especial,0,0,0,40,0%,0%,0,54.2
https://www.the-anchor.pub/drinks/espresso-martini,0,0,0,40,0%,0%,0,78.6
https://www.the-anchor.pub/drinks/makers-mark,0,0,0,39,0%,0%,0,50.97
https://www.the-anchor.pub/post/pub-quiz-new-wave,0,0,0,38,0%,0%,0,39.18
https://www.the-anchor.pub/drinks/whiskey,0,0,0,34,0%,0%,0,19.79
https://www.the-anchor.pub/post/charity-walk-for-holly-fathers-mission,0,0,0,34,0%,0%,0,21.32
https://www.the-anchor.pub/post/ve-day-at-the-anchor,0,0,0,34,0%,0%,0,35.79
https://www.the-anchor.pub/drinks/ara-marl-sauvignon-rose,0,0,0,33,0%,0%,0,17.67
https://www.the-anchor.pub/post/international-womens-day-the-anchor,0,0,0,31,0%,0%,0,23.23
https://www.the-anchor.pub/drinks/jack-daniel's-honey,0,0,0,31,0%,0%,0,26.29
https://www.the-anchor.pub/blog/buy-one-get-one-free-on-all-pizza-every-tuesday,0,0,0,31,0%,0%,0,47.42
https://www.the-anchor.pub/drinks/birra-moretti,0,0,0,30,0%,0%,0,41.83
https://www.the-anchor.pub/post/pub-jobs-near-heathrow,0,0,0,28,0%,0%,0,29.11
https://www.the-anchor.pub/post/quiz-night-at-the-anchor,0,0,0,27,0%,0%,0,11.96
https://www.the-anchor.pub/drinks/kraken,0,0,0,27,0%,0%,0,34.3
https://www.the-anchor.pub/post/premier-league-2024-25-at-the-anchor,0,0,0,26,0%,0%,0,23.65
https://www.the-anchor.pub/post/celebrate-fathers-day-at-the-anchor,0,0,0,26,0%,0%,0,34.69
https://www.the-anchor.pub/post/british-pie-week-the-anchor,0,0,0,25,0%,0%,0,32.28
https://www.the-anchor.pub/blog/tag/craft-beer,0,0,0,24,0%,0%,0,25.08
https://www.the-anchor.pub/drinks/bottles,0,0,0,24,0%,0%,0,35.79
https://www.the-anchor.pub/drinks/tullamore,0,0,0,24,0%,0%,0,44.75
https://www.the-anchor.pub/blog/tag/traditional,0,0,0,22,0%,0%,0,15.27
https://www.the-anchor.pub/post/day-of-the-dead-halloween-party-the-anchor,0,0,0,22,0%,0%,0,18.45
https://www.the-anchor.pub/drinks/i-heart-sauvignon-blanc,0,0,0,22,0%,0%,0,27.59
https://www.the-anchor.pub/drinks/havana-club-3,0,0,0,22,0%,0%,0,36.59
https://www.the-anchor.pub/post/welcoming-ice-breaker-ipa-on-draught,0,0,0,20,0%,0%,0,13.95
https://www.the-anchor.pub/post/rum-tasting-night-stanwell-moor,0,0,0,20,0%,0%,0,19.25
https://www.the-anchor.pub/post/euro-2024-stanwell-moor-staines,0,0,0,20,0%,0%,0,23.25
https://www.the-anchor.pub/post/buy-one-get-one-free-pizza-deal,0,0,0,20,0%,0%,0,48.55
https://www.the-anchor.pub/post/drag-cabaret-nikki-manfadge-the-anchor,0,0,0,18,0%,0%,0,13.83
https://www.the-anchor.pub/blog/page/17,0,0,0,18,0%,0%,0,15.44
https://www.the-anchor.pub/drinks/spirits,0,0,0,18,0%,0%,0,32.89
https://www.the-anchor.pub/post/double-up-offer-the-anchor-pub,0,0,0,17,0%,0%,0,10.71
https://www.the-anchor.pub/post/random-acts-of-kindness-day-the-anchor,0,0,0,16,0%,0%,0,36.88
https://www.the-anchor.pub/drinks/rum,0,0,0,16,0%,0%,0,38.62
https://www.the-anchor.pub/drinks/jack-daniel's,0,0,0,16,0%,0%,0,44
https://www.the-anchor.pub/post/pancake-day-celebration-anchor,0,0,0,16,0%,0%,0,57.38
https://www.the-anchor.pub/events/nikki-s-karaoke-night-2025-08-22,0,0,0,15,0%,0%,0,10.73
https://www.the-anchor.pub/event-details/monthly-cash-bingo-night-50-jackpot-chip-shop-fridays-2025-07-18-18-00,0,0,0,15,0%,0%,0,15.47
https://www.the-anchor.pub/drinks/cocktails,0,0,0,15,0%,0%,0,40.2
https://www.the-anchor.pub/event-details/the-anchors-glitzy-new-years-eve-bash,0,0,0,14,0%,0%,0,9.43
https://www.the-anchor.pub/drinks/gris-des-signeurs,0,0,0,14,0%,0%,0,27
https://www.the-anchor.pub/post/stanwell-moor-brew-craft-beer,0,0,0,14,0%,0%,0,33.57
https://www.the-anchor.pub/post/christmas-2023-events-the-anchor,0,0,0,14,0%,0%,0,48.5
https://www.the-anchor.pub/blog/tag/british-celebrations,0,0,0,14,0%,0%,0,76
https://the-anchor.pub/m25-junction-14-pub,0,0,0,13,0%,0%,0,7.38
https://www.the-anchor.pub/post/buy-one-get-one-half-price-on-all-dine-in-pizza-every-tuesday,0,0,0,13,0%,0%,0,26.69
https://www.the-anchor.pub/drinks/guinness,0,0,0,13,0%,0%,0,35.46
https://www.the-anchor.pub/drinks/i-heart-chardonnay,0,0,0,12,0%,0%,0,33.58
https://www.the-anchor.pub/post/monthly-music-bingo-nights,0,0,0,12,0%,0%,0,37
https://www.the-anchor.pub/post/st-patricks-day-2024-celebration-the-anchor,0,0,0,12,0%,0%,0,81.42
https://www.the-anchor.pub/blog/tag/piano,0,0,0,11,0%,0%,0,27.64
https://www.the-anchor.pub/blog/tag/british-cuisine,0,0,0,11,0%,0%,0,29
https://www.the-anchor.pub/event-details/two-for-tuesdays-buy-one-get-one-free-pizza-night-2025-08-05-18-00,0,0,0,10,0%,0%,0,2.8
https://www.the-anchor.pub/blog/tag/pub-culture,0,0,0,9,0%,0%,0,21
https://www.the-anchor.pub/event-details/quiz-night-with-nish-diwali-fireworks-remembrance-day-special,0,0,0,9,0%,0%,0,31.78
https://www.the-anchor.pub/event-details/two-for-tuesdays-buy-one-get-one-free-pizza-night-2025-07-22-18-00,0,0,0,9,0%,0%,0,42.22
https://www.the-anchor.pub/event-details/christmas-special-pub-quiz-night,0,0,0,9,0%,0%,0,43.56
https://www.the-anchor.pub/blog/mothers-day-at-the-anchor-march-19th,0,0,0,9,0%,0%,0,44
https://www.the-anchor.pub/blog/tag/new-arrival,0,0,0,9,0%,0%,0,54.44
https://www.the-anchor.pub/blog/valentines-special,0,0,0,9,0%,0%,0,78.89
https://www.the-anchor.pub/blog/tag/annual-celebrations,0,0,0,9,0%,0%,0,79.89
https://the-anchor.pub/blog/tequila-and-tradition-how-agave-shapes-mexican-cul,0,0,0,8,0%,0%,0,8.25
https://www.the-anchor.pub/blog/tag/curry-night,0,0,0,8,0%,0%,0,13.75
https://www.the-anchor.pub/post/kraken-rum-offer-stanwell-moor,0,0,0,8,0%,0%,0,13.88
https://www.the-anchor.pub/blog/tag/comedy,0,0,0,8,0%,0%,0,23.38
https://www.the-anchor.pub/blog/tag/czech-beer,0,0,0,8,0%,0%,0,26
https://www.the-anchor.pub/blog/page/3,0,0,0,8,0%,0%,0,36.62
https://www.the-anchor.pub/event-details/chip-shop-fridays-50-off-for-over-65s-2025-06-27-18-00,0,0,0,8,0%,0%,0,43.88
https://www.the-anchor.pub/post/mothers-day,0,0,0,8,0%,0%,0,54.12
https://www.the-anchor.pub/drinks/i-heart-rose,0,0,0,7,0%,0%,0,9.43
https://www.the-anchor.pub/post/zombie-apocalypse-halloween-party-at-the-anchor,0,0,0,7,0%,0%,0,39.71
https://www.the-anchor.pub/book-table?tab=sunday,0,0,0,6,0%,0%,0,2.33
https://www.the-anchor.pub/events/cash-bingo-2025-07-18,0,0,0,6,0%,0%,0,10.67
https://www.the-anchor.pub/blog?page=6,0,0,0,6,0%,0%,0,13.67
https://www.the-anchor.pub/event-details/pub-pursuit-live-the-ultimate-quiz-night-at-the-anchor-2025-06-04-19-00,0,0,0,6,0%,0%,0,15.5
https://www.the-anchor.pub/event-details/pub-pursuit-live-the-ultimate-quiz-night-at-the-anchor-2025-07-02-19-00,0,0,0,6,0%,0%,0,16.33
https://www.the-anchor.pub/blog?page=7,0,0,0,6,0%,0%,0,17.17
https://www.the-anchor.pub/drinks/liqueurs,0,0,0,6,0%,0%,0,21.67
https://www.the-anchor.pub/blog/tag/village-life,0,0,0,6,0%,0%,0,23.5
https://www.the-anchor.pub/blog/tag/sustainability,0,0,0,6,0%,0%,0,26.67
https://www.the-anchor.pub/post/tequila-tasting-night,0,0,0,6,0%,0%,0,37.5
https://www.the-anchor.pub/post/the-anchor-christmas-2023-celebrations,0,0,0,6,0%,0%,0,37.5
https://www.the-anchor.pub/post/autumn-winter-menu,0,0,0,6,0%,0%,0,54.33
https://www.the-anchor.pub/event-details/sunday-lunch-at-the-anchor-pre-order-before-saturday-at-1pm-2025-06-01-12-00/form,0,0,0,5,0%,0%,0,2.6
https://www.the-anchor.pub/blog/tag/caribbean,0,0,0,5,0%,0%,0,5.2
https://www.the-anchor.pub/blog/tag/march,0,0,0,5,0%,0%,0,10.8
https://www.the-anchor.pub/post/welcoming-old-mout,0,0,0,5,0%,0%,0,13
https://www.the-anchor.pub/blog/tag/tasting-events,0,0,0,5,0%,0%,0,14.4
https://www.the-anchor.pub/event-details/high-heels-house-party-with-nikki-manfadge,0,0,0,5,0%,0%,0,17.6
https://www.the-anchor.pub/blog/tag/peace-day,0,0,0,5,0%,0%,0,21.8
https://www.the-anchor.pub/event-details/two-for-tuesdays-buy-one-get-one-free-pizza-night-2025-05-13-18-00,0,0,0,5,0%,0%,0,24.4
https://www.the-anchor.pub/blog?page=2,0,0,0,5,0%,0%,0,26.8
https://www.the-anchor.pub/event-details/day-of-the-dead-fancy-dress-halloween-party,0,0,0,5,0%,0%,0,31.4
https://www.the-anchor.pub/blog/tag/new-menu,0,0,0,5,0%,0%,0,34.8
https://www.the-anchor.pub/privacy-and-cookie-policy,0,0,0,5,0%,0%,0,41.8
https://www.the-anchor.pub/blog/tag/british,0,0,0,5,0%,0%,0,42
https://www.the-anchor.pub/post/hop-into-the-easter-weekend-at-the-anchor-pub-fun-food-and-festivities,0,0,0,5,0%,0%,0,59.4
https://www.the-anchor.pub/blog/tag/september,0,0,0,4,0%,0%,0,4.5
https://www.the-anchor.pub/blog/tag/cider,0,0,0,4,0%,0%,0,6
https://the-anchor.pub/blog/stanwell-moor-village,0,0,0,4,0%,0%,0,8.75
https://www.the-anchor.pub/event-details/two-for-tuesdays-buy-one-get-one-free-pizza-night-2025-04-29-18-00,0,0,0,4,0%,0%,0,13.75
https://www.the-anchor.pub/post/book-valentines-day-the-anchor,0,0,0,4,0%,0%,0,14.75
https://www.the-anchor.pub/post/pizza-anyone,0,0,0,4,0%,0%,0,18.25
https://www.the-anchor.pub/drinks/budweiser,0,0,0,4,0%,0%,0,24
https://www.the-anchor.pub/drinks/gentlemen's-collection,0,0,0,4,0%,0%,0,24
https://the-anchor.pub/blog/tag/world-photography-day,0,0,0,4,0%,0%,0,24.5
https://the-anchor.pub/blog/world-photography-day-embracing-stanwell-moor-s-ch,0,0,0,4,0%,0%,0,27.5
https://www.the-anchor.pub/post/six-nations-rugby-at-the-anchor-2023,0,0,0,4,0%,0%,0,27.75
https://www.the-anchor.pub/blog/tag/valentines,0,0,0,4,0%,0%,0,31.25
https://www.the-anchor.pub/blog/tag/opportunity,0,0,0,4,0%,0%,0,34.25
https://www.the-anchor.pub/blog/tag/lunch,0,0,0,4,0%,0%,0,36.25
https://www.the-anchor.pub/event-details/sunday-lunch-at-the-anchor-pre-order-before-saturday-at-1pm-2025-06-29-12-00,0,0,0,3,0%,0%,0,1
https://www.the-anchor.pub/event-details/two-for-tuesdays-buy-one-get-one-free-pizza-night-2025-11-18-18-00,0,0,0,3,0%,0%,0,1
https://www.the-anchor.pub/blog/tag/romance,0,0,0,3,0%,0%,0,8.67
https://www.the-anchor.pub/event-details/chip-shop-fridays-50-off-for-over-65s-2025-04-18-18-00,0,0,0,3,0%,0%,0,8.67
https://www.the-anchor.pub/post/what-s-new-at-the-anchor,0,0,0,3,0%,0%,0,8.67
https://www.the-anchor.pub/post/extended-opening-hours-fridays,0,0,0,3,0%,0%,0,11.33
https://www.the-anchor.pub/blog/tag/new-arrivals,0,0,0,3,0%,0%,0,18.67
https://www.the-anchor.pub/post/international-day-of-peace-stanwell-moor,0,0,0,3,0%,0%,0,19.33
https://www.the-anchor.pub/blog/tag/pub-life,0,0,0,3,0%,0%,0,22.67
https://www.the-anchor.pub/post/gameshow-house-party-the-anchor,0,0,0,3,0%,0%,0,23.67
https://www.the-anchor.pub/blog/tag/february,0,0,0,3,0%,0%,0,28
https://www.the-anchor.pub/post/rum-tasting-night-june-success,0,0,0,3,0%,0%,0,28
https://www.the-anchor.pub/blog/tag/improvement,0,0,0,3,0%,0%,0,35.33
https://www.the-anchor.pub/event-details/chip-shop-fridays-50-off-for-over-65s-2025-02-28-18-00,0,0,0,3,0%,0%,0,37.67
https://www.the-anchor.pub/blog/page/7,0,0,0,3,0%,0%,0,42.67
https://www.the-anchor.pub/blog/tag/local-brew,0,0,0,3,0%,0%,0,44
https://www.the-anchor.pub/event-details/heel-of-fortune-the-gameshow-house-party,0,0,0,3,0%,0%,0,50.33
https://www.the-anchor.pub/blog/page/5,0,0,0,3,0%,0%,0,51
https://www.the-anchor.pub/post/international-women-s-day-celebrating-the-achievements-of-women,0,0,0,3,0%,0%,0,72.33
https://www.the-anchor.pub/post/2019-feedback-survey,0,0,0,3,0%,0%,0,81
https://www.the-anchor.pub/blog/tag/limited-time,0,0,0,2,0%,0%,0,4.5
https://www.the-anchor.pub/event-details/chip-shop-fridays-50-off-for-over-65s-2025-02-21-18-00,0,0,0,2,0%,0%,0,5.5
https://www.the-anchor.pub/blog/tag/games,0,0,0,2,0%,0%,0,7
https://www.the-anchor.pub/blog/tag/local-life,0,0,0,2,0%,0%,0,8
https://www.the-anchor.pub/blog/tag/wednesday,0,0,0,2,0%,0%,0,8.5
https://www.the-anchor.pub/blog?page=8,0,0,0,2,0%,0%,0,8.5
https://www.the-anchor.pub/blog/tag/advice,0,0,0,2,0%,0%,0,9.5
https://www.the-anchor.pub/event-details/sunday-lunch-at-the-anchor-pre-order-before-saturday-at-1pm-2025-05-11-12-00,0,0,0,2,0%,0%,0,10
https://www.the-anchor.pub/event-details/valentines-at-the-anchor-free-prosecco-delicious-dining,0,0,0,2,0%,0%,0,10
https://www.the-anchor.pub/blog/tag/tequila,0,0,0,2,0%,0%,0,14
https://www.the-anchor.pub/blog/tag/hiring,0,0,0,2,0%,0%,0,14.5
https://www.the-anchor.pub/drinks/stella-artois,0,0,0,2,0%,0%,0,17
https://www.the-anchor.pub/blog/tag/st-patricks-day,0,0,0,2,0%,0%,0,19.5
https://www.the-anchor.pub/event-details/paint-with-pals-a-relaxing-evening-of-art,0,0,0,2,0%,0%,0,25.5
https://www.the-anchor.pub/blog/tag/etiquette,0,0,0,2,0%,0%,0,26
https://www.the-anchor.pub/event-details/chip-shop-fridays-50-off-for-over-65s-2025-04-25-18-00,0,0,0,2,0%,0%,0,33.5
https://www.the-anchor.pub/blog/tag/race-night,0,0,0,2,0%,0%,0,40.5
https://www.the-anchor.pub/event-details/tequila-tasting-night-dia-de-muertos-celebration-at-the-anchor,0,0,0,2,0%,0%,0,50
https://www.the-anchor.pub/post/world-salami-day-pizza-offerings,0,0,0,2,0%,0%,0,66.5
https://the-anchor.pub/blog/reflecting-on-sacrifice-remembrance-day-observance,0,0,0,2,0%,0%,0,67.5
https://www.the-anchor.pub/post/bar-staff-wanted,0,0,0,2,0%,0%,0,74
https://www.the-anchor.pub/blog/tag/traditions,0,0,0,2,0%,0%,0,75.5
https://www.the-anchor.pub/blog/tag/monthly-events,0,0,0,1,0%,0%,0,1
https://www.the-anchor.pub/event-details/chip-shop-fridays-50-off-for-over-65s-2025-09-05-18-00,0,0,0,1,0%,0%,0,1
https://www.the-anchor.pub/event-details/sunday-lunch-at-the-anchor-pre-order-before-saturday-at-1pm-2025-10-19-12-00,0,0,0,1,0%,0%,0,1
https://www.the-anchor.pub/event-details/sunday-lunch-at-the-anchor-pre-order-before-saturday-at-1pm-2025-10-26-12-00,0,0,0,1,0%,0%,0,1
https://www.the-anchor.pub/event-details/two-for-tuesdays-buy-one-get-one-free-pizza-night-2025-07-01-18-00,0,0,0,1,0%,0%,0,1
https://www.the-anchor.pub/event-details/mothers-day-sunday-lunch-at-the-anchor,0,0,0,1,0%,0%,0,3
https://www.the-anchor.pub/blog/tag/leagues,0,0,0,1,0%,0%,0,4
https://www.the-anchor.pub/blog/tag/womens-day,0,0,0,1,0%,0%,0,4
https://www.the-anchor.pub/event-details/drag-cabaret-with-nikki-manfadge-where-anything-goes-2025-08-29-19-00,0,0,0,1,0%,0%,0,4
https://www.the-anchor.pub/event-details/pub-pursuit-live-the-ultimate-quiz-night-at-the-anchor-2025-05-07-19-00,0,0,0,1,0%,0%,0,5
https://www.the-anchor.pub/event-details/pub-quiz-night-at-the-anchor-hosted-by-nish-2024-10-09-19-00,0,0,0,1,0%,0%,0,5
https://www.the-anchor.pub/event-details/rum-tasting-night-a-caribbean-escape,0,0,0,1,0%,0%,0,5
https://www.the-anchor.pub/event-details/sunday-lunch-at-the-anchor-pre-order-before-saturday-at-1pm-2025-12-07-12-00,0,0,0,1,0%,0%,0,5
https://www.the-anchor.pub/event-details/gameshow-house-party-2025-06-27-19-00,0,0,0,1,0%,0%,0,6
https://www.the-anchor.pub/event-details/monthly-cash-bingo-night-50-jackpot-chip-shop-fridays-2025-05-02-18-00,0,0,0,1,0%,0%,0,6
https://www.the-anchor.pub/event-details/monthly-cash-bingo-night-jackpot-chip-shop-fridays-2025-02-28-18-00,0,0,0,1,0%,0%,0,6
https://www.the-anchor.pub/heel-of-fortune,0,0,0,1,0%,0%,0,6
https://www.the-anchor.pub/post/creations-by-lee-jewellery-event-anchor,0,0,0,1,0%,0%,0,8
https://www.the-anchor.pub/blog/tag/celebration,0,0,0,1,0%,0%,0,9
https://www.the-anchor.pub/blog/tag/monthly,0,0,0,1,0%,0%,0,9
https://www.the-anchor.pub/blog/tag/wellbeing,0,0,0,1,0%,0%,0,9
https://www.the-anchor.pub/blog/categories/updates,0,0,0,1,0%,0%,0,10
https://www.the-anchor.pub/blog/tag/celebrations,0,0,0,1,0%,0%,0,10
https://www.the-anchor.pub/drinks/sambuca-chilli,0,0,0,1,0%,0%,0,10
https://www.the-anchor.pub/blog/tag/summer,0,0,0,1,0%,0%,0,14
https://www.the-anchor.pub/drinks/jack-daniel's-apple,0,0,0,1,0%,0%,0,20
https://www.the-anchor.pub/event-details/two-for-tuesdays-buy-one-get-one-free-pizza-night-2025-05-06-18-00,0,0,0,1,0%,0%,0,34
https://www.the-anchor.pub/blog/tag/world-photography-day,0,0,0,1,0%,0%,0,36
https://www.the-anchor.pub/blog/tag/listening,0,0,0,1,0%,0%,0,46
https://www.the-anchor.pub/event-details/two-for-tuesdays-buy-one-get-one-free-pizza-night-2025-06-17-18-00,0,0,0,1,0%,0%,0,46
https://www.the-anchor.pub/post/mothers-day-celebration-anchor,0,0,0,1,0%,0%,0,47
https://www.the-anchor.pub/event-details/chip-shop-fridays-50-off-for-over-65s-2025-10-31-18-00,0,0,0,1,0%,0%,0,54
https://www.the-anchor.pub/blog/tag/entrepreneurship,0,0,0,1,0%,0%,0,57
https://www.the-anchor.pub/blog/tag/seasonal,0,0,0,1,0%,0%,0,58
https://www.the-anchor.pub/post/the-anchor-2024-updates,0,0,0,1,0%,0%,0,70
https://www.the-anchor.pub/event-details/chip-shop-fridays-50-off-for-over-65s-2025-05-16-18-00,0,0,0,1,0%,0%,0,74
https://www.the-anchor.pub/post/make-father-s-day-special,0,0,0,1,0%,0%,0,78
https://www.the-anchor.pub/event-details/gameshow-house-party-fortunate-families-edition,0,0,0,1,0%,0%,0,84
https://www.the-anchor.pub/post/mother-s-day-at-the-anchor,0,0,0,1,0%,0%,0,91
https://www.the-anchor.pub/post/easter-weekend-at-the-anchor,0,0,0,1,0%,0%,0,94
https://www.the-anchor.pub/blog/childrens-mental-health-week,0,0,0,1,0%,0%,0,101