Top queries,Last 3 months Clicks,Previous 3 months Clicks,Last 3 months Impressions,Previous 3 months Impressions,Last 3 months CTR,Previous 3 months CTR,Last 3 months Position,Previous 3 months Position
the anchor stanwell moor,110,96,307,307,35.83%,31.27%,1.2,1.22
the anchor heathrow,39,6,111,34,35.14%,17.65%,1.58,1.18
the anchor staines,33,26,141,109,23.4%,23.85%,1.04,1.18
the anchor,30,27,470,748,6.38%,3.61%,12.52,21.27
the anchor pub,16,8,1386,1474,1.15%,0.54%,7.54,9.9
sunday roast near heathrow airport,11,0,59,13,18.64%,0%,3.53,4.15
sunday roast heathrow airport,8,2,55,15,14.55%,13.33%,3.71,6.13
anchor stanwell moor,8,8,18,28,44.44%,28.57%,1,1.25
best fish and chips near heathrow airport,7,3,64,55,10.94%,5.45%,4.84,7.11
the anchor pub stanwell moor,7,2,42,7,16.67%,28.57%,1.02,1
the anchor pub heathrow,7,0,24,0,29.17%,0%,1,0
the anchor staines menu,7,1,23,7,30.43%,14.29%,1.87,1.86
anchor pub,5,4,460,690,1.09%,0.58%,9.21,11.71
the anchor stanwell,5,3,11,10,45.45%,30%,1,1
pubs near heathrow,3,1,180,71,1.67%,1.41%,10.14,19.03
heathrow plane spotting locations,3,0,67,1,4.48%,0%,13.04,61
roast dinner near me,3,1,64,45,4.69%,2.22%,15.2,15.53
fish and chips near heathrow airport,3,3,61,73,4.92%,4.11%,4.7,7.38
m25 junction 14,2,0,322,10,0.62%,0%,9.83,11.1
pubs near me,2,4,133,254,1.5%,1.57%,17.35,14.37
pubs near heathrow terminal 5,2,5,73,106,2.74%,4.72%,7.19,10.94
sunday roast near me,2,4,73,106,2.74%,3.77%,14.01,14.9
pubs near heathrow terminal 3,2,1,35,41,5.71%,2.44%,7.26,11.85
christmas party pub staines,1,0,514,80,0.19%,0%,5.86,12.15
restaurants near me,1,1,146,238,0.68%,0.42%,22.16,13.3
heathrow pub,1,0,94,36,1.06%,0%,8.47,16.31
heathrow fish and chips,1,0,84,51,1.19%,0%,8.27,9.98
sunday roast staines,1,0,69,2,1.45%,0%,11.68,18
2 for tuesday,1,0,67,1,1.49%,0%,8.18,33
pubs near heathrow terminal 4,1,0,55,96,1.82%,0%,11.15,11.78
stanwell parking,1,0,49,0,2.04%,0%,8.84,0
pubs in staines,1,0,36,165,2.78%,0%,25.97,30.55
stanwell pubs,1,0,32,67,3.12%,0%,5.31,5.49
anchor quiz,1,0,30,0,3.33%,0%,7.47,0
pubs heathrow,1,0,27,1,3.7%,0%,6.37,8
the anchor sunday roast,1,0,25,42,4%,0%,9.28,6.12
roast near me,1,0,25,16,4%,0%,16.08,12.88
restaurant near me,1,0,19,26,5.26%,0%,18.21,23.38
christmas market near heathrow,1,0,18,0,5.56%,0%,7.28,0
country pubs near heathrow airport,1,1,17,47,5.88%,2.13%,10.59,10.43
christmas dinner near me,1,0,17,4,5.88%,0%,14.29,21
restaurants near heathrow,1,0,14,1,7.14%,0%,35.57,2
pub quiz near me,1,0,13,1,7.69%,0%,10,5
anchor restaurant,1,0,9,9,11.11%,0%,6.89,28.67
the anchor events,1,0,8,9,12.5%,0%,3,4.67
christmas day dinner near me,1,0,8,2,12.5%,0%,20.75,12.5
restaurants near heathrow terminal 5,1,0,7,18,14.29%,0%,23.86,39.11
private dining near me,1,1,7,2,14.29%,50%,26.43,14
christmas day lunch near me,1,0,6,2,16.67%,0%,6.83,11.5
christmas lunch near me,1,0,6,3,16.67%,0%,9.83,13.67
pub near me with food,1,0,4,0,25%,0%,1,0
sunday roast near me open now,1,0,4,3,25%,0%,3.5,9.33
restaurants in terminal 5 heathrow,1,0,4,1,25%,0%,27,36
karaoke near me,1,0,3,5,33.33%,0%,16.33,19
places to eat near heathrow terminal 5,1,0,3,20,33.33%,0%,21,35.4
christmas day dinners near me,1,0,3,0,33.33%,0%,28.33,0
xmas dinner 2025 near me,1,0,2,0,50%,0%,2.5,0
the anchor food,1,0,2,0,50%,0%,4.5,0
good roast dinners near me,1,0,2,3,50%,0%,5,23.67
best christmas lunch near me,1,0,2,0,50%,0%,9,0
carvery near me,1,0,2,3,50%,0%,15,6.33
christmas parties 2025 near me,1,0,1,0,100%,0%,1,0
silent disco new years eve,1,0,1,0,100%,0%,1,0
top rated sunday roast,1,0,1,0,100%,0%,1,0
christmas dinner london pub,1,0,1,0,100%,0%,2,0
pub grub,1,0,1,0,100%,0%,2,0
pubs egham,1,0,1,5,100%,0%,2,50.2
pubs near me sunday roast,1,0,1,0,100%,0%,2,0
pubs west drayton,1,0,1,0,100%,0%,2,0
sunday roast delivery near me,1,0,1,0,100%,0%,2,0
chef and brewer,1,0,1,0,100%,0%,3,0
specials at papa murphy's today,1,0,1,0,100%,0%,3,0
airline pub,1,0,1,0,100%,0%,4,0
christmas party near me,1,0,1,0,100%,0%,6,0
heathrow terminal 2 short stay parking,1,0,1,0,100%,0%,6,0
best christmas meals near me,1,0,1,0,100%,0%,58,0
british pub food menu staines,0,0,662,214,0%,0%,11.26,15.35
sunday roasts staines,0,0,474,76,0%,0%,9.73,33.96
junction 14 m25,0,0,381,34,0%,0%,8.81,9.24
two for tuesday deals,0,0,308,0,0%,0%,32.05,0
pubs with private rooms in staines,0,0,267,136,0%,0%,11.43,12.32
tuesday takeaway deals,0,0,256,0,0%,0%,28.82,0
pubs heathrow terminal 3,0,0,248,30,0%,0%,8.81,14.9
traditional english pubs staines,0,0,246,197,0%,0%,12.65,10.85
pubs near heathrow airport,0,0,229,72,0%,0%,26.06,25.75
pubs for wedding receptions in staines,0,0,222,89,0%,0%,9.8,9.37
autumn rugby internationals 2024,0,0,215,353,0%,0%,38.22,46.69
tuesday pizza deals,0,0,183,224,0%,0%,13.06,24.71
popular shots,0,0,172,277,0%,0%,1,1
heathrow terminal 5 pub,0,0,165,95,0%,0%,12.43,20.08
pub heathrow,0,0,139,17,0%,0%,27.27,24.35
corporate events near heathrow terminal 5,0,0,136,67,0%,0%,4.89,9.87
pub near heathrow,0,0,119,73,0%,0%,8.5,14.32
christmas party in staines,0,0,117,4,0%,0%,7.32,42.25
christmas parties staines,0,0,114,9,0%,0%,7.32,16
fish and chips heathrow airport,0,0,108,57,0%,0%,8.54,9.21
kids parties heathrow,0,0,106,11,0%,0%,14.21,67.09
pubs in stanwell,0,4,101,163,0%,2.45%,4.83,5.01
heathrow terminal 3 pubs,0,0,101,70,0%,0%,11.42,15.27
book venue near heathrow,0,0,101,66,0%,0%,41.43,49.3
two for tuesday,0,0,99,0,0%,0%,6.89,0
heathrow t5 restaurants,0,0,98,22,0%,0%,43.89,44
venues for hire staines,0,0,97,63,0%,0%,38.67,38.06
heathrow terminal 3 postcode short stay car park,0,0,96,0,0%,0%,28.26,0
heathrow pubs,0,1,95,28,0%,3.57%,9.38,37.57
cheapest way to park at heathrow,0,0,95,0,0%,0%,42.28,0
meetings and event heathrow,0,0,92,74,0%,0%,70.77,70.26
rugby autumn internationals 2024,0,0,90,247,0%,0%,45.9,47.47
lhr parking long stay,0,0,89,0,0%,0%,65.19,0
urban pizza stanwell moor,0,0,88,0,0%,0%,7.92,0
celebrate space at heathrow,0,0,87,69,0%,0%,36.79,36.03
christmas party in heathrow,0,0,82,65,0%,0%,28.24,23.49
venues for hire heathrow,0,0,80,44,0%,0%,43.67,41.27
book space near heathrow,0,0,80,12,0%,0%,79.84,63.75
t5 restaurants,0,0,78,85,0%,0%,47.74,49.06
heathrow parking amend booking,0,0,76,0,0%,0%,42.14,0
feltham pub,0,0,75,38,0%,0%,10.77,23.16
boardroom heathrow,0,0,74,43,0%,0%,67.58,69.12
autumn internationals 2024,0,0,72,487,0%,0%,40.49,58.2
november internationals,0,0,72,91,0%,0%,72.18,64.43
food near me,0,2,71,136,0%,1.47%,12.17,14.68
the anchor london,0,0,69,244,0%,0%,30.12,37.62
heathrow spotting guide,0,0,65,0,0%,0%,8.86,0
heathrow terminal 2 pubs,0,0,65,29,0%,0%,12.66,17
el pico cabernet sauvignon,0,1,64,36,0%,2.78%,9.91,7.75
tuesday special pizza,0,0,63,1,0%,0%,7.79,31
pub heathrow terminal 5,0,0,61,6,0%,0%,10.82,11.33
staines restaurants,0,0,61,47,0%,0%,57.87,58.98
heathrow parking cheapest,0,0,60,0,0%,0%,45.12,0
tw19 6aq,0,0,59,58,0%,0%,5.53,6.4
the anchor menu,0,0,59,52,0%,0%,8.69,26.19
pizza deals bedfont,0,0,59,62,0%,0%,17.69,22.06
bars near heathrow airport,0,0,59,13,0%,0%,49.27,34.62
anchor pub menu,0,0,58,23,0%,0%,10.28,17.48
heathrow long term car parking,0,0,57,0,0%,0%,23.11,0
meeting rooms near heathrow,0,0,57,81,0%,0%,68.12,77.6
cheapest parking in heathrow,0,0,56,0,0%,0%,47.36,0
two for tuesday pizza,0,0,55,1,0%,0%,17.16,35
baa advance parking heathrow,0,0,55,0,0%,0%,29.13,0
short term car park heathrow,0,0,53,0,0%,0%,17,0
heathrow airport fish and chips,0,0,52,37,0%,0%,9.56,11.22
heathrow terminal 3 pub,0,0,51,41,0%,0%,10.43,11.59
november rugby internationals,0,0,51,60,0%,0%,69.65,75.72
fish and chips heathrow,0,0,50,39,0%,0%,6.26,7.46
anchor bar,0,0,50,90,0%,0%,13.08,16.8
how to book heathrow parking,0,0,50,0,0%,0%,54.76,0
restaurants in staines,0,0,50,31,0%,0%,57.22,57.97
short term car parking heathrow terminal 3,0,0,49,0,0%,0%,28.14,0
heathrow airport terminal 1 parking,0,0,49,0,0%,0%,85.53,0
where is junction 14 on m25,0,0,48,10,0%,0%,9.52,10.5
tuesday offer,0,0,48,0,0%,0%,71,0
best fish and chips heathrow airport,0,0,47,22,0%,0%,6.89,8.36
london heathrow terminal 2 short stay parking postcode,0,0,46,18,0%,0%,41.07,92.61
christmas party in egham,0,0,46,0,0%,0%,65.46,0
heathrow spotting locations,0,0,45,0,0%,0%,12.51,0
heathrow terminal 4 restaurants,0,0,45,21,0%,0%,34.69,43.81
heathrow terminal 2 restaurants,0,0,44,2,0%,0%,38.75,35
fish and chips heathrow airport terminal 5,0,0,43,25,0%,0%,11.63,11.12
heathrow terminal 5 pubs,0,0,43,30,0%,0%,12.02,24.87
the anchor pub menu,0,1,42,41,0%,2.44%,5.17,21.78
cheap christmas parties heathrow,0,0,42,9,0%,0%,6.93,9.78
british beer brands,0,0,41,5,0%,0%,1,4
anchor bar menu,0,0,41,8,0%,0%,10.63,37.62
restaurants staines,0,1,41,25,0%,4%,60.66,57.56
heathrow terminal 2 pub,0,0,40,44,0%,0%,12.05,15.77
pub near heathrow airport,0,0,40,11,0%,0%,13.55,24.45
disaronno,0,0,40,654,0%,0%,33.27,67.35
heathrow airport terminal 4 long stay parking,0,0,40,0,0%,0%,45.27,0
pub near me,0,3,39,91,0%,3.3%,15.56,9.51
dia de los muertos symbols,0,0,38,12,0%,0%,1,5.25
heathrow terminal 5 bars,0,0,38,113,0%,0%,25.21,46.65
the anchor pub quiz,0,0,37,0,0%,0%,5.03,0
where to watch planes at heathrow,0,0,37,0,0%,0%,10.22,0
stanwell moor road,0,0,36,12,0%,0%,10.19,10.58
heathrow terminal 3 short stay car park price,0,0,36,0,0%,0%,35.89,0
official heathrow airport parking,0,0,36,0,0%,0%,40.53,0
heathrow parking booking,0,0,36,0,0%,0%,41.36,0
special events facility in london heathrow,0,0,36,14,0%,0%,79.58,66.43
english beer brands,0,0,35,47,0%,0%,1,1
heathrow terminal 3 car parking long stay,0,0,35,0,0%,0%,22.11,0
pizza deals tuesday,0,0,35,7,0%,0%,22.91,25.57
car park heathrow long stay,0,0,34,0,0%,0%,46.26,0
anchor pub quiz,0,0,33,4,0%,0%,4.42,9.5
the anchor surrey,0,0,33,50,0%,0%,9.18,12.18
heathrow plane spotting area,0,0,33,0,0%,0%,13.85,0
secure parking heathrow airport,0,0,33,0,0%,0%,25.79,0
heathrow restaurants,0,0,33,0,0%,0%,44.09,0
pubs in staines town centre,0,0,32,31,0%,0%,11.66,12.32
pubs in heathrow,0,0,32,12,0%,0%,15.03,39.83
heathrow terminal 2 long term parking,0,0,32,0,0%,0%,31.5,0
long term parking heathrow 2,0,0,32,0,0%,0%,58.69,0
heathrow venue hire,0,0,32,19,0%,0%,61.34,51.05
christmas parties heathrow,0,0,31,118,0%,0%,10.39,19.47
heathrow airport restaurants,0,0,31,0,0%,0%,28.77,0
heathrow t2 long stay car park,0,0,31,0,0%,0%,45.42,0
birthday cake heathrow,0,0,31,0,0%,0%,50.19,0
autumn rugby internationals fixtures,0,0,31,76,0%,0%,62.16,47.68
2 for tuesday pizza,0,0,30,2,0%,0%,7.7,35
plane spotting locations heathrow,0,0,30,0,0%,0%,12.63,0
2 for 1 tuesday,0,0,30,0,0%,0%,16.47,0
heathrow parking terminal 4 postcode,0,0,30,0,0%,0%,31.3,0
common shots,0,0,29,55,0%,0%,1,1
pubs near heathrow terminal 2,0,1,29,26,0%,3.85%,8.59,13.08
parking heathrow cheap,0,0,29,0,0%,0%,46.97,0
host a meeting in heathrow terminal 5,0,0,29,9,0%,0%,67,56.56
watch rugby autumn internationals,0,0,29,92,0%,0%,80.38,61.65
most popular shots,0,0,28,55,0%,0%,1,1
terminal 2 heathrow restaurants,0,0,28,27,0%,0%,43.68,47.07
anchor pub london,0,0,28,103,0%,0%,45.07,57.39
best liqueurs,0,0,27,36,0%,0%,1,1
italian liqueurs,0,0,27,77,0%,0%,1,1
terminal 5 pub,0,0,27,0,0%,0%,4.85,0
the anchor bar,0,0,27,58,0%,0%,15.78,16.88
cheap car parking at heathrow airport,0,0,27,0,0%,0%,81.22,0
stanwell pub,0,0,26,37,0%,0%,4.73,5.11
two for tuesdays,0,0,26,0,0%,0%,35.81,0
the anchor pub near me,0,2,25,41,0%,4.88%,9,13.49
the anchor london menu,0,0,24,44,0%,0%,12.21,31.66
restaurants at heathrow,0,0,24,0,0%,0%,43.25,0
long time parking heathrow airport,0,0,24,0,0%,0%,45,0
bingo budget tips,0,0,24,0,0%,0%,92.79,0
shared parties night surrey,0,0,23,0,0%,0%,13.96,0
heathrow car parking long term,0,0,23,0,0%,0%,19.61,0
long term car parking at heathrow,0,0,23,0,0%,0%,21.65,0
pizza buy one get one free near me,0,0,23,72,0%,0%,32.13,33.54
italian liqueur,0,0,22,41,0%,0%,1,1
pub heathrow terminal 2,0,0,22,1,0%,0%,12.05,18
good restaurants royal holloway,0,0,22,0,0%,0%,30.64,0
meeting rooms london heathrow,0,0,22,0,0%,0%,86.09,0
day of the dead activities,0,0,21,5,0%,0%,1,1
pizza tuesday deals,0,0,21,8,0%,0%,8,27.5
horton road,0,0,21,13,0%,0%,10.24,9.46
heathrow long stay car park t3,0,0,21,0,0%,0%,39,0
heathrow long stay parking t2,0,0,21,0,0%,0%,40.24,0
heathrow dining,0,0,21,0,0%,0%,41.81,0
cheapest car parking heathrow,0,0,21,0,0%,0%,44.86,0
heathrow parking terminal 2 charges,0,0,21,0,0%,0%,47.43,0
park my car heathrow,0,0,21,0,0%,0%,48.52,0
father's day restaurant norwich airport,0,0,21,19,0%,0%,48.95,65.95
board rooms heathrow,0,0,21,0,0%,0%,68.1,0
autumn rugby internationals at twickenham,0,0,21,10,0%,0%,77.33,75.9
most popular shots at a bar,0,0,20,37,0%,0%,1,1
inches cider offers,0,0,20,0,0%,0%,2.7,0
pubs in windsor with parking,0,0,20,0,0%,0%,6.75,0
terminal 3 heathrow pubs,0,0,20,0,0%,0%,10.45,0
anchor line christmas menu,0,0,20,2,0%,0%,11.35,59.5
el pico sauvignon blanc,0,3,20,81,0%,3.7%,12.2,3.67
plane spotting heathrow,0,0,20,0,0%,0%,13.95,0
anchor menu,0,0,20,23,0%,0%,22.9,53.83
heathrow t5 long stay parking directions,0,0,20,0,0%,0%,44.85,0
the anchor line,0,0,20,20,0%,0%,54.55,59.35
best restaurants royal holloway,0,0,19,0,0%,0%,30.37,0
cheap heathrow parking,0,0,19,0,0%,0%,32.32,0
food places royal holloway,0,0,19,0,0%,0%,36.84,0
bars in heathrow terminal 5,0,0,19,54,0%,0%,39.26,39.44
heathrow long stay terminal 3 parking,0,0,19,0,0%,0%,44.05,0
restaurants royal holloway,0,0,19,0,0%,0%,44.21,0
pub quiz bingo,0,0,19,15,0%,0%,59.79,93.47
famous irish whiskey brands,0,0,18,2,0%,0%,1,1
popular bar shots,0,0,18,32,0%,0%,1,1
what are 5 symbols of day of the dead,0,0,18,8,0%,0%,1,14.75
inches drink,0,0,18,20,0%,0%,1.78,24.85
the ancor pub,0,0,18,23,0%,0%,7.33,7.39
inches draught abv,0,0,18,2,0%,0%,10.61,11.5
heathrow parking long stay terminal 3,0,0,18,0,0%,0%,42.83,0
places to eat in staines,0,0,18,37,0%,0%,55.67,56.3
hotels at heathrow with av-equipped conference rooms,0,0,18,0,0%,0%,77.61,0
champion environmental technologies,0,0,18,9,0%,0%,87.11,94.78
the anchor christmas menu,0,0,17,0,0%,0%,7,0
the anchor.pub,0,0,17,14,0%,0%,7.41,8.71
roast dinner staines,0,0,17,4,0%,0%,10.12,17.25
the anchor inn,0,1,17,78,0%,1.28%,13.71,37.03
heathrow parking keep your keys,0,0,17,0,0%,0%,33.82,0
places to eat heathrow t3,0,0,17,16,0%,0%,38.41,46.88
egham to heathrow terminal 3,0,0,17,0,0%,0%,40.88,0
banana sambuca tesco,0,0,17,0,0%,0%,42.71,0
british ale pubs in staines,0,0,17,30,0%,0%,59.47,47.1
workspace near heathrow airport,0,0,17,31,0%,0%,70.76,79.35
conference rooms heathrow,0,0,17,0,0%,0%,78.24,0
famous shots,0,0,16,21,0%,0%,1,1
m25 jct 14,0,0,16,2,0%,0%,8.5,19
sunday lunch near me,0,1,16,20,0%,5%,13.19,17.6
places to eat near me,0,0,16,41,0%,0%,23.62,16.12
anchor tavern,0,0,16,16,0%,0%,32.62,45.44
family friendly restaurants heathrow,0,0,16,0,0%,0%,43.5,0
heathrow natural food and beverage,0,0,16,0,0%,0%,43.56,0
coworking space near heathrow airport,0,0,16,0,0%,0%,80.25,0
symbols of dia de los muertos,0,0,15,0,0%,0%,1,0
inches cider draught abv,0,0,15,20,0%,0%,8.07,10.7
terminal 5 pubs,0,0,15,13,0%,0%,11.53,11.08
heathrow airport terminal 5 short stay car park postcode,0,0,15,0,0%,0%,33.13,0
heathrow terminal 2 parking rates,0,0,15,0,0%,0%,34.33,0
heathrow terminal 4 food,0,0,15,0,0%,0%,34.8,0
book parking at heathrow,0,0,15,0,0%,0%,39.07,0
best restaurant apps royal holloway,0,0,15,0,0%,0%,44.27,0
heathrow hotel with event spaces,0,0,15,0,0%,0%,82.73,0
tequila tasting,0,0,15,19,0%,0%,85.27,56.05
anchor events,0,0,14,1,0%,0%,2.86,6
where is junction 14 on the m25,0,0,14,0,0%,0%,8.5,0
hatton cross plane spotting,0,0,14,0,0%,0%,11.79,0
pub feltham,0,0,14,3,0%,0%,12.86,18.67
pizza 2 for tuesday,0,0,14,3,0%,0%,13.36,22.67
ireland vs south africa rugby highlights november 2024,0,0,14,0,0%,0%,19.5,0
autumn internationals 2024 dates,0,0,14,44,0%,0%,23.29,38.02
heathrow terminal 5 long stay postcode,0,0,14,0,0%,0%,38.79,0
rugby internationals 2024,0,0,14,51,0%,0%,47.21,47.29
autumn internationals fixtures,0,0,14,250,0%,0%,62.29,59.99
book a conference venue heathrow,0,0,14,9,0%,0%,75.21,71.78
"the anchor, horton rd, stanwell moor, staines tw19 6aq, united kingdom",0,1,13,53,0%,1.89%,1,1.81
top 10 beers,0,0,13,17,0%,0%,1,1
anchor windsor,0,0,13,5,0%,0%,6,8.8
fish and chips in heathrow airport,0,0,13,5,0%,0%,11,10.6
pizza tuesday,0,0,13,11,0%,0%,19.31,19.82
pub food near me,0,1,13,17,0%,5.88%,26.62,18.06
pizza deals on tuesday,0,0,13,12,0%,0%,27.23,31.83
terminal 5 bars,0,0,13,38,0%,0%,36.54,51.82
heathrow overnight parking,0,0,13,0,0%,0%,38.23,0
long stay parking near heathrow,0,0,13,0,0%,0%,42.08,0
places to eat staines,0,0,13,18,0%,0%,50.38,50.61
team building heathrow,0,0,13,179,0%,0%,51.62,45.17
bar at london heathrow airport,0,0,13,0,0%,0%,78.15,0
day of the dead food,0,0,12,3,0%,0%,1,1
italian liquor names,0,0,12,19,0%,0%,1,1
bogof pizza,0,0,12,36,0%,0%,4.42,13.72
the anhor pub quiz,0,0,12,0,0%,0%,4.67,0
best place to watch planes at heathrow,0,0,12,0,0%,0%,7.58,0
christmas party venues heathrow,0,0,12,187,0%,0%,10.17,22.23
pubs near royal holloway,0,0,12,0,0%,0%,11.75,0
bars near me,0,0,12,47,0%,0%,13.92,14.83
terminal 4 restaurants,0,0,12,9,0%,0%,25.17,51.89
hemisphere heathrow,0,0,12,12,0%,0%,28.83,43.83
pubs staines,0,0,12,55,0%,0%,29.58,34.35
pub anchor,0,0,12,23,0%,0%,30.08,27.3
anchor offers,0,0,12,153,0%,0%,34.17,62.52
terminal 2 restaurants heathrow,0,0,12,4,0%,0%,35.83,42.5
heathrow parking t5 long stay,0,0,12,0,0%,0%,37.42,0
heathrow terminal 5 restaurants,0,0,12,6,0%,0%,37.83,40.33
heathrow restaurants terminal 2,0,0,12,6,0%,0%,38.58,43
restaurants heathrow terminal 2,0,0,12,6,0%,0%,39.5,36.83
egham to heathrow terminal 4,0,0,12,0,0%,0%,46,0
heathrow long stay car park t5,0,0,12,0,0%,0%,46.17,0
long stay car park london heathrow,0,0,12,0,0%,0%,50.92,0
london the anchor,0,0,12,29,0%,0%,51.75,78
italian liquor,0,0,11,53,0%,0%,1,1
anchor,0,0,11,144,0%,0%,5.27,3.06
country pubs near heathrow,0,0,11,26,0%,0%,5.73,10.88
the anchor reviews,0,0,11,18,0%,0%,7,6.67
pub near heathrow terminal 5,0,0,11,12,0%,0%,9.45,10.75
roast dinners near me,0,0,11,3,0%,0%,16.55,4.33
anchor photography,0,0,11,0,0%,0%,27.45,0
heathrow area restaurants,0,0,11,0,0%,0%,27.55,0
pubs bath road heathrow,0,0,11,2,0%,0%,39.09,31
bingo countdown,0,0,11,0,0%,0%,43.36,0
book parking heathrow,0,0,11,0,0%,0%,45.27,0
low cost heathrow parking,0,0,11,0,0%,0%,45.91,0
italian liquor brands,0,0,10,12,0%,0%,1,1
list of shots,0,0,10,0,0%,0%,1,0
what are some symbols of dia de los muertos,0,0,10,0,0%,0%,1,0
anchor christmas menu,0,0,10,0,0%,0%,2.7,0
the anchor sunday menu,0,1,10,36,0%,2.78%,3.9,7.44
pint of inches,0,0,10,1,0%,0%,5.3,10
the anchor pub surrey,0,0,10,47,0%,0%,7,18.17
pizza two for tuesday,0,0,10,0,0%,0%,7.7,0
t5 stores stanwell moor,0,0,10,14,0%,0%,8.5,11.93
tuesday pizza offer,0,0,10,7,0%,0%,11.6,17
what junction is heathrow on m25,0,0,10,0,0%,0%,12.6,0
best pubs near heathrow,0,0,10,13,0%,0%,13.6,24.54
tequila tasting event,0,0,10,0,0%,0%,16,0
sunday roast,0,0,10,6,0%,0%,17.4,16.83
stanwell moor village,0,0,10,20,0%,0%,17.6,27.7
2 for tuesdays,0,0,10,0,0%,0%,23.1,0
christmas dinner,0,0,10,1,0%,0%,24.1,3
roasts near me,0,0,10,3,0%,0%,26.4,9.33
lunch deals royal holloway,0,0,10,0,0%,0%,31.1,0
food to eat royal holloway,0,0,10,0,0%,0%,37.4,0
cheap long stay parking heathrow,0,0,10,0,0%,0%,38.7,0
terminal 5 heathrow restaurants,0,0,10,10,0%,0%,44.3,39.3
car parking terminal 5 heathrow long stay,0,0,10,0,0%,0%,44.4,0
heathrow long stay parking terminal 2 & 3,0,0,10,0,0%,0%,48,0
heathrow airport parking terminal 2 long stay,0,0,10,0,0%,0%,51.9,0
non alcoholic pimm's tesco,0,0,10,0,0%,0%,66.1,0
the anchor southwark,0,0,10,29,0%,0%,69.6,51.93
conference venue at heathrow,0,0,10,0,0%,0%,71.8,0
meeting room staines,0,0,10,0,0%,0%,83,0
italian alcohol,0,0,9,63,0%,0%,1,1
italian liqueurs list,0,0,9,40,0%,0%,1,1
symbols for dia de los muertos,0,0,9,0,0%,0%,1,0
the anchor pub and restaurant menu,0,0,9,1,0%,0%,5.33,1
the anchor bar menu,0,0,9,4,0%,0%,7,31.25
anchor oub,0,0,9,6,0%,0%,7.33,6.67
best christmas parties heathrow,0,0,9,1,0%,0%,7.89,24
2 for tuesday deals,0,0,9,0,0%,0%,9,0
kids birthday party heathrow,0,0,9,0,0%,0%,17.11,0
roast dinner,0,0,9,9,0%,0%,17.44,11.33
pubs in ashford surrey,0,0,9,9,0%,0%,18.78,20
best pub food near me,0,1,9,11,0%,9.09%,19.44,20.55
terminal 5 heathrow short stay car park postcode,0,0,9,0,0%,0%,19.78,0
best sunday roast in staines,0,0,9,73,0%,0%,22.44,31.33
long term parking london heathrow,0,0,9,0,0%,0%,27,0
bars near heathrow,0,0,9,7,0%,0%,27.33,32
hotels near heathrow with on-site event coordinators,0,0,9,5,0%,0%,29.11,55.4
heathrow t2 short term parking,0,0,9,0,0%,0%,29.78,0
cheapest heathrow parking,0,0,9,0,0%,0%,34.11,0
terminal 3 heathrow restaurants,0,0,9,8,0%,0%,34.78,43.25
the anchor inn menu,0,0,9,10,0%,0%,37.78,25.6
restaurants near staines,0,0,9,7,0%,0%,43.89,56
short stay parking heathrow 2,0,0,9,0,0%,0%,45.22,0
parking at heathrow terminal 2 long stay,0,0,9,0,0%,0%,49,0
the anchor danbury,0,0,9,16,0%,0%,55.78,50.44
eltham sunday roast,0,0,9,0,0%,0%,78.33,0
meet and celebrate heathrow,0,0,9,6,0%,0%,85.56,73.67
2 for 1 pizza cambridge,0,0,9,0,0%,0%,86.33,0
london heathrow meeting rooms,0,0,9,0,0%,0%,88.22,0
what is the cheapest car park at heathrow airport,0,0,9,0,0%,0%,91.33,0
best liqueur,0,0,8,8,0%,0%,1,1
captain morgan spiced rum apple cider,0,0,8,0,0%,0%,1,0
common bar shots,0,0,8,28,0%,0%,1,1
famous irish whiskey,0,0,8,11,0%,0%,1,1.09
liquor types,0,0,8,10,0%,0%,1,1
popular liqueurs,0,0,8,12,0%,0%,1,1
2 for 1 pizza tuesday,0,0,8,1,0%,0%,6.5,5
bogof pizza near me,0,0,8,26,0%,0%,8.5,11.12
the anchor scunthorpe menu,0,0,8,2,0%,0%,11.25,37
pubs in heathrow terminal 5,0,0,8,0,0%,0%,11.38,0
the anchor danbury menu,0,0,8,15,0%,0%,11.88,14.07
best roast near me,0,0,8,10,0%,0%,12,11.3
egham pub,0,0,8,5,0%,0%,12.12,29.4
pizza offer tuesday,0,0,8,3,0%,0%,12.5,24.67
restaurants,0,0,8,5,0%,0%,13.38,34.4
drop anchor wine,0,0,8,0,0%,0%,14.38,0
best sunday roast near me,0,1,8,16,0%,6.25%,14.88,11.12
indian restaurant near heathrow airport,0,0,8,0,0%,0%,16,0
anchor public house,0,0,8,1,0%,0%,16.38,28
british chip shop,0,0,8,34,0%,0%,20.75,14.56
pubs,0,0,8,22,0%,0%,22.62,13.36
heathrow restaurants terminal 4,0,0,8,4,0%,0%,30.62,45.75
heathrow terminal 4 parking charges short stay,0,0,8,0,0%,0%,33.25,0
cheap parking heathrow,0,0,8,0,0%,0%,36.75,0
terminal 4 heathrow food,0,0,8,0,0%,0%,37,0
car park heathrow cheap,0,0,8,0,0%,0%,45.25,0
parking terminal 5 heathrow long stay,0,0,8,0,0%,0%,47.25,0
long term parking at heathrow airport,0,0,8,0,0%,0%,51.5,0
heathrow terminal 5 postcode for sat nav,0,0,8,7,0%,0%,53.5,54.71
heathrow hotels conference rooms av equipment,0,0,8,0,0%,0%,73.5,0
best pubs in old windsor,0,0,8,0,0%,0%,79.25,0
conference and meeting rooms in london heathrow,0,0,8,0,0%,0%,82,0
book conference near heathrow,0,0,8,29,0%,0%,84.5,81.59
meeting room hire feltham,0,0,8,0,0%,0%,92.25,0
heathrow airport car parks,0,0,8,0,0%,0%,92.75,0
tickets for rugby autumn international,0,0,8,33,0%,0%,96.62,91.73
best irish whiskey,0,0,7,31,0%,0%,1,1.45
famous shots at bars,0,0,7,5,0%,0%,1,1
local guide program,0,0,7,3,0%,0%,1,1
popular shots alcohol,0,0,7,2,0%,0%,1,1
the anchor oldbury christmas menu,0,0,7,0,0%,0%,2.14,0
british cuisine fish and chips menu,0,0,7,27,0%,0%,3,4
bar near me,0,0,7,9,0%,0%,6.14,12
pizza tuesday offer,0,0,7,3,0%,0%,6.57,10.33
the anchor halloween,0,0,7,0,0%,0%,6.57,0
tuesday pizza deal,0,0,7,4,0%,0%,6.86,9.5
pubs in feltham high street,0,0,7,4,0%,0%,8.29,9.5
inches cider draught,0,0,7,2,0%,0%,10.14,50.5
sunday roasts near me,0,0,7,21,0%,0%,10.86,15.76
where to watch heathrow planes,0,0,7,0,0%,0%,11,0
terminal 2 pub,0,0,7,4,0%,0%,11.57,18.75
pubs in heathrow terminal 3,0,0,7,5,0%,0%,11.86,10.8
christmas markets near heathrow,0,0,7,0,0%,0%,12.29,0
pub quiz surrey,0,0,7,0,0%,0%,13,0
anchors menu,0,0,7,4,0%,0%,13.57,47.25
heathrow viewing spots,0,0,7,0,0%,0%,13.86,0
pizza deal tuesday,0,0,7,3,0%,0%,15.71,29
best roast dinner near me,0,0,7,9,0%,0%,16.29,15.56
pubs near staines,0,0,7,12,0%,0%,17.29,20.83
christmas dinner staines,0,0,7,0,0%,0%,17.71,0
restaurants near heathrow terminal 3,0,0,7,8,0%,0%,21.29,34.38
the anchor woking menu,0,0,7,1,0%,0%,24.57,36
stanwell moor,0,0,7,23,0%,0%,25.71,11.61
group-friendly restaurants near staines-upon-thames,0,0,7,6,0%,0%,26.57,30.17
heathrow terminal 3 bars,0,0,7,11,0%,0%,27.14,32.91
restaurants near heathrow airport terminal 5,0,0,7,2,0%,0%,29.57,39.5
heathrow parking terminal 5 postcode,0,0,7,0,0%,0%,34.71,0
heathrow terminal 3 restaurants,0,0,7,0,0%,0%,34.71,0
restaurants at heathrow terminal 3,0,0,7,1,0%,0%,35,43
terminal 4 heathrow restaurants,0,0,7,1,0%,0%,36.86,99
heathrow short term car park,0,0,7,0,0%,0%,37.71,0
anchor bankside menu,0,0,7,5,0%,0%,38.14,31.6
mobile home stanwell moor,0,0,7,7,0%,0%,40,44.71
heathrow t4 arrivals postcode,0,0,7,0,0%,0%,41.57,0
cheap parking near heathrow,0,0,7,0,0%,0%,43.29,0
london heathrow terminal 2 restaurants,0,0,7,1,0%,0%,47.29,49
heathrow t4 long stay parking,0,0,7,0,0%,0%,50,0
staines restaurant,0,0,7,5,0%,0%,54.43,63.2
staines food places,0,0,7,9,0%,0%,55.86,54
what is open at heathrow terminal 5,0,0,7,0,0%,0%,56.43,0
cheap parking near heathrow airport,0,0,7,0,0%,0%,57,0
business meeting near heathrow airport,0,0,7,0,0%,0%,57.86,0
food in staines,0,0,7,1,0%,0%,64.71,42
the anchor inn gargrave,0,0,7,0,0%,0%,67.71,0
anchor danbury,0,0,7,7,0%,0%,69,58
rugby autumn internationals 2024 on tv,0,0,7,9,0%,0%,70.29,64.44
postcode for heathrow airport terminal 2,0,0,7,0,0%,0%,73.71,0
anchor pyrford,0,0,7,6,0%,0%,74,58.67
christmas party in sunbury on thames,0,0,7,0,0%,0%,93.86,0
shared christmas party venues,0,0,7,0,0%,0%,95.57,0
famous liqueurs,0,0,6,2,0%,0%,1,1
most common shots,0,0,6,13,0%,0%,1,1
most common shots ordered at a bar,0,0,6,14,0%,0%,1,1
top 10 liqueurs,0,0,6,6,0%,0%,1,1
traditional day of the dead food,0,0,6,0,0%,0%,1,0
tuesday night pizza deals,0,0,6,1,0%,0%,4.67,9
inches beer,0,0,6,3,0%,0%,6,37
good pubs near me,0,0,6,2,0%,0%,7.33,27
autumn internationals,0,0,6,275,0%,0%,9.33,74.34
pubs terminal 3 heathrow,0,0,6,0,0%,0%,10.33,0
the anchor pub location,0,0,6,0,0%,0%,10.5,0
drop anchor sauvignon blanc,0,0,6,0,0%,0%,11.17,0
t2 pub,0,0,6,2,0%,0%,12.17,12
terminal 2 heathrow pubs,0,0,6,0,0%,0%,12.33,0
terminal 2 pubs,0,0,6,0,0%,0%,12.33,0
the anchor hockley menu,0,0,6,0,0%,0%,12.67,0
food,0,0,6,5,0%,0%,14.17,14.4
craft beer pubs in staines,0,0,6,68,0%,0%,14.5,19.63
tuesday deal,0,0,6,0,0%,0%,14.67,0
when do the autumn internationals start,0,0,6,0,0%,0%,14.67,0
restaurants with entertainment near me,0,0,6,1,0%,0%,15.33,25
the anchor menu with prices,0,0,6,4,0%,0%,17.17,37.5
heathrow plane spotting,0,0,6,1,0%,0%,18,65
tuesday pizza offers,0,0,6,3,0%,0%,19,21
long term car parking heathrow terminal 5,0,0,6,0,0%,0%,20.17,0
junction 14,0,0,6,0,0%,0%,20.5,0
pub staines,0,0,6,6,0%,0%,21,28.17
best pubs near heathrow airport,0,3,6,17,0%,17.65%,22.5,22.06
short stay parking heathrow prices,0,0,6,0,0%,0%,23.83,0
parking terminal 3 heathrow short stay,0,0,6,0,0%,0%,32.5,0
autumn international 2024,0,0,6,57,0%,0%,33.67,56.89
best restaurants near me,0,0,6,6,0%,0%,33.67,15.83
disaronno ingredients,0,0,6,27,0%,0%,35.33,27.81
terminal 3 short stay parking heathrow,0,0,6,0,0%,0%,35.5,0
heathrow terminal 4 short stay parking directions,0,0,6,0,0%,0%,35.67,0
bars in heathrow,0,0,6,2,0%,0%,38.5,44
staines pubs,0,0,6,29,0%,0%,38.67,29.41
heathrow viewing area,0,0,6,0,0%,0%,40.17,0
long term parking heathrow t5,0,0,6,0,0%,0%,42,0
heathrow airport pubs,0,0,6,12,0%,0%,42.83,42.25
restaurants in terminal 4 heathrow,0,0,6,3,0%,0%,45.67,39.33
heathrow terminal 2 short stay parking map,0,0,6,0,0%,0%,46.67,0
heathrow long term,0,0,6,0,0%,0%,47.67,0
event dining indian food staines,0,0,6,0,0%,0%,49.67,0
anchor wisley,0,0,6,20,0%,0%,52.33,39.5
cheap car parking at heathrow,0,0,6,0,0%,0%,52.5,0
the anchor londres,0,0,6,60,0%,0%,54,51.22
looking for parking heathrow,0,0,6,0,0%,0%,54.17,0
anchor inn menu,0,0,6,6,0%,0%,58.17,16.33
the anchor burwell,0,0,6,5,0%,0%,60.83,52.8
how to avoid parking fees at heathrow,0,0,6,0,0%,0%,65.83,0
cheap car parking heathrow airport,0,0,6,0,0%,0%,69,0
table hire staines,0,0,6,16,0%,0%,72.67,39
meeting rooms heathrow,0,0,6,0,0%,0%,73.5,0
corporate venue solutions,0,0,6,18,0%,0%,91.83,79.56
rugby autumn internationals on tv,0,0,6,7,0%,0%,98.67,74.43
best alcohol in italy,0,0,5,5,0%,0%,1,1
day of the dead foods,0,0,5,0,0%,0%,1,0
english beers brands,0,0,5,8,0%,0%,1,1
is m25 closed,0,0,5,0,0%,0%,1,0
lists of shots,0,0,5,6,0%,0%,1,1
m25 closures,0,0,5,0,0%,0%,1,0
popular shits,0,0,5,2,0%,0%,1,1
symbols for day of the dead,0,0,5,2,0%,0%,1,45
top 10 best liqueurs,0,0,5,23,0%,0%,1,1
when are the autumn rugby internationals,0,0,5,0,0%,0%,1,0
pizza tuesday special,0,0,5,0,0%,0%,3,0
the anchor near me,0,0,5,24,0%,0%,3.2,11.21
fish and chips airport,0,0,5,1,0%,0%,7.2,14
pubs near me showing football,0,0,5,3,0%,0%,7.2,9.67
the anchor restaurant,0,0,5,11,0%,0%,7.2,20.45
country pubs near me,0,0,5,6,0%,0%,8.4,12.17
plane watching heathrow,0,0,5,0,0%,0%,8.4,0
the anchir,0,0,5,3,0%,0%,8.6,18
pub quiz staines,0,0,5,1,0%,0%,9.4,6
pubs near terminal 5 heathrow,0,1,5,19,0%,5.26%,9.8,10.79
pub,0,2,5,32,0%,6.25%,10.6,12.44
pub restaurants near me,0,0,5,14,0%,0%,11.2,22.14
gastro pubs near me,0,0,5,1,0%,0%,12,16
terminal 2 heathrow pub,0,0,5,0,0%,0%,12.4,0
british sunday roast,0,0,5,11,0%,0%,12.6,13.45
restaurants near royal holloway university,0,0,5,0,0%,0%,12.6,0
heathrow parking short term,0,0,5,0,0%,0%,13.2,0
anker pub,0,0,5,4,0%,0%,13.4,8.5
food places near me,0,0,5,18,0%,0%,14,8.22
best plane spotting locations heathrow,0,0,5,0,0%,0%,15,0
jackpotforgame,0,0,5,0,0%,0%,15,0
heathrow short term parking terminal 5,0,0,5,0,0%,0%,18,0
long term car park heathrow terminal 5,0,0,5,0,0%,0%,21.2,0
stanwell moor village hall,0,0,5,3,0%,0%,22.6,26.33
stanwell fish and chips,0,0,5,5,0%,0%,23.6,23.8
staines pub,0,0,5,11,0%,0%,23.8,28.64
best pubs near me,0,1,5,12,0%,8.33%,25,19.17
anchor prices,0,0,5,5,0%,0%,26.4,79.6
pub in staines,0,0,5,7,0%,0%,27.8,27
heathrow t2 restaurants,0,0,5,0,0%,0%,29.8,0
the anchor london pub,0,0,5,29,0%,0%,30.6,47.52
restaurants near terminal 5 heathrow,0,0,5,6,0%,0%,31,42.5
heathrow spotting,0,0,5,0,0%,0%,32.6,0
street foods royal holloway,0,0,5,0,0%,0%,32.6,0
heathrow terminal 5 restaurant,0,0,5,5,0%,0%,33,31.4
anchor frankwell,0,0,5,4,0%,0%,34.6,33.75
restaurants heathrow terminal 3,0,0,5,2,0%,0%,34.8,45
cheap parking in heathrow,0,0,5,0,0%,0%,35.2,0
restaurants in heathrow terminal 4,0,0,5,7,0%,0%,35.2,35.43
the anchor inn tideswell menu,0,0,5,4,0%,0%,35.8,3
long term parking terminal 3 heathrow,0,0,5,0,0%,0%,36.4,0
hope and anchor pub quiz,0,0,5,4,0%,0%,37.4,42.75
terminal 4 restaurants heathrow,0,0,5,4,0%,0%,37.4,45.25
restaurants in heathrow terminal 3,0,0,5,1,0%,0%,37.6,32
autumn nations 2024 fixtures,0,0,5,30,0%,0%,39.4,48.97
terminal 2 heathrow food,0,0,5,2,0%,0%,40,38.5
the anchor wisley,0,0,5,12,0%,0%,41.6,38.25
heathrow airport short term parking,0,0,5,0,0%,0%,42.4,0
iconic pubs to visit in staines,0,0,5,119,0%,0%,43,33.98
the anchor tilsworth menu,0,0,5,0,0%,0%,44.6,0
best restaurants in staines,0,0,5,6,0%,0%,45.2,41.67
anchor inn tideswell,0,0,5,0,0%,0%,47.6,0
heathrow food,0,0,5,0,0%,0%,48.8,0
dog friendly hotels in heathrow airport,0,0,5,61,0%,0%,49.8,63.64
the milford arms heathrow airport,0,0,5,14,0%,0%,51.2,60.14
heathrow long term parking terminal 5,0,0,5,0,0%,0%,52.8,0
the anchor cambridge menu,0,0,5,1,0%,0%,53.2,60
anchor inn stratford st mary menu,0,0,5,1,0%,0%,55.8,48
the anchor pub london,0,0,5,135,0%,0%,56,58.56
anchor inn wirral menu,0,0,5,1,0%,0%,56.4,63
anchor gargrave,0,0,5,1,0%,0%,57,49
parking heathrow compare,0,0,5,0,0%,0%,58,0
anchor pub oxford,0,0,5,2,0%,0%,61,49
restaurant in staines,0,0,5,1,0%,0%,65.2,69
business meeting venues near heathrow airport,0,0,5,0,0%,0%,65.8,0
staines food,0,0,5,10,0%,0%,74.8,68.8
anchor oxford,0,0,5,2,0%,0%,78.2,65
tequila tasting london,0,0,5,3,0%,0%,93,80
christmas party venues in lisson grove,0,0,5,0,0%,0%,94.8,0
alcohol brands,0,0,4,5,0%,0%,1,1
alcohol shots list,0,0,4,6,0%,0%,1,1
best liquers,0,0,4,12,0%,0%,1,1
common shots at a bar,0,0,4,57,0%,0%,1,1
dia de muertos symbols,0,0,4,1,0%,0%,1,1
england beer brands,0,0,4,5,0%,0%,1,1
heathrow t3 short stay car park,0,0,4,0,0%,0%,1,0
kraken and orange juice,0,0,4,0,0%,0%,1,0
most popular liqueurs,0,0,4,2,0%,0%,1,1
popular liqueurs list,0,0,4,4,0%,0%,1,1
popular shot drinks,0,0,4,11,0%,0%,1,1
popular shots at bar,0,0,4,14,0%,0%,1,1
top beers,0,0,4,9,0%,0%,1,1
what are some of the symbols of dia de los muertos,0,0,4,0,0%,0%,1,0
what are symbols of dia de los muertos,0,0,4,0,0%,0%,1,0
heathrow airport terminal 4,0,0,4,0,0%,0%,3.5,0
the anchor bar newcastle menu,0,0,4,0,0%,0%,4,0
pub roast near me,0,0,4,10,0%,0%,4.25,41.9
upscale pubs near me,0,0,4,0,0%,0%,4.25,0
anchor inn,0,0,4,29,0%,0%,4.75,22.55
best pub near me,0,1,4,8,0%,12.5%,5.5,12.38
anchor pub and grill,0,0,4,0,0%,0%,7,0
the anchor christmas,0,0,4,0,0%,0%,7,0
the anchor upcoming events,0,0,4,0,0%,0%,7,0
anchor pizza,0,2,4,15,0%,13.33%,7.25,8.67
best family pubs near me,0,0,4,0,0%,0%,8,0
pizza bogof,0,0,4,5,0%,0%,8,22.2
plane bar,0,0,4,0,0%,0%,8,0
ancor pub,0,0,4,14,0%,0%,8.25,8
quiz near me,0,0,4,0,0%,0%,9,0
where to eat near me,0,0,4,4,0%,0%,9.25,22.5
pizza offers tuesday,0,0,4,2,0%,0%,9.5,69
best sunday lunch near me,0,0,4,3,0%,0%,9.75,8
anchor road chip shop,0,0,4,1,0%,0%,10.25,24
food open now,0,0,4,1,0%,0%,10.25,4
pubs in terminal 3 heathrow,0,0,4,0,0%,0%,10.25,0
anchor bar and grill menu,0,0,4,3,0%,0%,10.5,56.67
heathrow terminal 3 long stay car park postcode,0,0,4,0,0%,0%,10.5,0
cosy pubs near me,0,0,4,0,0%,0%,10.75,0
terminal 3 pubs,0,0,4,8,0%,0%,11,8.88
heathrow spotters,0,0,4,0,0%,0%,11.25,0
heathrow terminal 3 parking long stay rates,0,0,4,0,0%,0%,11.25,0
pub opposite windsor castle,0,0,4,1,0%,0%,11.75,30
roast dinners,0,0,4,2,0%,0%,12.75,6
plane spotting at heathrow,0,0,4,0,0%,0%,13.5,0
pizza offers on tuesday,0,0,4,2,0%,0%,13.75,16.5
heathrow terminal 2 bars,0,0,4,21,0%,0%,14,24.48
nice pubs near me,0,0,4,15,0%,0%,15.75,20.13
disaronno logo,0,0,4,47,0%,0%,16.75,21.34
staines nightlife,0,0,4,4,0%,0%,17.25,43.25
pub british airways,0,0,4,4,0%,0%,18.75,25
england rugby autumn internationals 2024,0,0,4,13,0%,0%,19.25,54.69
restaurants outside heathrow airport,0,0,4,0,0%,0%,19.25,0
tuesday pizza deals near me,0,0,4,2,0%,0%,19.75,5
dog friendly restaurants near me,0,0,4,4,0%,0%,20.75,13
pubs near renaissance hotel heathrow,0,0,4,6,0%,0%,21,29.5
snooker near me,0,0,4,6,0%,0%,21,19.83
parking heathrow terminal 3 short stay,0,0,4,0,0%,0%,22.25,0
when are the autumn internationals,0,0,4,3,0%,0%,22.25,79
the anchor oxford menu,0,0,4,0,0%,0%,22.5,0
terminal 2 heathrow bars,0,0,4,0,0%,0%,23.5,0
restaurants near heathrow terminal 4,0,1,4,4,0%,25%,23.75,39
buy one get one free pizza near me,0,0,4,49,0%,0%,24.25,38.37
tequila tastings,0,0,4,3,0%,0%,24.5,21
heathrow airport parking terminal 3 short stay,0,0,4,0,0%,0%,24.75,0
country pub,0,0,4,0,0%,0%,25,0
bars in staines,0,0,4,24,0%,0%,26.25,27.58
anchor london pub,0,0,4,36,0%,0%,26.5,52.42
pizza heathrow,0,0,4,0,0%,0%,27,0
heathrow terminal 4 long stay parking postcode,0,0,4,0,0%,0%,28,0
pub food staines,0,0,4,67,0%,0%,28,30.03
best pub near heathrow,0,0,4,8,0%,0%,28.25,16.5
terminal 3 bars heathrow,0,0,4,0,0%,0%,29.5,0
anchor hullbridge menu,0,0,4,0,0%,0%,30.5,0
aviation bar,0,0,4,0,0%,0%,30.75,0
restaurants in heathrow terminal 2,0,0,4,4,0%,0%,31,50.5
gastropubs near me,0,0,4,2,0%,0%,32.5,27
the anchor bar dundee menu,0,0,4,0,0%,0%,32.75,0
restaurant heathrow terminal 3,0,0,4,2,0%,0%,33.5,38.5
restaurants near heathrow terminal 2,0,0,4,30,0%,0%,33.75,35.9
shared christmas parties surrey,0,0,4,0,0%,0%,33.75,0
autumn internationals 2024 fixtures,0,0,4,28,0%,0%,34.25,45.07
gastro pub near me,0,0,4,5,0%,0%,34.5,21
the anchor bexley menu,0,0,4,0,0%,0%,35.75,0
the anchor bankside menu,0,0,4,0,0%,0%,36,0
heathrow parking terminal 3 postcode,0,0,4,0,0%,0%,36.75,0
restaurant in terminal 4,0,0,4,2,0%,0%,37.25,50
england autumn internationals 2024,0,0,4,75,0%,0%,38.25,48.43
heathrow terminal 5 long stay parking directions,0,0,4,0,0%,0%,38.75,0
car parking heathrow compare,0,0,4,0,0%,0%,39.5,0
book heathrow parking,0,0,4,0,0%,0%,39.75,0
heathrow airport parking terminal 3 long stay,0,0,4,0,0%,0%,41.25,0
pubs on bath road heathrow,0,0,4,4,0%,0%,41.25,47.5
the anchor walberswick menu,0,0,4,0,0%,0%,42.75,0
the anchor line menu,0,0,4,6,0%,0%,44,51.83
dog-friendly pubs in staines,0,0,4,168,0%,0%,44.25,39.4
la anchor menu,0,0,4,2,0%,0%,44.75,69
restaurants heathrow t2,0,0,4,0,0%,0%,45,0
best butter chicken in staines,0,0,4,0,0%,0%,45.25,0
cheap car parking heathrow terminal 4,0,0,4,0,0%,0%,45.5,0
food restaurants near me,0,0,4,1,0%,0%,45.75,3
food places in staines,0,0,4,5,0%,0%,47,45.4
tequila tasting experience,0,0,4,0,0%,0%,47.25,0
long stay heathrow terminal 5 parking,0,0,4,0,0%,0%,48.25,0
the anchor london england,0,0,4,3,0%,0%,48.25,66.67
pubs ashford middlesex,0,0,4,0,0%,0%,50,0
restaurants near heathrow airport,0,0,4,1,0%,0%,50.25,1
the anchor pyrford menu,0,0,4,2,0%,0%,50.25,45.5
restaurant staines,0,0,4,2,0%,0%,51.25,55
car parking heathrow terminal 3 long stay,0,0,4,0,0%,0%,52,0
bar near heathrow airport,0,0,4,5,0%,0%,52.5,72.2
heathrow bars,0,0,4,92,0%,0%,53,60.41
anchor pub wisley,0,0,4,4,0%,0%,53.75,42.5
anchor tideswell,0,0,4,4,0%,0%,53.75,44.75
heathrow cheap airport parking,0,0,4,0,0%,0%,54,0
the anchor southbank,0,0,4,10,0%,0%,54.25,59.2
the anchor tideswell,0,0,4,7,0%,0%,54.25,46.14
wetherspoons terminal 4,0,0,4,7,0%,0%,55.25,80.43
pubs with beer gardens in staines,0,0,4,99,0%,0%,55.5,41.51
restaurants heathrow,0,0,4,0,0%,0%,56,0
anchorline menu,0,0,4,4,0%,0%,57.5,64
autumn internationals england fixtures,0,0,4,2,0%,0%,58,50
the anchor inn bristol menu,0,0,4,0,0%,0%,59.25,0
2 for 1 pizza,0,0,4,0,0%,0%,60,0
cheap airport parking at heathrow,0,0,4,0,0%,0%,60.25,0
watch autumn internationals,0,0,4,11,0%,0%,63.25,77.09
does heathrow have free wifi,0,0,4,0,0%,0%,67.5,0
heathrow conference venues,0,0,4,0,0%,0%,72.75,0
autumn internationals 2024 tv,0,0,4,9,0%,0%,75.75,85
how to watch autumn internationals,0,0,4,7,0%,0%,75.75,62.71
where to watch the euros in surrey,0,0,4,21,0%,0%,75.75,74.57
parking at terminal 1 heathrow,0,0,4,0,0%,0%,76,0
conference venue heathrow,0,0,4,0,0%,0%,76.25,0
car parks heathrow,0,0,4,0,0%,0%,76.5,0
conference room staines,0,0,4,1,0%,0%,79.75,74
hotels near terminal 2 heathrow with parking,0,0,4,0,0%,0%,83.25,0
christmas party in surrey,0,0,4,0,0%,0%,88.75,0
where to watch six nations surrey,0,0,4,0,0%,0%,90.25,0
hotels near heathrow flexible meeting room options,0,0,4,0,0%,0%,92,0
venues for hire egham,0,0,4,0,0%,0%,94.25,0
diwali 2023 activities,0,0,4,1,0%,0%,97,93
3 items associated with day of the dead,0,0,3,0,0%,0%,1,0
activities for dia de los muertos,0,0,3,0,0%,0%,1,0
all types of liquor,0,0,3,2,0%,0%,1,1
anchor event,0,0,3,3,0%,0%,1,8
best italian liquor,0,0,3,4,0%,0%,1,1
bingo near me,0,0,3,0,0%,0%,1,0
day of the dead objects,0,0,3,1,0%,0%,1,1
different liquors,0,0,3,0,0%,0%,1,0
famous alcohol shots,0,0,3,3,0%,0%,1,1
heathrow hotels with free parking 14 days,0,0,3,0,0%,0%,1,0
italian alcohol brands,0,0,3,6,0%,0%,1,1
italian spirits list,0,0,3,1,0%,0%,1,1
popular mixed shots,0,0,3,1,0%,0%,1,1
popular shot,0,0,3,4,0%,0%,1,1
popular shots drinks,0,0,3,1,0%,0%,1,1
things associated with dia de los muertos,0,0,3,0,0%,0%,1,0
things that represent day of the dead,0,0,3,0,0%,0%,1,0
what plants repel bees,0,0,3,17,0%,0%,1,1
what sizes of inches cider are avai,0,0,3,0,0%,0%,1,0
anchor menu with prices,0,0,3,0,0%,0%,1.33,0
m25 status,0,0,3,0,0%,0%,2.67,0
pub quizzes near me,0,0,3,0,0%,0%,3.33,0
buy one get one free tuesday,0,0,3,0,0%,0%,4.67,0
fish and chips near me,0,0,3,3,0%,0%,5,7
pubs with private room,0,0,3,0,0%,0%,5.33,0
takeaway near me,0,0,3,1,0%,0%,5.33,7
nearest pub from my location,0,0,3,0,0%,0%,6,0
pizza offer on tuesday,0,0,3,1,0%,0%,6,18
tuesday 2 for 1,0,0,3,0,0%,0%,6,0
pool table near me,0,0,3,7,0%,0%,6.33,11.14
atlantic cod and chips,0,0,3,0,0%,0%,6.67,0
dog friendly pubs near me,0,0,3,9,0%,0%,6.67,12.22
pub lunch near me,0,0,3,11,0%,0%,7,13.45
nice pub near me,0,0,3,3,0%,0%,7.67,11
pizza tuesday deal,0,0,3,1,0%,0%,7.67,12
quiz nights near me,0,0,3,3,0%,0%,8.33,3.33
the anchor pib,0,0,3,7,0%,0%,8.33,6.57
the anchor inn christmas market,0,0,3,0,0%,0%,8.67,0
the anchor roast dinner,0,0,3,2,0%,0%,8.67,6.5
autumn rugby internationals,0,0,3,176,0%,0%,9,70.44
rugby autumn internationals,0,0,3,233,0%,0%,9,74.99
english pub near me,0,0,3,3,0%,0%,10,3.67
neat blue anchor pub hammersmith parking free,0,0,3,0,0%,0%,10,0
two for one tuesday,0,0,3,0,0%,0%,10,0
traditional british fish & chip shop,0,0,3,0,0%,0%,10.33,0
sunny's stanwell,0,0,3,0,0%,0%,10.67,0
fish and chips at heathrow airport,0,0,3,0,0%,0%,11,0
greggs heathrow terminal 2,0,0,3,0,0%,0%,11,0
sports bar near me,0,0,3,0,0%,0%,11,0
anchor brewhouse parking,0,0,3,0,0%,0%,11.33,0
cute pubs near me,0,0,3,0,0%,0%,11.33,0
the anchor parking,0,0,3,1,0%,0%,11.33,97
sunday lunch,0,0,3,7,0%,0%,11.67,13
places to eat sunday roast near me,0,0,3,0,0%,0%,12,0
watching planes at heathrow,0,0,3,0,0%,0%,12,0
heathrow terminal 4 pubs,0,0,3,2,0%,0%,13,13
pubs open near me,0,0,3,4,0%,0%,13.67,13.5
the anchor heybridge menu,0,0,3,2,0%,0%,13.67,13
m25 services near heathrow,0,0,3,0,0%,0%,14,0
the anchor bar and grill,0,0,3,11,0%,0%,14,13.73
best roast dinners near me,0,0,3,0,0%,0%,14.33,0
heathrow terminal 3 parking long stay postcode,0,0,3,0,0%,0%,14.33,0
pizza deal on tuesday,0,0,3,1,0%,0%,14.67,23
pool table pub near me,0,0,3,1,0%,0%,15,8
lamb shank,0,0,3,0,0%,0%,15.33,0
nice restaurants near me,0,0,3,3,0%,0%,15.33,16
buy one get one free pizza tuesday,0,0,3,2,0%,0%,16.33,7
heathrow parking t3 long stay,0,0,3,0,0%,0%,16.33,0
nice roast dinners near me,0,0,3,0,0%,0%,16.67,0
roast pub,0,0,3,0,0%,0%,16.67,0
best pubs in staines,0,0,3,87,0%,0%,18,28.91
good sunday roast near me,0,0,3,2,0%,0%,18,6.5
the anchor location london,0,0,3,0,0%,0%,18,0
stanwell village,0,0,3,0,0%,0%,19,0
cheapest long stay parking heathrow,0,0,3,0,0%,0%,19.33,0
pizza specials tuesday,0,0,3,1,0%,0%,19.33,14
anchor near me,0,0,3,3,0%,0%,20,14
heathrow terminal 2 parking,0,0,3,0,0%,0%,20,0
pizza tuesday specials,0,0,3,3,0%,0%,20,19
top rated restaurants,0,0,3,0,0%,0%,20,0
anchor room,0,0,3,4,0%,0%,20.67,43.75
kid friendly pubs near me,0,0,3,1,0%,0%,21,39
roast dinner restaurant near me,0,0,3,0,0%,0%,21.33,0
anchors pub,0,0,3,13,0%,0%,22,15.23
pizza in bedfont,0,0,3,5,0%,0%,23.33,36.4
the anchor walton on thames,0,0,3,1,0%,0%,23.33,2
heathrow parking options,0,0,3,0,0%,0%,24,0
anchor parking,0,0,3,0,0%,0%,25.33,0
best restaurants near heathrow airport,0,0,3,0,0%,0%,26,0
the anchor hemel hempstead menu,0,0,3,0,0%,0%,26,0
tuesday pizza specials,0,0,3,4,0%,0%,26.67,14.5
bar terminal 5,0,0,3,2,0%,0%,27.33,63
family restaurants near me,0,0,3,0,0%,0%,28.67,0
when do autumn internationals start,0,0,3,0,0%,0%,29,0
anchor opening times,0,0,3,0,0%,0%,30.33,0
the anchor faversham menu,0,0,3,0,0%,0%,30.33,0
heathrow parking long stay terminal 4,0,0,3,0,0%,0%,30.67,0
the anchor aspley guise menu,0,0,3,0,0%,0%,32,0
cheap car parking near heathrow,0,0,3,0,0%,0%,32.33,0
restaurants near terminal 4 heathrow,0,0,3,0,0%,0%,32.33,0
terminal 5 restaurants heathrow,0,0,3,0,0%,0%,32.33,0
heathrow airport parking long term,0,0,3,0,0%,0%,33.33,0
cheap long term parking heathrow,0,0,3,0,0%,0%,34,0
what restaurants are in heathrow terminal 3,0,0,3,0,0%,0%,34,0
places to eat heathrow terminal 3,0,0,3,0,0%,0%,35,0
restaurants heathrow terminal 5,0,0,3,2,0%,0%,35,45
egham pubs,0,0,3,4,0%,0%,36.33,51.5
the anchor inn menu with prices,0,0,3,0,0%,0%,36.67,0
2024 autumn internationals,0,0,3,11,0%,0%,37,54.55
parking heathrow keep keys,0,0,3,0,0%,0%,37,0
cheapest parking heathrow,0,0,3,0,0%,0%,38.33,0
cheap airport parking heathrow,0,0,3,0,0%,0%,39.67,0
the anchor irby menu,0,0,3,0,0%,0%,40,0
pubs in ashford middlesex,0,0,3,0,0%,0%,40.33,0
cheap car park heathrow,0,0,3,0,0%,0%,41,0
the anchor cockwood menu,0,0,3,0,0%,0%,42.67,0
brunch in staines,0,0,3,0,0%,0%,43.67,0
heathrow short term parking t5,0,0,3,0,0%,0%,44,0
scotland autumn internationals 2024,0,0,3,43,0%,0%,44.33,51.77
heathrow business parking shuttle bus,0,0,3,0,0%,0%,45,0
heathrow viewing,0,0,3,0,0%,0%,45.67,0
the anchor bristol menu,0,0,3,0,0%,0%,46.33,0
terminal 3 heathrow parking postcode,0,0,3,0,0%,0%,46.67,0
places to eat heathrow,0,0,3,0,0%,0%,47.33,0
the anchors,0,0,3,0,0%,0%,47.67,0
disaranno,0,0,3,7,0%,0%,48,76.43
dog training heathrow,0,0,3,7,0%,0%,48,42.57
heathrow parking official site,0,0,3,0,0%,0%,48,0
cheap heathrow airport parking,0,0,3,0,0%,0%,48.33,0
disarano,0,0,3,13,0%,0%,48.67,56.31
terminal 2 heathrow long stay car park,0,0,3,0,0%,0%,49,0
terminal 5 bar,0,0,3,2,0%,0%,49,51.5
lhr terminal 2 short stay parking,0,0,3,0,0%,0%,49.33,0
the anchor runsell green,0,0,3,3,0%,0%,51.33,50.33
england autumn internationals fixtures,0,0,3,4,0%,0%,52.33,40.75
anchor cambridge menu,0,0,3,0,0%,0%,52.67,0
cheap parking heathrow t4,0,0,3,0,0%,0%,53,0
christmas party pub hindhead,0,0,3,0,0%,0%,53.67,0
how to watch the autumn internationals,0,0,3,0,0%,0%,54,0
book heathrow airport parking,0,0,3,0,0%,0%,54.67,0
anchor tap menu,0,0,3,2,0%,0%,55.33,48
heathrow t5 long term parking,0,0,3,0,0%,0%,55.33,0
the anchor pub wisley,0,0,3,4,0%,0%,55.33,39
anchor at walberswick menu,0,0,3,9,0%,0%,57.33,4.11
anchor line glasgow menu,0,0,3,5,0%,0%,57.67,60.2
anchor line menu,0,0,3,5,0%,0%,58.33,61
anchor burwell,0,0,3,3,0%,0%,58.67,53.67
ale pubs staines,0,0,3,61,0%,0%,59,55.46
restaurants at heathrow airport terminal 5,0,0,3,0,0%,0%,60,0
autumn rugby internationals schedule,0,0,3,0,0%,0%,61,0
the anchor woking,0,0,3,5,0%,0%,61.33,72.4
anchor tap london,0,0,3,17,0%,0%,62,71.29
christmas party in harrow,0,0,3,0,0%,0%,62,0
the anchor lewisham,0,0,3,2,0%,0%,62.67,71
the anchor borough market,0,0,3,1,0%,0%,63.67,53
the anchor inn tideswell,0,0,3,2,0%,0%,64.67,54.5
cheapest airport parking at heathrow,0,0,3,0,0%,0%,65,0
the anchor pyrford,0,0,3,10,0%,0%,69,56
car park long stay heathrow,0,0,3,0,0%,0%,70.67,0
where to watch autumn internationals uk,0,0,3,0,0%,0%,71,0
heathrow long stay parking terminal 2 and 3,0,0,3,0,0%,0%,71.33,0
christmas party pub ascot,0,0,3,0,0%,0%,72.67,0
christmas party pub elstead,0,0,3,0,0%,0%,75.33,0
the anchor west byfleet,0,0,3,7,0%,0%,80,68.71
the anchor lincoln,0,0,3,0,0%,0%,80.67,0
heathrow t 2 parking,0,0,3,1,0%,0%,81.33,89
where to watch rugby autumn internationals,0,0,3,6,0%,0%,81.67,59
christmas party in redhill,0,0,3,0,0%,0%,82.67,0
heathrow meeting room,0,0,3,0,0%,0%,82.67,0
november autumn rugby internationals,0,0,3,0,0%,0%,84.67,0
anchor tap,0,0,3,4,0%,0%,85.33,97.5
rugby autumn internationals tv coverage,0,0,3,0,0%,0%,90,0
tv coverage rugby autumn internationals,0,0,3,0,0%,0%,90.33,0
which tv channel is showing the rugby autumn internationals,0,0,3,0,0%,0%,90.67,0
london heathrow terminal 3 departures postcode,0,0,3,0,0%,0%,92.67,0
alcohol brand names,0,0,2,0,0%,0%,1,0
best beer in the world,0,0,2,0,0%,0%,1,0
best italian liquors,0,0,2,4,0%,0%,1,1
common shot drinks,0,0,2,3,0%,0%,1,1
day of the dead items,0,0,2,2,0%,0%,1,1
day of the dead traditional foods,0,0,2,0,0%,0%,1,0
dia de los muertos important symbols,0,0,2,0,0%,0%,1,0
dia de los muertos items,0,0,2,0,0%,0%,1,0
drop anchor shiraz,0,0,2,0,0%,0%,1,0
el dia de los muertos symbols,0,0,2,0,0%,0%,1,0
famous bar shots,0,0,2,3,0%,0%,1,1
famous liqueur brands,0,0,2,1,0%,0%,1,1
inchs drink,0,0,2,0,0%,0%,1,0
italian liquers,0,0,2,5,0%,0%,1,1
italian liqueur brands,0,0,2,3,0%,0%,1,1
italian liquors,0,0,2,12,0%,0%,1,1
italian schnapps,0,0,2,1,0%,0%,1,1
italian spirit drink,0,0,2,8,0%,0%,1,1
italian spirits,0,0,2,28,0%,0%,1,1
italy famous alcohol,0,0,2,0,0%,0%,1,0
lambs navy rum,0,0,2,0,0%,0%,1,0
liqueur name list,0,0,2,1,0%,0%,1,1
liquor brand names,0,0,2,1,0%,0%,1,1
liquor brands,0,0,2,0,0%,0%,1,0
pancake day 2029,0,0,2,1,0%,0%,1,1
popular irish whiskeys,0,0,2,0,0%,0%,1,0
popular liqueur brands,0,0,2,0,0%,0%,1,0
popular shooters,0,0,2,1,0%,0%,1,1
shots drinks list,0,0,2,0,0%,0%,1,0
site:the-anchor.pub,0,1,2,19,0%,5.26%,1,1
stanwell moor road heathrow,0,0,2,11,0%,0%,1,16.27
symbols of day of the dead,0,0,2,3,0%,0%,1,42
the anchor hotel menu with prices,0,0,2,0,0%,0%,1,0
the george pub,0,0,2,0,0%,0%,1,0
the happy man,0,0,2,0,0%,0%,1,0
top 10 best beers,0,0,2,3,0%,0%,1,1
top 10 irish whiskey,0,0,2,2,0%,0%,1,1
top 10 irish whiskey brands,0,0,2,5,0%,0%,1,1
top liqueurs,0,0,2,7,0%,0%,1,1
types of liqueur names,0,0,2,0,0%,0%,1,0
what are the symbols for dia de los muertos,0,0,2,0,0%,0%,1,0
what do people eat on day of the dead,0,0,2,0,0%,0%,1,0
when is the rugby autumn internationals,0,0,2,0,0%,0%,1,0
where to plane spot at heathrow,0,0,2,0,0%,0%,1,0
cheap places to eat out,0,0,2,0,0%,0%,1.5,0
pub near heathrow to watch planes,0,6,0,57,0%,10.53%,0,5.53
coors logo,0,2,0,1753,0%,0.11%,0,1
carling,0,2,0,1190,0%,0.17%,0,40.96
counterpoint chardonnay,0,2,0,44,0%,4.55%,0,4.86
el pico sauvignon blanc tesco,0,2,0,24,0%,8.33%,0,1.12
best fish and chips near heathrow,0,2,0,8,0%,25%,0,7.38
carling beer,0,1,0,299,0%,0.33%,0,21.93
is carling british,0,1,0,116,0%,0.86%,0,9.82
abbot beer,0,1,0,88,0%,1.14%,0,17.81
pebble bay zinfandel rose,0,1,0,70,0%,1.43%,0,5.61
abbot ale history,0,1,0,27,0%,3.7%,0,2.44
chambord liqueur history,0,1,0,27,0%,3.7%,0,6.89
three pebble bay zinfandel rose,0,1,0,26,0%,3.85%,0,6.65
inches cider logo,0,1,0,25,0%,4%,0,1.2
carling black label beer,0,1,0,23,0%,4.35%,0,1.96
stanwell moor news,0,1,0,21,0%,4.76%,0,10
pubs with food near me,0,1,1,18,0%,5.56%,3,26.44
el pico sauvignon blanc chile,0,1,0,14,0%,7.14%,0,1.21
abbot ale logo,0,1,0,10,0%,10%,0,3.5
restaurants near me open now,0,1,1,10,0%,10%,111,12.8
abbot brewery,0,1,0,8,0%,12.5%,0,10.25
the anchor windsor,0,1,0,7,0%,14.29%,0,2.86
good pub food near me,0,1,2,7,0%,14.29%,10.5,19.71
pebble bay rose,0,1,0,6,0%,16.67%,0,1
the anchor hullbridge dog friendly,0,1,0,6,0%,16.67%,0,1
riverside pubs near me,0,1,0,5,0%,20%,0,25.8
what's in desperados,0,1,0,4,0%,25%,0,10.75
carling original lager,0,1,0,4,0%,25%,0,13
best sunday roast near me open now,0,1,0,3,0%,33.33%,0,5.33
the anxhor,0,1,1,3,0%,33.33%,11,5.33
good food pubs near me,0,1,0,3,0%,33.33%,0,8.33
pubs near.me,0,1,1,3,0%,33.33%,6,11.33
ale brands,0,1,0,2,0%,50%,0,2
château de chambord photos,0,1,0,2,0%,50%,0,3
pubs with music near me,0,1,1,2,0%,50%,15,4
sunday roast dinners near me,0,1,0,2,0%,50%,0,9
pub with pool table near me,0,1,0,2,0%,50%,0,37
best street food uk,0,1,0,1,0%,100%,0,1
food near me location,0,1,0,1,0%,100%,0,1
where to eat heathrow,0,1,0,1,0%,100%,0,1
food near heathrow airport,0,1,1,1,0%,100%,50,2
pubs around heathrow airport,0,1,0,1,0%,100%,0,2
pubs with parking,0,1,0,1,0%,100%,0,2
restaurants near here,0,1,0,1,0%,100%,0,2
sunday pub roast,0,1,1,1,0%,100%,15,2
the anchour,0,1,0,1,0%,100%,0,2
things to do in chambord,0,1,0,1,0%,100%,0,2
traduction desperados,0,1,0,1,0%,100%,0,2
desperados bière origine,0,1,0,1,0%,100%,0,3
pub inn near me,0,1,0,1,0%,100%,0,4
nice places to eat near me,0,1,0,1,0%,100%,0,5
nice pubs,0,1,1,1,0%,100%,48,7
pubs that are open on christmas day,0,1,0,1,0%,100%,0,7
ploughman's lunch near me,0,1,0,1,0%,100%,0,9
captain morgan's dark rum,0,1,0,1,0%,100%,0,12
buttery nipple shot,0,0,0,927,0%,0%,0,1
baby guinness,0,0,0,847,0%,0%,0,41.89
chambord,0,0,0,671,0%,0%,0,67.65
rum brands,0,0,0,656,0%,0%,0,1.02
glenmorangie,0,0,0,627,0%,0%,0,87.5
bushmills,0,0,0,524,0%,0%,0,75.46
baby guinness shot,0,0,0,436,0%,0%,0,43.75
baby guiness,0,0,0,405,0%,0%,0,39.88
carling lager,0,0,0,399,0%,0%,0,34.13
bushmills whiskey,0,0,0,359,0%,0%,0,70.25
where corona beer originated,0,0,0,354,0%,0%,0,10.9
abbot ale,0,0,0,290,0%,0%,0,30.61
autumn nations 2024,0,0,1,252,0%,0%,78,50.54
desperado beer,0,0,0,237,0%,0%,0,46.74
piesporter wine,0,0,1,236,0%,0%,1,42.96
desperados,0,0,0,235,0%,0%,0,41.86
piesporter,0,0,0,232,0%,0%,0,51.84
festive decoration anchor testing,0,0,0,232,0%,0%,0,62.83
autumn nations fixtures,0,0,0,221,0%,0%,0,68.13
autumn internationals rugby,0,0,0,215,0%,0%,0,55.14
newcastle brown ale,0,0,0,211,0%,0%,0,49.64
inches cider,0,0,1,209,0%,0%,2,59.57
desperados beer,0,0,0,207,0%,0%,0,53.47
3 pebble bay zinfandel rose,0,0,0,199,0%,0%,0,2.17
where is bombay sapphire made,0,0,0,188,0%,0%,0,38.82
pancakes in feltham,0,0,2,183,0%,0%,38.5,31.65
fosters,0,0,0,180,0%,0%,0,70.77
traditional fish and chips,0,0,0,178,0%,0%,0,51.29
bushmills whisky,0,0,0,173,0%,0%,0,79.53
what is a baby guinness,0,0,0,171,0%,0%,0,49.6
where is bombay gin made,0,0,0,170,0%,0%,0,47.14
what is disaronno,0,0,2,168,0%,0%,68,56.51
counterpoint shiraz,0,0,0,166,0%,0%,0,6.85
what's in a baby guinness shot,0,0,0,166,0%,0%,0,55.61
how bombay sapphire is made,0,0,0,163,0%,0%,0,40.77
what is bombay sapphire gin made from,0,0,0,162,0%,0%,0,38.11
what is bombay gin made from,0,0,0,162,0%,0%,0,42.16
where is bombay sapphire gin made,0,0,0,158,0%,0%,0,44.04
anchor bankside,0,0,1,157,0%,0%,46,66.01
how to make baby guinness,0,0,0,156,0%,0%,0,41.53
sicilian lemon gin,0,0,0,156,0%,0%,0,74.5
what makes bombay sapphire blue,0,0,0,154,0%,0%,0,42.96
what botanicals are in bombay sapphire,0,0,0,153,0%,0%,0,46.37
bombay gin where is it from,0,0,0,153,0%,0%,0,60.98
day of the dead traditions,0,0,1,150,0%,0%,1,47.79
bushmills irish whiskey,0,0,0,150,0%,0%,0,58.63
venue hire near heathrow,0,0,0,149,0%,0%,0,37.67
why is bombay sapphire blue,0,0,0,146,0%,0%,0,45.21
bombay sapphire gin where is it made,0,0,0,144,0%,0%,0,45.99
bombay sapphire where is it made,0,0,0,142,0%,0%,0,43.62
what is bombay sapphire made from,0,0,0,142,0%,0%,0,48.28
why is it called bombay sapphire,0,0,0,140,0%,0%,0,39.04
when was bombay sapphire made,0,0,0,137,0%,0%,0,40.67
why is bombay sapphire called bombay sapphire,0,0,0,137,0%,0%,0,43.61
why bombay sapphire is called bombay sapphire,0,0,0,134,0%,0%,0,47.55
how is bombay sapphire gin made,0,0,0,131,0%,0%,0,48.34
what is jameson whiskey made from,0,0,0,130,0%,0%,0,36.07
how is bombay sapphire made,0,0,0,129,0%,0%,0,48.69
where is bombay gin from,0,0,0,124,0%,0%,0,60.96
corona beer,0,0,0,124,0%,0%,0,66.18
baby guinness ingredients,0,0,0,120,0%,0%,0,77.17
corona extra,0,0,1,119,0%,0%,1,68.25
what is pink gin made from,0,0,0,117,0%,0%,0,67.58
baby guinness recipe,0,0,0,116,0%,0%,0,36.12
where does bombay sapphire gin come from,0,0,0,115,0%,0%,0,42.94
where is bombay sapphire from,0,0,0,115,0%,0%,0,56.91
ara sauvignon blanc,0,0,0,113,0%,0%,0,30.84
golden ginger,0,0,0,111,0%,0%,0,71.56
how to make a baby guinness,0,0,0,107,0%,0%,0,41.72
desperado drink,0,0,0,107,0%,0%,0,49.91
bombay sapphire gin history,0,0,0,106,0%,0%,0,46.85
hendrick's gin food pairing,0,0,0,105,0%,0%,0,6.2
where does bombay gin originate from,0,0,0,102,0%,0%,0,62.27
chambord alcohol,0,0,0,100,0%,0%,0,78.66
gordons gin,0,0,0,99,0%,0%,0,56.28
autumn nations series fixtures,0,0,0,99,0%,0%,0,73.34
counterpoint wine,0,0,0,98,0%,0%,0,10.24
white peach gin cocktail,0,0,0,98,0%,0%,0,37.01
fosters beer,0,0,0,98,0%,0%,0,53.18
vermouth extra dry cocktails,0,0,0,97,0%,0%,0,41.8
cozy home heathrow airport,0,0,0,94,0%,0%,0,79.53
where is bushmills whiskey made,0,0,0,93,0%,0%,0,59.57
extra dry vermouth cocktails,0,0,0,90,0%,0%,0,45.64
fish and chips shop menu items,0,0,2,89,0%,0%,12,10.87
carling brewery,0,0,0,89,0%,0%,0,50.27
what % is bombay sapphire,0,0,0,89,0%,0%,0,56.57
baby guinness shot recipe,0,0,0,88,0%,0%,0,46.23
bombay sapphire botanicals,0,0,0,87,0%,0%,0,34.31
pino grigio wine,0,0,0,86,0%,0%,0,56.7
what is bombay sapphire gin,0,0,0,86,0%,0%,0,57.13
coors beer logo,0,0,0,85,0%,0%,0,1
what is bombay sapphire,0,0,0,84,0%,0%,0,56.73
bars staines,0,0,2,83,0%,0%,30.5,30.65
digital nomad with pets,0,0,2,81,0%,0%,34,39.62
magners,0,0,0,80,0%,0%,0,59.26
chambord liqueur,0,0,0,78,0%,0%,0,68.67
smirnoff raspberry crush,0,0,0,77,0%,0%,0,62.16
greene king beers on tap,0,0,0,76,0%,0%,0,24.61
autumn international rugby,0,0,0,76,0%,0%,0,60.2
traditions of dia de los muertos,0,0,0,76,0%,0%,0,62.21
what is chambord,0,0,0,76,0%,0%,0,81.54
what is a bombay sapphire,0,0,0,74,0%,0%,0,55.43
baby guinness shot ingredients,0,0,0,74,0%,0%,0,64.74
bar etiquette,0,0,0,73,0%,0%,0,33.73
pub sports promotions,0,0,0,73,0%,0%,0,77.88
pubs in terminal 2 landside,0,0,0,72,0%,0%,0,34.79
how many botanicals in bombay sapphire,0,0,0,72,0%,0%,0,75.36
autumn rugby fixtures,0,0,0,71,0%,0%,0,50.97
gordons gin flavours,0,0,0,70,0%,0%,0,36.53
what's in a baby guiness,0,0,0,70,0%,0%,0,41.61
bombay sapphire gin country of origin,0,0,0,70,0%,0%,0,45.27
what is bombay gin,0,0,0,69,0%,0%,0,53.41
what % is bombay sapphire gin,0,0,0,69,0%,0%,0,57.88
desperados beer ingredients,0,0,0,68,0%,0%,0,2.76
corporate event venues in staines pubs,0,0,0,68,0%,0%,0,26.59
who makes bombay sapphire gin,0,0,0,68,0%,0%,0,35.22
what's a baby guinness shot,0,0,0,67,0%,0%,0,66.1
bombay premium gin,0,0,0,66,0%,0%,0,64.95
what are the most awarded gin brands?,0,0,0,65,0%,0%,0,1
fosters logo,0,0,0,65,0%,0%,0,6.94
san miguel beer origin,0,0,0,65,0%,0%,0,18
autumn nations series 2024,0,0,0,65,0%,0%,0,64.11
carling beer origin,0,0,0,64,0%,0%,0,9.11
coors light,0,0,0,64,0%,0%,0,60.08
san miguel origin,0,0,0,63,0%,0%,0,10.05
mini guinness drink,0,0,0,63,0%,0%,0,46.81
opihr,0,0,0,63,0%,0%,0,49.13
what flavour is pink gin,0,0,0,63,0%,0%,0,77.02
greene king abbot ale,0,0,0,62,0%,0%,0,40.6
bombay sapphire is what,0,0,0,62,0%,0%,0,58.42
newcastle beer,0,0,0,61,0%,0%,0,29.61
who makes bombay gin,0,0,0,61,0%,0%,0,37.02
what's in a mini guinness,0,0,0,61,0%,0%,0,40.98
greene king ipa,0,0,0,61,0%,0%,0,45.15
pub sports promo,0,0,0,61,0%,0%,0,72.97
british chippy,0,0,2,60,0%,0%,22.5,16.58
how to serve opihr gin,0,0,0,60,0%,0%,0,23.5
desperados logo,0,0,0,60,0%,0%,0,26.7
what is a race night,0,0,0,60,0%,0%,0,66.13
what is in pink gin,0,0,0,60,0%,0%,0,77.08
what colour is bombay sapphire gin,0,0,0,59,0%,0%,0,44.76
what colour is bombay sapphire,0,0,0,58,0%,0%,0,42.78
newcastle ale,0,0,0,58,0%,0%,0,63.26
what makes pink gin pink,0,0,0,58,0%,0%,0,71.43
heathrow rewards wifi,0,0,0,58,0%,0%,0,77.41
top-rated beer brands,0,0,0,57,0%,0%,0,1.26
disaronno taste,0,0,0,57,0%,0%,0,26.84
corona beer origin,0,0,0,57,0%,0%,0,37.32
what makes pink gin,0,0,0,57,0%,0%,0,69.18
british pub etiquette,0,0,0,56,0%,0%,0,24.52
old mout cider,0,0,0,56,0%,0%,0,63.34
what is in a baby guinness shot,0,0,0,56,0%,0%,0,68.23
gummy bear shots,0,0,0,55,0%,0%,0,1
baby guinness origin,0,0,0,55,0%,0%,0,7
what type of drink is bombay sapphire,0,0,0,55,0%,0%,0,50.71
carling origin,0,0,0,54,0%,0%,0,8.57
where is jameson whiskey from,0,0,0,54,0%,0%,0,33.67
baby guiness shot,0,0,0,54,0%,0%,0,38.65
desperados drink,0,0,0,53,0%,0%,0,35.13
bombay sapphire why blue,0,0,0,53,0%,0%,0,43.47
who makes bombay sapphire,0,0,0,53,0%,0%,0,45.47
pravha beer,0,0,0,53,0%,0%,0,46.08
autumn internationals schedule,0,0,0,53,0%,0%,0,60.7
can i be a digital nomad with a dog,0,0,0,53,0%,0%,0,68.75
carling beer uk,0,0,0,52,0%,0%,0,19.23
how do bombay make gin,0,0,0,52,0%,0%,0,44.1
archers drink,0,0,0,52,0%,0%,0,49.17
dia de los muertos traditions,0,0,1,52,0%,0%,1,63.12
where is bombay sapphire distilled,0,0,0,52,0%,0%,0,70.4
what is chambord liqueur,0,0,0,52,0%,0%,0,72.88
when was jameson whiskey founded,0,0,0,51,0%,0%,0,27.73
gordon gin,0,0,0,51,0%,0%,0,73.55
how do you make baby guinness,0,0,0,50,0%,0%,0,56.88
what makes gin pink,0,0,0,50,0%,0%,0,69.62
what is a chippy in the uk,0,0,0,49,0%,0%,0,9.94
gordons gin logo,0,0,0,49,0%,0%,0,30.35
how old is jameson whiskey,0,0,0,49,0%,0%,0,34.59
corona extra beer,0,0,0,49,0%,0%,0,63.88
gin ingredients bombay sapphire,0,0,0,49,0%,0%,0,64.78
pink gin flavour,0,0,0,48,0%,0%,0,62.54
what grain is bombay sapphire gin made from,0,0,0,48,0%,0%,0,63.62
bombay sapphire promotions,0,0,0,47,0%,0%,0,65.55
rugby union autumn internationals,0,0,0,46,0%,0%,0,73.09
pink gin flavours,0,0,0,46,0%,0%,0,73.57
new greene king beers,0,0,0,46,0%,0%,0,76.13
magners logo,0,0,0,45,0%,0%,0,7.27
what is alcohol bombay sapphire,0,0,0,45,0%,0%,0,48.04
bombay sapphire label,0,0,0,45,0%,0%,0,49.96
"""venue hire near me""",0,0,0,44,0%,0%,0,23.25
uk pub chain for family staines,0,0,0,44,0%,0%,0,29.41
best real ale staines,0,0,0,44,0%,0%,0,34.41
pink gin ingredients,0,0,0,44,0%,0%,0,80.39
coors light logo,0,0,0,43,0%,0%,0,1
whiskey apple,0,0,0,43,0%,0%,0,57.63
bombay sapphire facts,0,0,0,43,0%,0%,0,82.74
jonny and ginger cocktail,0,0,0,42,0%,0%,0,18.14
mojito in feltham,0,0,0,42,0%,0%,0,49.1
rugby autumn internationals results,0,0,0,42,0%,0%,0,54
newcastle brown,0,0,0,42,0%,0%,0,57.57
what do you serve bombay sapphire gin with,0,0,0,42,0%,0%,0,73.76
what is pink gin,0,0,0,42,0%,0%,0,81.26
evaluate the gin company hendrick's gin on food pairing,0,0,0,41,0%,0%,0,4.27
el pico wine,0,0,1,40,0%,0%,33,1.57
who makes jameson whiskey,0,0,0,40,0%,0%,0,27.27
jameson whiskey where is it made,0,0,0,40,0%,0%,0,28.75
mini guiness shot,0,0,0,40,0%,0%,0,44.77
anchor inn by greene king inns beer,0,0,0,40,0%,0%,0,62.95
californian white wine,0,0,0,40,0%,0%,0,79.05
carling black label,0,0,0,39,0%,0%,0,2.1
where is abbot ale brewed,0,0,0,39,0%,0%,0,6.69
who made jameson whiskey,0,0,0,39,0%,0%,0,20.59
archers alcohol,0,0,0,39,0%,0%,0,42.67
ireland rugby autumn international fixtures,0,0,0,39,0%,0%,0,55.95
vegas bomb,0,0,0,38,0%,0%,0,1
how many calories in a pint of pravha,0,0,0,38,0%,0%,0,11.84
corporate event venues in egham pubs,0,0,0,38,0%,0%,0,12.34
chip shop food,0,0,0,38,0%,0%,0,13.53
abbott ale,0,0,0,38,0%,0%,0,18.87
giotto pinot grigio,0,0,0,37,0%,0%,0,5.59
london heathrow terminal 5 restaurants,0,0,2,37,0%,0%,46.5,44.89
raspberry crush cocktail,0,0,0,37,0%,0%,0,49.86
autumn series 2024,0,0,1,37,0%,0%,74,60.76
spiced gold rum,0,0,0,37,0%,0%,0,91.59
desperado logo,0,0,0,36,0%,0%,0,2.47
sunday roast pub near me,0,0,0,36,0%,0%,0,29.14
old mout,0,0,0,36,0%,0%,0,34.19
pub anchor london,0,0,0,36,0%,0%,0,50.03
gordon's gin,0,0,0,36,0%,0%,0,59.89
dia de los muertos traditional drinks,0,0,0,36,0%,0%,0,73.67
interior refurbishment heathrow,0,0,0,36,0%,0%,0,84.56
redbull liquor drink,0,0,0,35,0%,0%,0,1
chippy food,0,0,0,35,0%,0%,0,20.69
day of the dead meaning and symbols,0,0,0,35,0%,0%,0,30.17
fish and chips culture,0,0,0,35,0%,0%,0,42.89
autumn tests 2024,0,0,0,35,0%,0%,0,49.6
indian restaurant in heathrow,0,0,0,35,0%,0%,0,59
bombay gin blue bottle,0,0,0,35,0%,0%,0,64.57
greene king new beers,0,0,0,35,0%,0%,0,82.6
vegas bomb shot recipe tipsy bartender,0,0,0,34,0%,0%,0,1
when was carling first brewed,0,0,0,34,0%,0%,0,7.38
where is carling brewed,0,0,0,34,0%,0%,0,16.47
desperados beer origin,0,0,0,34,0%,0%,0,27.91
what is baby guinness,0,0,0,34,0%,0%,0,35.76
can you only find greene king beers in the uk,0,0,0,34,0%,0%,0,37.06
digital nomad with dog,0,0,0,34,0%,0%,0,44.06
mini guinness,0,0,0,34,0%,0%,0,52.47
california white wine,0,0,0,34,0%,0%,0,88.91
pink gin flavouring,0,0,0,34,0%,0%,0,100.32
gordon's gin history,0,0,0,33,0%,0%,0,16.12
corona beer history,0,0,0,33,0%,0%,0,20.3
bombay sapphire logo,0,0,0,33,0%,0%,0,23.64
desperado beer flavours,0,0,0,33,0%,0%,0,25.18
apple whiskey,0,0,0,33,0%,0%,0,76.06
liqueur chambord,0,0,0,33,0%,0%,0,77.39
bombay sapphire gin from which country,0,0,0,33,0%,0%,0,82.61
popular shots at a bar,0,0,0,32,0%,0%,0,1
pub tips,0,0,0,32,0%,0%,0,29.72
day of the dead customs,0,0,0,32,0%,0%,0,34.38
what is fish and chips in england,0,0,0,32,0%,0%,0,39.69
best indian restaurant in heathrow,0,0,0,32,0%,0%,0,40.75
how to make a mini guinness,0,0,0,32,0%,0%,0,49.09
mini guinness cocktail,0,0,0,32,0%,0%,0,50.94
archers peach schnapps,0,0,0,32,0%,0%,0,60.72
what is a chip shop,0,0,0,31,0%,0%,0,11
restaurants t5 heathrow,0,0,1,31,0%,0%,44,38.1
jagermeister history,0,0,0,31,0%,0%,0,40.42
dia de los muertos customs,0,0,0,31,0%,0%,0,49.45
williams chase gin,0,0,0,31,0%,0%,0,55.65
stanwell moor surrey neighbourhood,0,0,0,30,0%,0%,0,10.73
newcastle brown beer,0,0,0,30,0%,0%,0,38.43
disaronno flavors,0,0,1,30,0%,0%,48,38.47
old mout cider flavours,0,0,0,30,0%,0%,0,41.17
coors light beer,0,0,0,30,0%,0%,0,45.57
what is in disaronno,0,0,0,30,0%,0%,0,52.57
desperados beer logo,0,0,0,29,0%,0%,0,1
desperados beer flavours,0,0,0,29,0%,0%,0,23.28
courvoisier logo,0,0,0,29,0%,0%,0,31.97
bombay sapphire origin,0,0,0,29,0%,0%,0,33.93
autumn international fixtures,0,0,0,29,0%,0%,0,44.97
seasonal decoration anchor testing,0,0,0,29,0%,0%,0,48.59
london anchor pub,0,0,1,29,0%,0%,35,58.14
anchor bankside pub,0,0,0,29,0%,0%,0,58.17
race night,0,0,0,29,0%,0%,0,81.38
inchs cider logo,0,0,0,28,0%,0%,0,4
corporate event venues in terminal 2 landside pubs,0,0,0,28,0%,0%,0,6.18
pebble bay rose wine,0,0,0,28,0%,0%,0,8.21
is carling english,0,0,0,28,0%,0%,0,12.04
anchor pub near me,0,0,2,28,0%,0%,5,20.71
disaronno flavours,0,0,2,28,0%,0%,34.5,26.14
piesporter michelsberg,0,0,0,28,0%,0%,0,30.32
jagermeister origin,0,0,0,28,0%,0%,0,41.96
mini guinness shot,0,0,0,28,0%,0%,0,50.32
what beers do greene king pubs sell,0,0,0,28,0%,0%,0,50.89
disaronno what is it,0,0,0,28,0%,0%,0,54.71
disaronno flavour,0,0,0,28,0%,0%,0,58.11
what is chambord alcohol,0,0,0,28,0%,0%,0,65.5
abbots beer,0,0,0,27,0%,0%,0,19.67
pubs terminal 2 landside,0,0,0,27,0%,0%,0,39
newcastle ale beer,0,0,0,27,0%,0%,0,42.41
what is courvoisier,0,0,0,27,0%,0%,0,46.89
anchor tap pub london,0,0,1,27,0%,0%,63,64.33
how old is bombay sapphire gin,0,0,0,27,0%,0%,0,70.89
bingo cash prize,0,0,0,27,0%,0%,0,85.78
corporate event venues in t2 airside pubs,0,0,0,26,0%,0%,0,8.85
desperado beer ingredients,0,0,0,26,0%,0%,0,11.65
bacardi breeze,0,0,0,26,0%,0%,0,14.38
traditional english pubs terminal 2 landside,0,0,0,26,0%,0%,0,17.62
raspberry sambuca,0,0,0,26,0%,0%,0,22.88
gordons logo,0,0,0,26,0%,0%,0,25.77
pubs in feltham,0,0,1,26,0%,0%,35,35.42
autumn series rugby fixtures,0,0,0,26,0%,0%,0,49.27
autumn.internationals 2024,0,0,0,26,0%,0%,0,50.65
pravha,0,0,0,26,0%,0%,0,50.92
sunflower seeds for bees,0,0,0,26,0%,0%,0,51.19
the anchor bankside,0,0,0,26,0%,0%,0,56.54
day of the dead in mexico traditions,0,0,0,26,0%,0%,0,59.23
bombay sapphire gin specials,0,0,0,26,0%,0%,0,90.5
plants that repel bees,0,0,0,25,0%,0%,0,1
is carling an english beer,0,0,0,25,0%,0%,0,8.84
disaronno history,0,0,2,25,0%,0%,10,11.48
abbott beer,0,0,0,25,0%,0%,0,13
whats in a baby guiness,0,0,0,25,0%,0%,0,41.08
places to eat heathrow t5,0,0,0,25,0%,0%,0,44.4
bombay gin vs bombay sapphire,0,0,0,25,0%,0%,0,44.56
fosters lager,0,0,0,25,0%,0%,0,54.28
bombay sapphire glass promotion,0,0,0,25,0%,0%,0,59.36
pink gin brands,0,0,0,25,0%,0%,0,63.88
havana club 7,0,0,0,25,0%,0%,0,64.4
what is martini rosso,0,0,0,25,0%,0%,0,77.12
grigio,0,0,0,25,0%,0%,0,93.16
coors logi,0,0,0,24,0%,0%,0,1
jager bomb,0,0,0,24,0%,0%,0,1.25
archers vodka,0,0,0,24,0%,0%,0,7.58
newcastle brown ale star,0,0,0,24,0%,0%,0,8.04
corona extra history,0,0,0,24,0%,0%,0,8.88
san miguel origin country,0,0,0,24,0%,0%,0,10.08
british pub culture staines,0,0,0,24,0%,0%,0,11.92
white peach ginfood and drink,0,0,0,24,0%,0%,0,37.75
what is corona extra,0,0,0,24,0%,0%,0,38.25
bombay sapphire gin ingredients,0,0,0,24,0%,0%,0,41.58
guinness shot,0,0,0,24,0%,0%,0,45.08
disaronno flavor,0,0,1,24,0%,0%,51,48.96
the anchor pub southwark,0,0,0,24,0%,0%,0,56.38
autumn international,0,0,0,24,0%,0%,0,62.42
what channel are the rugby internationals on,0,0,0,24,0%,0%,0,68.5
jack daniels apple,0,0,0,24,0%,0%,0,74.17
mixer for bombay sapphire gin,0,0,0,24,0%,0%,0,79.08
newcastle brown ale blue star,0,0,0,23,0%,0%,0,2.48
dpl restaurant & bar menu,0,0,0,23,0%,0%,0,3.09
pebble bay zinfandel,0,0,0,23,0%,0%,0,4.13
is archers vodka,0,0,0,23,0%,0%,0,5.43
i heart merlot review,0,0,0,23,0%,0%,0,11.48
abbotts ale,0,0,0,23,0%,0%,0,13.17
day of the dead rituals,0,0,1,23,0%,0%,1,27.48
gordon's gin logo,0,0,0,23,0%,0%,0,30.17
bars at heathrow terminal 3,0,0,1,23,0%,0%,22,32.52
desperado tequila,0,0,0,23,0%,0%,0,33.17
what's in a baby guinness,0,0,0,23,0%,0%,0,40.52
little guinness,0,0,0,23,0%,0%,0,63.91
how to make baby guinness shot,0,0,0,23,0%,0%,0,64.43
what is in bombay sapphire gin,0,0,0,23,0%,0%,0,69.39
dia de los muertos tradition,0,0,0,23,0%,0%,0,71.52
what do you drink bombay sapphire with,0,0,0,23,0%,0%,0,78.7
bombay sapphire how to serve,0,0,0,23,0%,0%,0,93.04
gordon's gin flavor profile,0,0,0,22,0%,0%,0,8.09
toast to the dead,0,0,0,22,0%,0%,0,8.73
what bees like sunflower seeds,0,0,0,22,0%,0%,0,9.05
where did baby guinness originate,0,0,0,22,0%,0%,0,9.27
jameson whiskey history,0,0,0,22,0%,0%,0,26.68
magners in ireland,0,0,0,22,0%,0%,0,27.14
how is jameson whiskey made,0,0,0,22,0%,0%,0,27.91
where is gordon's gin made,0,0,0,22,0%,0%,0,28.09
jameson history,0,0,0,22,0%,0%,0,30.55
what is in a baby guinness,0,0,0,22,0%,0%,0,36.09
t5 heathrow restaurants,0,0,2,22,0%,0%,48.5,38.82
manager's specials,0,0,0,22,0%,0%,0,40.36
british pub food menu heathrow airport,0,0,0,22,0%,0%,0,42.23
who owns gordons gin,0,0,0,22,0%,0%,0,48.14
what does disaronno taste like,0,0,0,22,0%,0%,0,50.55
aperol spritz bar,0,0,0,22,0%,0%,0,53.09
baby guinness shots,0,0,0,22,0%,0%,0,54.09
baby guineas,0,0,0,22,0%,0%,0,55
welsh autumn internationals 2024,0,0,0,22,0%,0%,0,56.45
wales rugby autumn international dates,0,0,0,22,0%,0%,0,61.77
magners cider,0,0,0,22,0%,0%,0,71.36
anchor london,0,0,2,22,0%,0%,83.5,74.77
favorite beer in us,0,0,0,21,0%,0%,0,1
magners flavours,0,0,0,21,0%,0%,0,12.05
margarita spritz,0,0,0,21,0%,0%,0,13.71
abbots ale,0,0,0,21,0%,0%,0,17.29
the anchor beer,0,0,0,21,0%,0%,0,30.14
history of jagermeister,0,0,0,21,0%,0%,0,37.05
bombay dry gin vs bombay sapphire,0,0,0,21,0%,0%,0,43.95
what is jagermeister,0,0,0,21,0%,0%,0,44.24
bombay sapphire ingredients,0,0,0,21,0%,0%,0,49.29
old mout berries and cherries,0,0,0,21,0%,0%,0,50.29
gin bombay blue,0,0,0,21,0%,0%,0,50.38
gordon's gin ingredients,0,0,0,21,0%,0%,0,51.57
history of april fools day,0,0,0,21,0%,0%,0,70.43
what % is pink gin,0,0,0,21,0%,0%,0,81.05
pino gris wine,0,0,0,21,0%,0%,0,87.86
coors mountain logo,0,0,0,20,0%,0%,0,1.95
what is archers drink,0,0,0,20,0%,0%,0,22.5
bombay saphire logo,0,0,0,20,0%,0%,0,23.6
what is disaronno made of,0,0,0,20,0%,0%,0,29.25
bars in heathrow terminal 3,0,0,2,20,0%,0%,13,30.05
does desperados have tequila in it,0,0,0,20,0%,0%,0,30.3
what flavour is disaronno,0,0,1,20,0%,0%,40,38.95
bombay gin ingredients,0,0,0,20,0%,0%,0,39.3
chambord royale,0,0,0,20,0%,0%,0,40.65
what is grey goose,0,0,0,20,0%,0%,0,42.75
traditional english pubs heathrow airport,0,0,0,20,0%,0%,0,43.1
what kind of alcohol is bombay sapphire,0,0,0,20,0%,0%,0,47.9
site:.pub,0,0,0,20,0%,0%,0,53.3
bells whisky distillery,0,0,0,20,0%,0%,0,54.9
what is grey goose vodka,0,0,0,20,0%,0%,0,55.95
lhr t5 restaurants,0,0,2,20,0%,0%,65,56.05
how to make mini guinness,0,0,0,20,0%,0%,0,57
blue bombay sapphire,0,0,0,20,0%,0%,0,64.55
raspberry crush vodka,0,0,0,20,0%,0%,0,65.2
what flavour is bombay sapphire gin,0,0,0,20,0%,0%,0,77.85
what's the best light beer,0,0,0,19,0%,0%,0,1
christmas party pub terminal 2 landside,0,0,0,19,0%,0%,0,2.79
what's in desperado beer,0,0,0,19,0%,0%,0,11.05
gordons gin history,0,0,0,19,0%,0%,0,14.63
the british chip shop menu,0,0,1,19,0%,0%,10,14.74
pub near feltham,0,0,0,19,0%,0%,0,25.84
the ancor,0,0,2,19,0%,0%,7.5,28.68
bars in terminal 3 heathrow,0,0,2,19,0%,0%,32.5,36.95
orchard thieves tap,0,0,0,19,0%,0%,0,37.58
baby guinness recipes,0,0,0,19,0%,0%,0,39.84
pink sambuca,0,0,0,19,0%,0%,0,40.16
where is corona beer from,0,0,0,19,0%,0%,0,42.37
martini extra dry cocktails,0,0,0,19,0%,0%,0,45.58
what's in a mini guinness shot,0,0,0,19,0%,0%,0,46.16
bombay london dry gin vs bombay sapphire,0,0,0,19,0%,0%,0,50.42
gordons,0,0,0,19,0%,0%,0,54.37
coolers beer,0,0,0,19,0%,0%,0,62.16
olmeca,0,0,0,19,0%,0%,0,88.11
inches logo,0,0,0,18,0%,0%,0,1.61
is carling a good beer,0,0,0,18,0%,0%,0,2.06
the anchor photos,0,0,1,18,0%,0%,4,7.11
san miguel beer origin country,0,0,0,18,0%,0%,0,10.22
corporate event venues in winkton pubs,0,0,0,18,0%,0%,0,19.28
opihr gin review,0,0,0,18,0%,0%,0,30.44
classic british dishes heathrow airport,0,0,0,18,0%,0%,0,33.94
baileys irish cream hot chocolate,0,0,0,18,0%,0%,0,43.17
little guinness shot,0,0,0,18,0%,0%,0,44.06
mexico day of the dead traditions,0,0,0,18,0%,0%,0,48.39
autumn international rugby fixtures,0,0,0,18,0%,0%,0,49.17
who owns bombay gin,0,0,0,18,0%,0%,0,51.44
alexander gordon gin,0,0,0,18,0%,0%,0,53.39
autumn internationals results,0,0,0,18,0%,0%,0,56.22
where to watch autumn internationals,0,0,2,18,0%,0%,77.5,59.33
what is black label,0,0,0,18,0%,0%,0,61.67
bombay sapphire gin blue,0,0,0,18,0%,0%,0,65.28
the anchor borough,0,0,1,18,0%,0%,17,67.22
autumn rugby series,0,0,0,18,0%,0%,0,68.78
little guinness shot recipe,0,0,0,18,0%,0%,0,70.28
charity race night,0,0,0,18,0%,0%,0,75.83
bombay sapphire made in which country,0,0,0,18,0%,0%,0,82.17
who founded grey goose,0,0,0,18,0%,0%,0,83.89
martini rosso,0,0,0,18,0%,0%,0,96.89
desperados beer history,0,0,0,17,0%,0%,0,3.29
day of the dead spirits,0,0,0,17,0%,0%,0,6.18
where does carling come from,0,0,0,17,0%,0%,0,8.82
baby guinness shot glasses,0,0,0,17,0%,0%,0,13
pico a pico sauvignon blanc,0,0,0,17,0%,0%,0,14.35
pravha pilsner,0,0,0,17,0%,0%,0,14.59
newcastle brown ale logo,0,0,0,17,0%,0%,0,16
origin of san miguel beer,0,0,0,17,0%,0%,0,18.06
what is a chippy in england,0,0,0,17,0%,0%,0,18.76
gordon's white peach ginfood and drink,0,0,0,17,0%,0%,0,24.71
smirnoff raspberry crush cocktail,0,0,0,17,0%,0%,0,28.88
agave mexico,0,0,0,17,0%,0%,0,29.41
where is jameson whiskey made,0,0,0,17,0%,0%,0,31.35
desperado tequila beer,0,0,0,17,0%,0%,0,36.12
chambord taste,0,0,0,17,0%,0%,0,36.41
bailey hot,0,0,0,17,0%,0%,0,36.71
the anchor inn beer,0,0,0,17,0%,0%,0,40.29
bombay gin vs sapphire,0,0,0,17,0%,0%,0,41.71
pubs heathrow airport,0,0,0,17,0%,0%,0,42.71
jägermeister origin,0,0,0,17,0%,0%,0,43.18
foster beer,0,0,0,17,0%,0%,0,43.82
what is a baby guiness,0,0,0,17,0%,0%,0,46.88
rugby autumn tests,0,0,0,17,0%,0%,0,47.65
mini guiness,0,0,0,17,0%,0%,0,49.94
miniature guinness shot,0,0,0,17,0%,0%,0,61.47
what does malibu taste like,0,0,0,17,0%,0%,0,68.71
bombay sapphire vs bombay dry gin,0,0,0,17,0%,0%,0,72.47
raspberry crush,0,0,0,17,0%,0%,0,80.76
what do you drink with bombay sapphire,0,0,0,17,0%,0%,0,85.88
famous shots alcohol,0,0,0,16,0%,0%,0,1
three pebbles zinfandel,0,0,0,16,0%,0%,0,4
british chip shop menu,0,0,0,16,0%,0%,0,8.75
abbot ale brewery,0,0,0,16,0%,0%,0,10.38
what role do local communities play in tequila production?,0,0,0,16,0%,0%,0,10.56
magners cider flavours,0,0,0,16,0%,0%,0,17.62
jameson origin,0,0,0,16,0%,0%,0,30.25
what is baby guiness,0,0,0,16,0%,0%,0,45.69
what is disaronno made from,0,0,1,16,0%,0%,64,46.56
pubs in heathrow airport,0,0,0,16,0%,0%,0,47.62
bombay dry gin vs sapphire,0,0,0,16,0%,0%,0,55.56
pub sunday lunch,0,0,0,16,0%,0%,0,57.44
autumn rugby internationals results,0,0,0,16,0%,0%,0,60.69
flavors of sambuca,0,0,0,16,0%,0%,0,61.44
autumn internationals dates,0,0,0,16,0%,0%,0,62.31
what is gordon's,0,0,0,16,0%,0%,0,63.69
tips for working remotely with pets effectively,0,0,0,16,0%,0%,0,63.94
historic british pub chain staines,0,0,2,16,0%,0%,57,70.31
day of the dead celebration activities and traditions,0,0,0,16,0%,0%,0,74.75
anchor brewhouse,0,0,1,16,0%,0%,70,79.06
espresso cocktails,0,0,0,16,0%,0%,0,81.88
popular beer brands list,0,0,0,15,0%,0%,0,1
"the anchor, brampton menu",0,0,0,15,0%,0%,0,3
magners cider logo,0,0,0,15,0%,0%,0,12.07
history of corona beer,0,0,0,15,0%,0%,0,13.13
pravha calories,0,0,0,15,0%,0%,0,20.53
gordon's dry gin bottle history,0,0,0,15,0%,0%,0,22.87
what is desperado drink,0,0,0,15,0%,0%,0,23.13
traditions of the day of the dead,0,0,0,15,0%,0%,0,25
history of jameson whiskey,0,0,0,15,0%,0%,0,25.8
where was fosters made,0,0,0,15,0%,0%,0,32.33
breeze cocktails,0,0,0,15,0%,0%,0,37.67
who owns magners,0,0,0,15,0%,0%,0,40.13
drambuie history,0,0,0,15,0%,0%,0,41.6
carling brewed,0,0,0,15,0%,0%,0,43.73
baby guinnes,0,0,0,15,0%,0%,0,43.87
mexican day of the dead traditions,0,0,0,15,0%,0%,0,43.93
new castle beer,0,0,0,15,0%,0%,0,44
rugby autumn internationals fixtures,0,0,0,15,0%,0%,0,45.13
desperados beer usa,0,0,0,15,0%,0%,0,45.73
anchor beer,0,0,0,15,0%,0%,0,46.67
gordon's gin flavours,0,0,0,15,0%,0%,0,47.67
mexican agave,0,0,1,15,0%,0%,93,48.73
where is foster's brewed,0,0,0,15,0%,0%,0,51.93
old mout flavours,0,0,0,15,0%,0%,0,52.67
where is fosters made,0,0,0,15,0%,0%,0,57.07
day of the dead mexico traditions,0,0,0,15,0%,0%,0,57.13
autumn series rugby 2024,0,0,0,15,0%,0%,0,57.6
what is drambuie,0,0,0,15,0%,0%,0,60.13
whats in pink gin,0,0,0,15,0%,0%,0,61.93
ale pubs egham,0,0,0,15,0%,0%,0,62.93
day of the dead holiday traditions,0,0,0,15,0%,0%,0,63.27
archer drink,0,0,0,15,0%,0%,0,63.47
cocktail bar egham,0,0,0,15,0%,0%,0,64.27
where is drambuie made,0,0,0,15,0%,0%,0,67.73
brown ale,0,0,0,15,0%,0%,0,78.6
premium cabernet sauvignon,0,0,0,15,0%,0%,0,79.87
carling original,0,0,0,15,0%,0%,0,80.47
bombay sapphire what to drink with,0,0,0,15,0%,0%,0,81.73
celebration of the day of the dead in mexico,0,0,0,15,0%,0%,0,84.13
dessert shots alcohol,0,0,0,14,0%,0%,0,1
popular beers,0,0,0,14,0%,0%,0,1.5
newcastle brown ale font,0,0,0,14,0%,0%,0,2.64
anchor pub & grille menu,0,0,2,14,0%,0%,6.5,3.93
british pub culture terminal 2 landside,0,0,0,14,0%,0%,0,4.5
"""abbot ale""",0,0,0,14,0%,0%,0,5.21
is desperados french,0,0,0,14,0%,0%,0,7.29
fish and chip shop menu items,0,0,0,14,0%,0%,0,7.5
apple cider pub,0,0,0,14,0%,0%,0,9.43
desperados beer origin country,0,0,0,14,0%,0%,0,9.71
old mout cider watermelon and lime,0,0,0,14,0%,0%,0,9.86
where is inches brewed,0,0,0,14,0%,0%,0,10.21
pubs with private rooms in terminal 2 landside,0,0,0,14,0%,0%,0,12.79
newcastle brown ale brewery,0,0,0,14,0%,0%,0,24.86
where is newcastle brown ale brewed,0,0,0,14,0%,0%,0,27.93
fosters beer logo,0,0,0,14,0%,0%,0,28.29
grey goose history,0,0,0,14,0%,0%,0,29.57
smirnoff raspberry,0,0,0,14,0%,0%,0,31.43
archers alcopop,0,0,0,14,0%,0%,0,32.07
mexican day of the dead symbols,0,0,0,14,0%,0%,0,35.21
where is malibu rum made,0,0,0,14,0%,0%,0,37.57
british ale pubs in terminal 2 landside,0,0,0,14,0%,0%,0,39.36
desperados flavours,0,0,0,14,0%,0%,0,41.64
ingredients of bombay sapphire gin,0,0,0,14,0%,0%,0,41.86
opihr gin mixer,0,0,0,14,0%,0%,0,42.36
anchor in,0,0,1,14,0%,0%,6,45.07
what's in baby guinness,0,0,0,14,0%,0%,0,47.36
mini guinness recipe,0,0,0,14,0%,0%,0,51
is bombay sapphire blue,0,0,0,14,0%,0%,0,68.71
british pub culture reading,0,0,0,14,0%,0%,0,75.21
facundo bacardi,0,0,0,14,0%,0%,0,77.36
pino grigio wine australia,0,0,0,14,0%,0%,0,91.36
coora logo,0,0,0,13,0%,0%,0,1
desperado beer logo,0,0,0,13,0%,0%,0,1
plants that deter bees,0,0,1,13,0%,0%,1,1
the chip shop menu,0,0,0,13,0%,0%,0,4
what is a british chippy,0,0,0,13,0%,0%,0,9.23
where does desperado beer come from,0,0,0,13,0%,0%,0,10
which bees like sunflower seeds,0,0,0,13,0%,0%,0,10.23
"""greene king ipa""",0,0,0,13,0%,0%,0,11.38
where is carling from,0,0,0,13,0%,0%,0,13.23
agave in mexico,0,0,0,13,0%,0%,0,18.77
jameson whiskey origin,0,0,0,13,0%,0%,0,21.77
desperados bier,0,0,0,13,0%,0%,0,22.54
carling uk,0,0,0,13,0%,0%,0,22.85
good pubs near heathrow,0,0,0,13,0%,0%,0,23.31
bushmills logo,0,0,0,13,0%,0%,0,25.54
bells whisky logo,0,0,0,13,0%,0%,0,25.69
where is san miguel beer from,0,0,0,13,0%,0%,0,25.85
carling logo,0,0,0,13,0%,0%,0,27.08
traditions for day of the dead,0,0,0,13,0%,0%,0,29.54
desperado beer origin,0,0,0,13,0%,0%,0,30.92
what is grey goose vodka made from,0,0,0,13,0%,0%,0,31.92
fosters beer origin,0,0,0,13,0%,0%,0,37.46
what is disaronno liqueur,0,0,0,13,0%,0%,0,38.15
desperado alcohol,0,0,0,13,0%,0%,0,39.62
smirnoff raspberry crush vodka,0,0,0,13,0%,0%,0,42.46
anchor tavern london,0,0,1,13,0%,0%,24,45.31
gordons drink,0,0,0,13,0%,0%,0,47.54
fall rugby internationals,0,0,0,13,0%,0%,0,48.69
summer events pubs in staines,0,0,0,13,0%,0%,0,48.69
guinness shots,0,0,0,13,0%,0%,0,50.85
wales autumn internationals 2024,0,0,0,13,0%,0%,0,56.08
rugby november internationals,0,0,1,13,0%,0%,90,57.38
old mount cider,0,0,0,13,0%,0%,0,63.69
archers liquor,0,0,0,13,0%,0%,0,64.46
rum havana club 7,0,0,0,13,0%,0%,0,66.15
inch cider,0,0,0,13,0%,0%,0,67.08
inch's cider,0,0,2,13,0%,0%,2,67.92
what is chambord used for,0,0,0,13,0%,0%,0,68.31
bingo work night reading,0,0,0,13,0%,0%,0,70.62
dissarano,0,0,1,13,0%,0%,47,71.46
irish bushmills whiskey,0,0,0,13,0%,0%,0,72.46
how does a race night work,0,0,0,13,0%,0%,0,75.15
england rugby pub,0,0,0,13,0%,0%,0,76.15
agave and tequila,0,0,0,13,0%,0%,0,78
day of the dead tequila,0,0,0,13,0%,0%,0,81
heathrow hotel and parking t2,0,0,2,13,0%,0%,62.5,87.15
corporate event solutions,0,0,0,13,0%,0%,0,98.23
most popular beer in the world,0,0,0,12,0%,0%,0,1
popular shots at bars,0,0,0,12,0%,0%,0,1
what plants deter bees,0,0,1,12,0%,0%,1,1
why do people dress up for day of the dead,0,0,0,12,0%,0%,0,1
jägerbomb,0,0,0,12,0%,0%,0,1.25
el pico cabernet sauvignon chile,0,0,0,12,0%,0%,0,3.5
food near me open now,0,0,0,12,0%,0%,0,5.83
chip shop items,0,0,0,12,0%,0%,0,8.17
corporate event venues in heathrow airport pubs,0,0,0,12,0%,0%,0,8.5
bombay sapphire,0,0,0,12,0%,0%,0,9
old mout watermelon,0,0,0,12,0%,0%,0,9.58
how can digital nomads build trust in the pet sitting space?,0,0,0,12,0%,0%,0,10.25
english chip shop,0,0,0,12,0%,0%,0,10.42
when was coors light first introduced,0,0,0,12,0%,0%,0,10.42
whats in desperados,0,0,0,12,0%,0%,0,10.75
san miguel beer country,0,0,0,12,0%,0%,0,11.17
carling bier,0,0,0,12,0%,0%,0,14.67
chip shop menu uk,0,0,0,12,0%,0%,0,16.75
pub etiquette,0,0,0,12,0%,0%,0,16.92
what is a baby guinness shot,0,0,0,12,0%,0%,0,19.17
sambuca raspberry,0,0,0,12,0%,0%,0,22.33
staines bars,0,0,2,12,0%,0%,20,26.5
where is inches cider made,0,0,0,12,0%,0%,0,29.08
archers cocktails,0,0,0,12,0%,0%,0,30.67
abbot ale review,0,0,0,12,0%,0%,0,36.42
grey goose vodka origin,0,0,0,12,0%,0%,0,36.42
desperados tequila beer,0,0,0,12,0%,0%,0,37.25
foster beer origin,0,0,0,12,0%,0%,0,37.33
gordon's gin bottles through the ages,0,0,0,12,0%,0%,0,41.08
desparados,0,0,0,12,0%,0%,0,42.25
day of the dead customs and traditions,0,0,0,12,0%,0%,0,42.67
guinness shot drink,0,0,0,12,0%,0%,0,43.92
desperados tequila,0,0,0,12,0%,0%,0,44
autumn rugby international fixtures,0,0,1,12,0%,0%,92,45.83
bushmills whiskey history,0,0,0,12,0%,0%,0,49.58
british food fish and chips,0,0,2,12,0%,0%,76.5,51
archers schnapps,0,0,0,12,0%,0%,0,51.25
day of the dead tradition,0,0,0,12,0%,0%,0,51.75
bushmills irish,0,0,0,12,0%,0%,0,54.25
international autumn rugby,0,0,0,12,0%,0%,0,59.33
chamboard,0,0,0,12,0%,0%,0,60.67
what makes a pink gin,0,0,0,12,0%,0%,0,63.67
uk pub chain for family heathrow airport,0,0,0,12,0%,0%,0,65.33
fosters lager beer,0,0,0,12,0%,0%,0,66.58
what does chambord taste like,0,0,0,12,0%,0%,0,66.92
how to serve hendricks gin,0,0,0,12,0%,0%,0,67.17
tequila and agave,0,0,0,12,0%,0%,0,71.58
bells distillery,0,0,0,12,0%,0%,0,71.75
bombay mixers,0,0,0,12,0%,0%,0,73
sunday pub lunch near me,0,0,1,12,0%,0%,5,73.67
race nights,0,0,0,12,0%,0%,0,74.25
day of the dead a celebration of life,0,0,0,12,0%,0%,0,74.67
new zealand rugby pub,0,0,0,12,0%,0%,0,75.08
what kind of gin is bombay sapphire,0,0,0,12,0%,0%,0,77.17
chambord raspberry liqueur,0,0,0,12,0%,0%,0,81.08
what is a chambord,0,0,0,12,0%,0%,0,82.08
what is in chambord,0,0,0,12,0%,0%,0,82.92
autumn rugby union internationals,0,0,0,12,0%,0%,0,84.67
autumn rugby internationals on tv,0,0,1,12,0%,0%,81,85.75