Top queries,Clicks,Impressions,CTR,Position
karaoke monday night near me,1,1,100%,11
traditional english pubs heathrow,0,82,0%,23.62
iconic pubs to visit in heathrow airport,0,62,0%,67.65
british ale pubs in heathrow,0,61,0%,16.67
iconic pubs to visit in heathrow,0,52,0%,65.44
historic british pub chain heathrow,0,47,0%,24.7
historic british pub chain heathrow airport,0,46,0%,37.54
where to find live music pubs in heathrow,0,46,0%,71.28
british pub food menu heathrow,0,45,0%,14.6
site:www.the-anchor.pub,0,40,0%,13.3
traditional english pubs heathrow airport,0,40,0%,35.92
best pubs in heathrow,0,40,0%,61.88
pubs for wedding receptions in heathrow airport,0,39,0%,78.26
pubs in heathrow,0,38,0%,67.97
pubs with beer gardens in heathrow,0,38,0%,72.13
pub food heathrow,0,35,0%,51.29
pubs with beer gardens in heathrow airport,0,34,0%,66.91
where to find live music pubs in heathrow airport,0,33,0%,76.18
best ale pubs heathrow,0,30,0%,51.5
pubs near heathrow airport,0,30,0%,53.97
oldest pubs in heathrow,0,30,0%,59.93
pubs with private rooms in heathrow airport,0,30,0%,62.27
pubs in heathrow airport,0,30,0%,70.7
best pubs in heathrow airport,0,26,0%,67.81
british ale pubs in heathrow airport,0,25,0%,26.12
dog-friendly pubs in heathrow airport,0,25,0%,86.08
ale pubs heathrow,0,24,0%,21.58
oldest pubs in heathrow airport,0,24,0%,67.12
pub food heathrow airport,0,23,0%,63.7
british pub food menu heathrow airport,0,21,0%,38.43
the anchor heathrow,0,20,0%,1.95
pub heathrow,0,20,0%,63
dog-friendly pubs in heathrow,0,20,0%,88.1
best ale pubs heathrow airport,0,18,0%,56.44
craft beer pubs in heathrow,0,18,0%,58.11
pubs near renaissance hotel heathrow,0,16,0%,7.56
real ale pubs heathrow,0,16,0%,16.5
pubs with private rooms in heathrow,0,16,0%,77.62
trivia night in surrey,0,15,0%,3.33
pubs near radisson blu heathrow,0,15,0%,8.13
the anchor pub quiz,0,14,0%,3.79
pubs near heathrow,0,14,0%,45
ale pubs heathrow airport,0,13,0%,47
pub near heathrow,0,13,0%,49.31
pub anchor karaoke,0,12,0%,9.75
pubs bath road heathrow,0,12,0%,18
pub bingo near me,0,12,0%,48.33
craft beer pubs in heathrow airport,0,12,0%,58.92
pubs on bath road heathrow,0,10,0%,13.9
pub quiz near me,0,10,0%,22.5
pub near heathrow airport,0,10,0%,49.6
bars near heathrow airport,0,10,0%,64.7
quiz nights near me,0,8,0%,7.62
karaoke near me,0,8,0%,9.62
anchor inn near me,0,8,0%,9.88
pubs near thistle hotel heathrow,0,8,0%,12.38
real ale pubs heathrow airport,0,8,0%,18
bar near heathrow airport,0,8,0%,61.62
the anchor pub heathrow,0,7,0%,1.71
anchor karaoke,0,7,0%,3.29
which bingo site has the best snowball jackpot games?,0,7,0%,6.14
pubs near bath road heathrow,0,7,0%,14.29
best pubs near heathrow airport,0,7,0%,44.71
pubs near heathrow terminal 5,0,7,0%,56.43
karaoke staines,0,6,0%,6.83
sofitel heathrow postcode,0,6,0%,37.5
good pubs near heathrow,0,6,0%,38.17
anchor pub heathrow,0,5,0%,2
trivia night in london,0,5,0%,11
friday night karaoke,0,5,0%,30.6
best pubs near heathrow,0,5,0%,53
heathrow pubs,0,5,0%,70.6
anchor pub quiz,0,4,0%,3.5
cash bingo near me,0,4,0%,9
the anchor staines reviews,0,4,0%,11
where to meet people,0,3,0%,1
closest hotel to terminal 3 heathrow,0,3,0%,2
karaoke near me tonight,0,3,0%,9.67
heathrow bars,0,3,0%,43.33
pubs near heathrow terminal 4,0,3,0%,61.33
heathrow pub,0,3,0%,64.67
heathrow airport pubs,0,3,0%,65.33
heathrow airport pub,0,3,0%,71
pubs at heathrow airport,0,3,0%,74.33
karaoke,0,2,0%,1
where to meet new friends,0,2,0%,1
hotel near terminal 3 heathrow,0,2,0%,2
hotels at terminal 3 heathrow,0,2,0%,2
hotels london heathrow terminal 3,0,2,0%,2
the anchor stanwell,0,2,0%,2
the anchor stanwell moor,0,2,0%,2
karaoke pubs near me,0,2,0%,3
staines day 2026,0,2,0%,3
staines and ashford news,0,2,0%,4
whats on staines,0,2,0%,5
heathrow bar,0,2,0%,28.5
quiz near me,0,2,0%,29
bar bingo near me,0,2,0%,40.5
heathrow terminal 3 pub,0,2,0%,43.5
heathrow terminal 5 pub,0,2,0%,45.5
best real ale heathrow airport,0,2,0%,47
karaoke harrow,0,2,0%,52.5
bars in heathrow,0,2,0%,55.5
bars near heathrow,0,2,0%,55.5
pubs near heathrow terminal 3,0,2,0%,59.5
local pub quizzes near me,0,2,0%,96.5
activities near me for adults,0,1,0%,1
best pub quizzes in london,0,1,0%,1
bingo boston,0,1,0%,1
bingo near me,0,1,0%,1
do you need to book,0,1,0%,1
friday pub quiz,0,1,0%,1
heathrow airport hotel,0,1,0%,1
heathrow terminal 2 hotels walking distance,0,1,0%,1
hotel at heathrow terminal 2,0,1,0%,1
hotel at terminal 3 heathrow,0,1,0%,1
hotel london heathrow terminal 2,0,1,0%,1
hotel terminal 2,0,1,0%,1
hotels at heathrow airport,0,1,0%,1
hotels at terminal 5 heathrow,0,1,0%,1
hotels heathrow terminal 2,0,1,0%,1
hotels in london heathrow airport terminal 3,0,1,0%,1
hotels inside lhr,0,1,0%,1
hotels near terminal 2 heathrow,0,1,0%,1
hotels walking distance to terminal 2 heathrow,0,1,0%,1
karaoke near me tomorrow night,0,1,0%,1
karaoke night,0,1,0%,1
kareoke night near me,0,1,0%,1
karoke bars near me,0,1,0%,1
nearest karaoke near me,0,1,0%,1
party quiz questions,0,1,0%,1
pub events,0,1,0%,1
pub quiz tonight near me,0,1,0%,1
pub quizzes near me,0,1,0%,1
terminal 5 heathrow hotel,0,1,0%,1
the anchor pub stanwell moor,0,1,0%,1
things to do in staines for adults,0,1,0%,1
what is a snowball in bingo,0,1,0%,1
english pub quiz,0,1,0%,2
hotel near heathrow airport,0,1,0%,2
hotels heathrow terminal 5,0,1,0%,2
hotels inside lhr airport,0,1,0%,2
hotels near london heathrow,0,1,0%,2
is it a party place?,0,1,0%,2
london heathrow airport hotel,0,1,0%,2
london heathrow airport hotels,0,1,0%,2
tuesday pub quiz,0,1,0%,2
do i pay to enter,0,1,0%,3
heathrow airport hotel terminal 3,0,1,0%,3
hotels near heathrow airport,0,1,0%,3
hotels near heathrow airport london,0,1,0%,3
pub quiz,0,1,0%,3
renaissance london heathrow hotel reviews,0,1,0%,3
terminal 5 heathrow hotels closest,0,1,0%,3
the anchor inn near me,0,1,0%,3
what is the snowball,0,1,0%,3
how far from hotel,0,1,0%,4
london heathrow hotels,0,1,0%,4
staines vue,0,1,0%,4
anglers retreat staines,0,1,0%,5
is there any karaoke near me tonight,0,1,0%,5
pub wuiz near me,0,1,0%,5
sumer,0,1,0%,5
whats on in staines,0,1,0%,5
bingo books,0,1,0%,6
entry fees,0,1,0%,6
saturday night karaoke near me tonight,0,1,0%,6
yes,0,1,0%,6
best local pub quiz nights near me,0,1,0%,8
karaoke bars near me,0,1,0%,8
best real ale heathrow,0,1,0%,9
free overnight parking,0,1,0%,9
friday night quiz near me,0,1,0%,9
karaoke feltham,0,1,0%,9
karaoke in surrey,0,1,0%,9
karaoke near me tonight open now,0,1,0%,9
karaoke pubs,0,1,0%,9
nearest bar hotel,0,1,0%,9
pub quizzes near me tonight,0,1,0%,9
snowball jackpot bingo,0,1,0%,9
is there a pub,0,1,0%,10
karaoke on fridays near me,0,1,0%,10
karaoke nights near me,0,1,0%,11
karaoke on thursday near me,0,1,0%,11
karaoke wednesday near me,0,1,0%,11
kareoke nearby,0,1,0%,12
karoke near me,0,1,0%,12
music and food,0,1,0%,12
prizes for quiz nights,0,1,0%,12
quiz nights near me tonight,0,1,0%,12
local karaoke,0,1,0%,13
stanwell pub,0,1,0%,13
wells bingo,0,1,0%,17
what about karaoke,0,1,0%,19
sunday karaoke near me,0,1,0%,20
sofitel heathrow bar,0,1,0%,21
karaoke richmond hill,0,1,0%,22
surrey karaoke,0,1,0%,24
karaoke tonight near me,0,1,0%,27
hotels near heathrow terminal 4,0,1,0%,30
karaoke bracknell,0,1,0%,33
karaoke surrey,0,1,0%,38
nice pubs near heathrow,0,1,0%,40
best pub near heathrow airport,0,1,0%,45
pubs heathrow terminal 3,0,1,0%,46
terminal 5 bar,0,1,0%,51
pubs heathrow,0,1,0%,52
the anchor pub near me,0,1,0%,54
the anchor inn gargrave,0,1,0%,55
best pub near heathrow,0,1,0%,56
pub in heathrow,0,1,0%,61
crown and anchor pub quiz,0,1,0%,73
hope and anchor pub quiz,0,1,0%,73
pub quizes near me,0,1,0%,84
pubs for wedding receptions in heathrow,0,1,0%,89