export_id,query,query_norm,clicks,impressions,ctr,position,cluster_id,scope,level,completeness,truncated,window_start,window_end,reporting_country,search_type,filter_type,filter_value,source_file
gsc-16m-p-pg_0001,the anchor stanwell moor,the anchor stanwell moor,11,1652,0.0067,2.02,,page-group,query,named-subset,false,2025-05-09,2026-09-08,all,web,page,https://www.the-anchor.pub/whats-on,raw/gsc-16m-p-pg_0001/Queries.csv
gsc-16m-p-pg_0001,the anchor staines,the anchor staines,7,813,0.0086,2.11,,page-group,query,named-subset,false,2025-05-09,2026-09-08,all,web,page,https://www.the-anchor.pub/whats-on,raw/gsc-16m-p-pg_0001/Queries.csv
gsc-16m-p-pg_0001,the anchor heathrow,the anchor heathrow,4,531,0.0075,2.1,,page-group,query,named-subset,false,2025-05-09,2026-09-08,all,web,page,https://www.the-anchor.pub/whats-on,raw/gsc-16m-p-pg_0001/Queries.csv
gsc-16m-p-pg_0001,the anchor stanwell,the anchor stanwell,2,253,0.0079,2.2,,page-group,query,named-subset,false,2025-05-09,2026-09-08,all,web,page,https://www.the-anchor.pub/whats-on,raw/gsc-16m-p-pg_0001/Queries.csv
gsc-16m-p-pg_0001,the anchor pub heathrow,the anchor pub heathrow,1,337,0.003,1.78,,page-group,query,named-subset,false,2025-05-09,2026-09-08,all,web,page,https://www.the-anchor.pub/whats-on,raw/gsc-16m-p-pg_0001/Queries.csv
gsc-16m-p-pg_0001,the anchor pub stanwell moor,the anchor pub stanwell moor,1,240,0.0042,2.02,,page-group,query,named-subset,false,2025-05-09,2026-09-08,all,web,page,https://www.the-anchor.pub/whats-on,raw/gsc-16m-p-pg_0001/Queries.csv
gsc-16m-p-pg_0001,anchor pub heathrow,anchor pub heathrow,1,70,0.0143,1.97,,page-group,query,named-subset,false,2025-05-09,2026-09-08,all,web,page,https://www.the-anchor.pub/whats-on,raw/gsc-16m-p-pg_0001/Queries.csv
gsc-16m-p-pg_0001,the anchor events,the anchor events,1,18,0.0556,4.11,,page-group,query,named-subset,false,2025-05-09,2026-09-08,all,web,page,https://www.the-anchor.pub/whats-on,raw/gsc-16m-p-pg_0001/Queries.csv
gsc-16m-p-pg_0001,quiz near me tonight,quiz near me tonight,1,1,1,1,,page-group,query,named-subset,false,2025-05-09,2026-09-08,all,web,page,https://www.the-anchor.pub/whats-on,raw/gsc-16m-p-pg_0001/Queries.csv
gsc-16m-p-pg_0001,the anchor pub,the anchor pub,0,1353,0,8.15,,page-group,query,named-subset,false,2025-05-09,2026-09-08,all,web,page,https://www.the-anchor.pub/whats-on,raw/gsc-16m-p-pg_0001/Queries.csv
gsc-16m-p-pg_0001,anchor pub,anchor pub,0,664,0,9.11,,page-group,query,named-subset,false,2025-05-09,2026-09-08,all,web,page,https://www.the-anchor.pub/whats-on,raw/gsc-16m-p-pg_0001/Queries.csv
gsc-16m-p-pg_0001,the anchor,the anchor,0,285,0,7.74,,page-group,query,named-subset,false,2025-05-09,2026-09-08,all,web,page,https://www.the-anchor.pub/whats-on,raw/gsc-16m-p-pg_0001/Queries.csv
gsc-16m-p-pg_0001,anchor stanwell moor,anchor stanwell moor,0,150,0,2.07,,page-group,query,named-subset,false,2025-05-09,2026-09-08,all,web,page,https://www.the-anchor.pub/whats-on,raw/gsc-16m-p-pg_0001/Queries.csv
gsc-16m-p-pg_0001,where to find live music pubs in heathrow,where to find live music pubs in heathrow,0,148,0,22.47,,page-group,query,named-subset,false,2025-05-09,2026-09-08,all,web,page,https://www.the-anchor.pub/whats-on,raw/gsc-16m-p-pg_0001/Queries.csv
gsc-16m-p-pg_0001,pubs near heathrow,pubs near heathrow,0,127,0,9.9,,page-group,query,named-subset,false,2025-05-09,2026-09-08,all,web,page,https://www.the-anchor.pub/whats-on,raw/gsc-16m-p-pg_0001/Queries.csv
gsc-16m-p-pg_0001,pub near heathrow,pub near heathrow,0,112,0,8.93,,page-group,query,named-subset,false,2025-05-09,2026-09-08,all,web,page,https://www.the-anchor.pub/whats-on,raw/gsc-16m-p-pg_0001/Queries.csv
gsc-16m-p-pg_0001,corporate events near heathrow terminal 5,corporate events near heathrow terminal 5,0,104,0,49.51,,page-group,query,named-subset,false,2025-05-09,2026-09-08,all,web,page,https://www.the-anchor.pub/whats-on,raw/gsc-16m-p-pg_0001/Queries.csv
gsc-16m-p-pg_0001,where to find live music pubs in heathrow airport,where to find live music pubs in heathrow airport,0,87,0,43.41,,page-group,query,named-subset,false,2025-05-09,2026-09-08,all,web,page,https://www.the-anchor.pub/whats-on,raw/gsc-16m-p-pg_0001/Queries.csv
gsc-16m-p-pg_0001,anchor bar,anchor bar,0,80,0,15.56,,page-group,query,named-subset,false,2025-05-09,2026-09-08,all,web,page,https://www.the-anchor.pub/whats-on,raw/gsc-16m-p-pg_0001/Queries.csv
gsc-16m-p-pg_0001,anchor pub stanwell,anchor pub stanwell,0,64,0,2.02,,page-group,query,named-subset,false,2025-05-09,2026-09-08,all,web,page,https://www.the-anchor.pub/whats-on,raw/gsc-16m-p-pg_0001/Queries.csv
gsc-16m-p-pg_0001,the anchor beer garden heathrow,the anchor beer garden heathrow,0,50,0,2.06,,page-group,query,named-subset,false,2025-05-09,2026-09-08,all,web,page,https://www.the-anchor.pub/whats-on,raw/gsc-16m-p-pg_0001/Queries.csv
gsc-16m-p-pg_0001,the anchor pub in stanwell moor,the anchor pub in stanwell moor,0,49,0,1.35,,page-group,query,named-subset,false,2025-05-09,2026-09-08,all,web,page,https://www.the-anchor.pub/whats-on,raw/gsc-16m-p-pg_0001/Queries.csv
gsc-16m-p-pg_0001,pub quiz bingo,pub quiz bingo,0,46,0,72.2,,page-group,query,named-subset,false,2025-05-09,2026-09-08,all,web,page,https://www.the-anchor.pub/whats-on,raw/gsc-16m-p-pg_0001/Queries.csv
gsc-16m-p-pg_0001,the anchor london,the anchor london,0,43,0,12.44,,page-group,query,named-subset,false,2025-05-09,2026-09-08,all,web,page,https://www.the-anchor.pub/whats-on,raw/gsc-16m-p-pg_0001/Queries.csv
gsc-16m-p-pg_0001,pubs near heathrow airport,pubs near heathrow airport,0,41,0,12.73,,page-group,query,named-subset,false,2025-05-09,2026-09-08,all,web,page,https://www.the-anchor.pub/whats-on,raw/gsc-16m-p-pg_0001/Queries.csv
gsc-16m-p-pg_0001,the anchor beer garden stanwell moor,the anchor beer garden stanwell moor,0,40,0,2,,page-group,query,named-subset,false,2025-05-09,2026-09-08,all,web,page,https://www.the-anchor.pub/whats-on,raw/gsc-16m-p-pg_0001/Queries.csv
gsc-16m-p-pg_0001,the anchor pub near me,the anchor pub near me,0,34,0,10.76,,page-group,query,named-subset,false,2025-05-09,2026-09-08,all,web,page,https://www.the-anchor.pub/whats-on,raw/gsc-16m-p-pg_0001/Queries.csv
gsc-16m-p-pg_0001,the anchor staines menu,the anchor staines menu,0,34,0,3.32,,page-group,query,named-subset,false,2025-05-09,2026-09-08,all,web,page,https://www.the-anchor.pub/whats-on,raw/gsc-16m-p-pg_0001/Queries.csv
gsc-16m-p-pg_0001,the anchor bar,the anchor bar,0,33,0,19.91,,page-group,query,named-subset,false,2025-05-09,2026-09-08,all,web,page,https://www.the-anchor.pub/whats-on,raw/gsc-16m-p-pg_0001/Queries.csv
gsc-16m-p-pg_0001,anchor pub quiz,anchor pub quiz,0,27,0,6.52,,page-group,query,named-subset,false,2025-05-09,2026-09-08,all,web,page,https://www.the-anchor.pub/whats-on,raw/gsc-16m-p-pg_0001/Queries.csv
gsc-16m-p-pg_0001,the anchor pub quiz,the anchor pub quiz,0,27,0,5.04,,page-group,query,named-subset,false,2025-05-09,2026-09-08,all,web,page,https://www.the-anchor.pub/whats-on,raw/gsc-16m-p-pg_0001/Queries.csv
gsc-16m-p-pg_0001,anchor pub stanwell moor,anchor pub stanwell moor,0,23,0,1.96,,page-group,query,named-subset,false,2025-05-09,2026-09-08,all,web,page,https://www.the-anchor.pub/whats-on,raw/gsc-16m-p-pg_0001/Queries.csv
gsc-16m-p-pg_0001,pub heathrow,pub heathrow,0,21,0,11.14,,page-group,query,named-subset,false,2025-05-09,2026-09-08,all,web,page,https://www.the-anchor.pub/whats-on,raw/gsc-16m-p-pg_0001/Queries.csv
gsc-16m-p-pg_0001,the ancor pub,the ancor pub,0,20,0,7.75,,page-group,query,named-subset,false,2025-05-09,2026-09-08,all,web,page,https://www.the-anchor.pub/whats-on,raw/gsc-16m-p-pg_0001/Queries.csv
gsc-16m-p-pg_0001,dog-friendly pubs in staines,dog-friendly pubs in staines,0,19,0,28.68,,page-group,query,named-subset,false,2025-05-09,2026-09-08,all,web,page,https://www.the-anchor.pub/whats-on,raw/gsc-16m-p-pg_0001/Queries.csv
gsc-16m-p-pg_0001,hope and anchor pub quiz,hope and anchor pub quiz,0,19,0,38.58,,page-group,query,named-subset,false,2025-05-09,2026-09-08,all,web,page,https://www.the-anchor.pub/whats-on,raw/gsc-16m-p-pg_0001/Queries.csv
gsc-16m-p-pg_0001,the anchor london menu,the anchor london menu,0,19,0,9.37,,page-group,query,named-subset,false,2025-05-09,2026-09-08,all,web,page,https://www.the-anchor.pub/whats-on,raw/gsc-16m-p-pg_0001/Queries.csv
gsc-16m-p-pg_0001,anchor events,anchor events,0,18,0,4.56,,page-group,query,named-subset,false,2025-05-09,2026-09-08,all,web,page,https://www.the-anchor.pub/whats-on,raw/gsc-16m-p-pg_0001/Queries.csv
gsc-16m-p-pg_0001,pub near me,pub near me,0,18,0,4.56,,page-group,query,named-subset,false,2025-05-09,2026-09-08,all,web,page,https://www.the-anchor.pub/whats-on,raw/gsc-16m-p-pg_0001/Queries.csv
gsc-16m-p-pg_0001,anchor quiz,anchor quiz,0,17,0,5.59,,page-group,query,named-subset,false,2025-05-09,2026-09-08,all,web,page,https://www.the-anchor.pub/whats-on,raw/gsc-16m-p-pg_0001/Queries.csv
gsc-16m-p-pg_0001,stanwell pubs,stanwell pubs,0,17,0,5.53,,page-group,query,named-subset,false,2025-05-09,2026-09-08,all,web,page,https://www.the-anchor.pub/whats-on,raw/gsc-16m-p-pg_0001/Queries.csv
gsc-16m-p-pg_0001,anchor pub near me,anchor pub near me,0,15,0,10,,page-group,query,named-subset,false,2025-05-09,2026-09-08,all,web,page,https://www.the-anchor.pub/whats-on,raw/gsc-16m-p-pg_0001/Queries.csv
gsc-16m-p-pg_0001,stanwell pub,stanwell pub,0,15,0,5.73,,page-group,query,named-subset,false,2025-05-09,2026-09-08,all,web,page,https://www.the-anchor.pub/whats-on,raw/gsc-16m-p-pg_0001/Queries.csv
gsc-16m-p-pg_0001,heathrow pub,heathrow pub,0,14,0,12,,page-group,query,named-subset,false,2025-05-09,2026-09-08,all,web,page,https://www.the-anchor.pub/whats-on,raw/gsc-16m-p-pg_0001/Queries.csv
gsc-16m-p-pg_0001,ancor pub,ancor pub,0,12,0,9.33,,page-group,query,named-subset,false,2025-05-09,2026-09-08,all,web,page,https://www.the-anchor.pub/whats-on,raw/gsc-16m-p-pg_0001/Queries.csv
gsc-16m-p-pg_0001,anchor oub,anchor oub,0,11,0,7.45,,page-group,query,named-subset,false,2025-05-09,2026-09-08,all,web,page,https://www.the-anchor.pub/whats-on,raw/gsc-16m-p-pg_0001/Queries.csv
gsc-16m-p-pg_0001,site:.pub,site:.pub,0,11,0,76.82,,page-group,query,named-subset,false,2025-05-09,2026-09-08,all,web,page,https://www.the-anchor.pub/whats-on,raw/gsc-16m-p-pg_0001/Queries.csv
gsc-16m-p-pg_0001,tw19 6aq,tw19 6aq,0,11,0,7.91,,page-group,query,named-subset,false,2025-05-09,2026-09-08,all,web,page,https://www.the-anchor.pub/whats-on,raw/gsc-16m-p-pg_0001/Queries.csv
gsc-16m-p-pg_0001,anchor cowes,anchor cowes,0,10,0,64.2,,page-group,query,named-subset,false,2025-05-09,2026-09-08,all,web,page,https://www.the-anchor.pub/whats-on,raw/gsc-16m-p-pg_0001/Queries.csv
gsc-16m-p-pg_0001,pub anchor,pub anchor,0,10,0,24.9,,page-group,query,named-subset,false,2025-05-09,2026-09-08,all,web,page,https://www.the-anchor.pub/whats-on,raw/gsc-16m-p-pg_0001/Queries.csv
gsc-16m-p-pg_0001,pubs in stanwell,pubs in stanwell,0,10,0,25.8,,page-group,query,named-subset,false,2025-05-09,2026-09-08,all,web,page,https://www.the-anchor.pub/whats-on,raw/gsc-16m-p-pg_0001/Queries.csv
gsc-16m-p-pg_0001,site:the-anchor.pub,site:the-anchor.pub,0,10,0,6.4,,page-group,query,named-subset,false,2025-05-09,2026-09-08,all,web,page,https://www.the-anchor.pub/whats-on,raw/gsc-16m-p-pg_0001/Queries.csv
gsc-16m-p-pg_0001,the anchor pub surrey,the anchor pub surrey,0,10,0,9.3,,page-group,query,named-subset,false,2025-05-09,2026-09-08,all,web,page,https://www.the-anchor.pub/whats-on,raw/gsc-16m-p-pg_0001/Queries.csv
gsc-16m-p-pg_0001,the anchor.pub,the anchor.pub,0,10,0,7,,page-group,query,named-subset,false,2025-05-09,2026-09-08,all,web,page,https://www.the-anchor.pub/whats-on,raw/gsc-16m-p-pg_0001/Queries.csv
gsc-16m-p-pg_0001,christmas party pub heathrow,christmas party pub heathrow,0,9,0,39.33,,page-group,query,named-subset,false,2025-05-09,2026-09-08,all,web,page,https://www.the-anchor.pub/whats-on,raw/gsc-16m-p-pg_0001/Queries.csv
gsc-16m-p-pg_0001,pubs near me,pubs near me,0,9,0,5.67,,page-group,query,named-subset,false,2025-05-09,2026-09-08,all,web,page,https://www.the-anchor.pub/whats-on,raw/gsc-16m-p-pg_0001/Queries.csv
gsc-16m-p-pg_0001,the anchor cowes,the anchor cowes,0,9,0,71,,page-group,query,named-subset,false,2025-05-09,2026-09-08,all,web,page,https://www.the-anchor.pub/whats-on,raw/gsc-16m-p-pg_0001/Queries.csv
gsc-16m-p-pg_0001,the anchor near me,the anchor near me,0,9,0,8.11,,page-group,query,named-subset,false,2025-05-09,2026-09-08,all,web,page,https://www.the-anchor.pub/whats-on,raw/gsc-16m-p-pg_0001/Queries.csv
gsc-16m-p-pg_0001,the anchor photos,the anchor photos,0,9,0,8.22,,page-group,query,named-subset,false,2025-05-09,2026-09-08,all,web,page,https://www.the-anchor.pub/whats-on,raw/gsc-16m-p-pg_0001/Queries.csv
gsc-16m-p-pg_0001,anchors near me,anchors near me,0,8,0,55,,page-group,query,named-subset,false,2025-05-09,2026-09-08,all,web,page,https://www.the-anchor.pub/whats-on,raw/gsc-16m-p-pg_0001/Queries.csv
gsc-16m-p-pg_0001,anker pub,anker pub,0,8,0,9.88,,page-group,query,named-subset,false,2025-05-09,2026-09-08,all,web,page,https://www.the-anchor.pub/whats-on,raw/gsc-16m-p-pg_0001/Queries.csv
gsc-16m-p-pg_0001,pub bingo near me,pub bingo near me,0,8,0,12.12,,page-group,query,named-subset,false,2025-05-09,2026-09-08,all,web,page,https://www.the-anchor.pub/whats-on,raw/gsc-16m-p-pg_0001/Queries.csv
gsc-16m-p-pg_0001,pub near heathrow airport,pub near heathrow airport,0,8,0,12.25,,page-group,query,named-subset,false,2025-05-09,2026-09-08,all,web,page,https://www.the-anchor.pub/whats-on,raw/gsc-16m-p-pg_0001/Queries.csv
gsc-16m-p-pg_0001,stanwell moor,stanwell moor,0,8,0,12.5,,page-group,query,named-subset,false,2025-05-09,2026-09-08,all,web,page,https://www.the-anchor.pub/whats-on,raw/gsc-16m-p-pg_0001/Queries.csv
gsc-16m-p-pg_0001,anchors pub,anchors pub,0,7,0,10.43,,page-group,query,named-subset,false,2025-05-09,2026-09-08,all,web,page,https://www.the-anchor.pub/whats-on,raw/gsc-16m-p-pg_0001/Queries.csv
gsc-16m-p-pg_0001,the anchor staines reviews,the anchor staines reviews,0,7,0,9.29,,page-group,query,named-subset,false,2025-05-09,2026-09-08,all,web,page,https://www.the-anchor.pub/whats-on,raw/gsc-16m-p-pg_0001/Queries.csv
gsc-16m-p-pg_0001,the anchor surrey,the anchor surrey,0,7,0,11.57,,page-group,query,named-subset,false,2025-05-09,2026-09-08,all,web,page,https://www.the-anchor.pub/whats-on,raw/gsc-16m-p-pg_0001/Queries.csv
gsc-16m-p-pg_0001,the anchir,the anchir,0,6,0,9.5,,page-group,query,named-subset,false,2025-05-09,2026-09-08,all,web,page,https://www.the-anchor.pub/whats-on,raw/gsc-16m-p-pg_0001/Queries.csv
gsc-16m-p-pg_0001,anchor event,anchor event,0,5,0,5.6,,page-group,query,named-subset,false,2025-05-09,2026-09-08,all,web,page,https://www.the-anchor.pub/whats-on,raw/gsc-16m-p-pg_0001/Queries.csv
gsc-16m-p-pg_0001,crown and anchor pub quiz,crown and anchor pub quiz,0,5,0,36.6,,page-group,query,named-subset,false,2025-05-09,2026-09-08,all,web,page,https://www.the-anchor.pub/whats-on,raw/gsc-16m-p-pg_0001/Queries.csv
gsc-16m-p-pg_0001,site:www.the-anchor.pub,site:www.the-anchor.pub,0,5,0,11,,page-group,query,named-subset,false,2025-05-09,2026-09-08,all,web,page,https://www.the-anchor.pub/whats-on,raw/gsc-16m-p-pg_0001/Queries.csv
gsc-16m-p-pg_0001,the anchor inn,the anchor inn,0,5,0,24,,page-group,query,named-subset,false,2025-05-09,2026-09-08,all,web,page,https://www.the-anchor.pub/whats-on,raw/gsc-16m-p-pg_0001/Queries.csv
gsc-16m-p-pg_0001,the anchor menu,the anchor menu,0,5,0,9.6,,page-group,query,named-subset,false,2025-05-09,2026-09-08,all,web,page,https://www.the-anchor.pub/whats-on,raw/gsc-16m-p-pg_0001/Queries.csv
gsc-16m-p-pg_0001,the anchor pib,the anchor pib,0,5,0,7.8,,page-group,query,named-subset,false,2025-05-09,2026-09-08,all,web,page,https://www.the-anchor.pub/whats-on,raw/gsc-16m-p-pg_0001/Queries.csv
gsc-16m-p-pg_0001,the ancor,the ancor,0,5,0,7.4,,page-group,query,named-subset,false,2025-05-09,2026-09-08,all,web,page,https://www.the-anchor.pub/whats-on,raw/gsc-16m-p-pg_0001/Queries.csv
gsc-16m-p-pg_0001,the anhor pub quiz,the anhor pub quiz,0,5,0,4.8,,page-group,query,named-subset,false,2025-05-09,2026-09-08,all,web,page,https://www.the-anchor.pub/whats-on,raw/gsc-16m-p-pg_0001/Queries.csv
gsc-16m-p-pg_0001,"""bingo plus"" -site:reddit.com -site:twitter.com -site:x.com -site:wykop.pl 
-site:tripadvisor.com -site:youtube.com -site:yelp.com -site:booking.com 
-site:facebook.com -site:instagram.com -site:tiktok.com","""bingo plus"" -site:reddit.com -site:twitter.com -site:x.com -site:wykop.pl -site:tripadvisor.com -site:youtube.com -site:yelp.com -site:booking.com -site:facebook.com -site:instagram.com -site:tiktok.com",0,4,0,4.25,,page-group,query,named-subset,false,2025-05-09,2026-09-08,all,web,page,https://www.the-anchor.pub/whats-on,raw/gsc-16m-p-pg_0001/Queries.csv
gsc-16m-p-pg_0001,the anchor bar and grill,the anchor bar and grill,0,4,0,10.75,,page-group,query,named-subset,false,2025-05-09,2026-09-08,all,web,page,https://www.the-anchor.pub/whats-on,raw/gsc-16m-p-pg_0001/Queries.csv
gsc-16m-p-pg_0001,the anchor oub,the anchor oub,0,4,0,7.75,,page-group,query,named-subset,false,2025-05-09,2026-09-08,all,web,page,https://www.the-anchor.pub/whats-on,raw/gsc-16m-p-pg_0001/Queries.csv
gsc-16m-p-pg_0001,the anchor pub location,the anchor pub location,0,4,0,9.5,,page-group,query,named-subset,false,2025-05-09,2026-09-08,all,web,page,https://www.the-anchor.pub/whats-on,raw/gsc-16m-p-pg_0001/Queries.csv
gsc-16m-p-pg_0001,the anchor upcoming events,the anchor upcoming events,0,4,0,7,,page-group,query,named-subset,false,2025-05-09,2026-09-08,all,web,page,https://www.the-anchor.pub/whats-on,raw/gsc-16m-p-pg_0001/Queries.csv
gsc-16m-p-pg_0001,achor pub,achor pub,0,3,0,9,,page-group,query,named-subset,false,2025-05-09,2026-09-08,all,web,page,https://www.the-anchor.pub/whats-on,raw/gsc-16m-p-pg_0001/Queries.csv
gsc-16m-p-pg_0001,ancher pub,ancher pub,0,3,0,5.67,,page-group,query,named-subset,false,2025-05-09,2026-09-08,all,web,page,https://www.the-anchor.pub/whats-on,raw/gsc-16m-p-pg_0001/Queries.csv
gsc-16m-p-pg_0001,anchor bar and grill,anchor bar and grill,0,3,0,12.67,,page-group,query,named-subset,false,2025-05-09,2026-09-08,all,web,page,https://www.the-anchor.pub/whats-on,raw/gsc-16m-p-pg_0001/Queries.csv
gsc-16m-p-pg_0001,anchor club,anchor club,0,3,0,64,,page-group,query,named-subset,false,2025-05-09,2026-09-08,all,web,page,https://www.the-anchor.pub/whats-on,raw/gsc-16m-p-pg_0001/Queries.csv
gsc-16m-p-pg_0001,anxhor pub,anxhor pub,0,3,0,9,,page-group,query,named-subset,false,2025-05-09,2026-09-08,all,web,page,https://www.the-anchor.pub/whats-on,raw/gsc-16m-p-pg_0001/Queries.csv
gsc-16m-p-pg_0001,heathrow pubs,heathrow pubs,0,3,0,11,,page-group,query,named-subset,false,2025-05-09,2026-09-08,all,web,page,https://www.the-anchor.pub/whats-on,raw/gsc-16m-p-pg_0001/Queries.csv
gsc-16m-p-pg_0001,pub the anchor,pub the anchor,0,3,0,12,,page-group,query,named-subset,false,2025-05-09,2026-09-08,all,web,page,https://www.the-anchor.pub/whats-on,raw/gsc-16m-p-pg_0001/Queries.csv
gsc-16m-p-pg_0001,pubs,pubs,0,3,0,11.67,,page-group,query,named-subset,false,2025-05-09,2026-09-08,all,web,page,https://www.the-anchor.pub/whats-on,raw/gsc-16m-p-pg_0001/Queries.csv
gsc-16m-p-pg_0001,the anchor goldhawk road,the anchor goldhawk road,0,3,0,11.67,,page-group,query,named-subset,false,2025-05-09,2026-09-08,all,web,page,https://www.the-anchor.pub/whats-on,raw/gsc-16m-p-pg_0001/Queries.csv
gsc-16m-p-pg_0001,the anchor inn near me,the anchor inn near me,0,3,0,10.33,,page-group,query,named-subset,false,2025-05-09,2026-09-08,all,web,page,https://www.the-anchor.pub/whats-on,raw/gsc-16m-p-pg_0001/Queries.csv
gsc-16m-p-pg_0001,the anchor opening times,the anchor opening times,0,3,0,11.67,,page-group,query,named-subset,false,2025-05-09,2026-09-08,all,web,page,https://www.the-anchor.pub/whats-on,raw/gsc-16m-p-pg_0001/Queries.csv
gsc-16m-p-pg_0001,the anchor tavern,the anchor tavern,0,3,0,62.33,,page-group,query,named-subset,false,2025-05-09,2026-09-08,all,web,page,https://www.the-anchor.pub/whats-on,raw/gsc-16m-p-pg_0001/Queries.csv
gsc-16m-p-pg_0001,the anker pub,the anker pub,0,3,0,12,,page-group,query,named-subset,false,2025-05-09,2026-09-08,all,web,page,https://www.the-anchor.pub/whats-on,raw/gsc-16m-p-pg_0001/Queries.csv
gsc-16m-p-pg_0001,the anxhor,the anxhor,0,3,0,8.67,,page-group,query,named-subset,false,2025-05-09,2026-09-08,all,web,page,https://www.the-anchor.pub/whats-on,raw/gsc-16m-p-pg_0001/Queries.csv
gsc-16m-p-pg_0001,the rising sun stanwell,the rising sun stanwell,0,3,0,60.33,,page-group,query,named-subset,false,2025-05-09,2026-09-08,all,web,page,https://www.the-anchor.pub/whats-on,raw/gsc-16m-p-pg_0001/Queries.csv
gsc-16m-p-pg_0001,theanchor,theanchor,0,3,0,12,,page-group,query,named-subset,false,2025-05-09,2026-09-08,all,web,page,https://www.the-anchor.pub/whats-on,raw/gsc-16m-p-pg_0001/Queries.csv
gsc-16m-p-pg_0001,ancher bar,ancher bar,0,2,0,10.5,,page-group,query,named-subset,false,2025-05-09,2026-09-08,all,web,page,https://www.the-anchor.pub/whats-on,raw/gsc-16m-p-pg_0001/Queries.csv
gsc-16m-p-pg_0001,anchor entertainment,anchor entertainment,0,2,0,26,,page-group,query,named-subset,false,2025-05-09,2026-09-08,all,web,page,https://www.the-anchor.pub/whats-on,raw/gsc-16m-p-pg_0001/Queries.csv
gsc-16m-p-pg_0001,anchor festival,anchor festival,0,2,0,32,,page-group,query,named-subset,false,2025-05-09,2026-09-08,all,web,page,https://www.the-anchor.pub/whats-on,raw/gsc-16m-p-pg_0001/Queries.csv
gsc-16m-p-pg_0001,anchor lane,anchor lane,0,2,0,66,,page-group,query,named-subset,false,2025-05-09,2026-09-08,all,web,page,https://www.the-anchor.pub/whats-on,raw/gsc-16m-p-pg_0001/Queries.csv
gsc-16m-p-pg_0001,anchor pub & grille,anchor pub & grille,0,2,0,8,,page-group,query,named-subset,false,2025-05-09,2026-09-08,all,web,page,https://www.the-anchor.pub/whats-on,raw/gsc-16m-p-pg_0001/Queries.csv
gsc-16m-p-pg_0001,anchor restaurant,anchor restaurant,0,2,0,11.5,,page-group,query,named-subset,false,2025-05-09,2026-09-08,all,web,page,https://www.the-anchor.pub/whats-on,raw/gsc-16m-p-pg_0001/Queries.csv
gsc-16m-p-pg_0001,anchor tavern,anchor tavern,0,2,0,12,,page-group,query,named-subset,false,2025-05-09,2026-09-08,all,web,page,https://www.the-anchor.pub/whats-on,raw/gsc-16m-p-pg_0001/Queries.csv
gsc-16m-p-pg_0001,anchoring events,anchoring events,0,2,0,44.5,,page-group,query,named-subset,false,2025-05-09,2026-09-08,all,web,page,https://www.the-anchor.pub/whats-on,raw/gsc-16m-p-pg_0001/Queries.csv
gsc-16m-p-pg_0001,celebrate space at heathrow,celebrate space at heathrow,0,2,0,61.5,,page-group,query,named-subset,false,2025-05-09,2026-09-08,all,web,page,https://www.the-anchor.pub/whats-on,raw/gsc-16m-p-pg_0001/Queries.csv
gsc-16m-p-pg_0001,drag quiz night,drag quiz night,0,2,0,5.5,,page-group,query,named-subset,false,2025-05-09,2026-09-08,all,web,page,https://www.the-anchor.pub/whats-on,raw/gsc-16m-p-pg_0001/Queries.csv
gsc-16m-p-pg_0001,near me pub,near me pub,0,2,0,3,,page-group,query,named-subset,false,2025-05-09,2026-09-08,all,web,page,https://www.the-anchor.pub/whats-on,raw/gsc-16m-p-pg_0001/Queries.csv
gsc-16m-p-pg_0001,pub near me with parking,pub near me with parking,0,2,0,3,,page-group,query,named-subset,false,2025-05-09,2026-09-08,all,web,page,https://www.the-anchor.pub/whats-on,raw/gsc-16m-p-pg_0001/Queries.csv
gsc-16m-p-pg_0001,pub quiz near me,pub quiz near me,0,2,0,8.5,,page-group,query,named-subset,false,2025-05-09,2026-09-08,all,web,page,https://www.the-anchor.pub/whats-on,raw/gsc-16m-p-pg_0001/Queries.csv
gsc-16m-p-pg_0001,pubs in heathrow,pubs in heathrow,0,2,0,10,,page-group,query,named-subset,false,2025-05-09,2026-09-08,all,web,page,https://www.the-anchor.pub/whats-on,raw/gsc-16m-p-pg_0001/Queries.csv
gsc-16m-p-pg_0001,quiz nights near me,quiz nights near me,0,2,0,2.5,,page-group,query,named-subset,false,2025-05-09,2026-09-08,all,web,page,https://www.the-anchor.pub/whats-on,raw/gsc-16m-p-pg_0001/Queries.csv
gsc-16m-p-pg_0001,skip hire wraysbury,skip hire wraysbury,0,2,0,60,,page-group,query,named-subset,false,2025-05-09,2026-09-08,all,web,page,https://www.the-anchor.pub/whats-on,raw/gsc-16m-p-pg_0001/Queries.csv
gsc-16m-p-pg_0001,the anchor in,the anchor in,0,2,0,13,,page-group,query,named-subset,false,2025-05-09,2026-09-08,all,web,page,https://www.the-anchor.pub/whats-on,raw/gsc-16m-p-pg_0001/Queries.csv
gsc-16m-p-pg_0001,the anchor local music acts performance,the anchor local music acts performance,0,2,0,14,,page-group,query,named-subset,false,2025-05-09,2026-09-08,all,web,page,https://www.the-anchor.pub/whats-on,raw/gsc-16m-p-pg_0001/Queries.csv
gsc-16m-p-pg_0001,the anchor staines photos,the anchor staines photos,0,2,0,7,,page-group,query,named-subset,false,2025-05-09,2026-09-08,all,web,page,https://www.the-anchor.pub/whats-on,raw/gsc-16m-p-pg_0001/Queries.csv
gsc-16m-p-pg_0001,"the anchor, horton rd, stanwell moor, staines tw19 6aq, united kingdom","the anchor, horton rd, stanwell moor, staines tw19 6aq, united kingdom",0,2,0,2,,page-group,query,named-subset,false,2025-05-09,2026-09-08,all,web,page,https://www.the-anchor.pub/whats-on,raw/gsc-16m-p-pg_0001/Queries.csv
gsc-16m-p-pg_0001,"the anchor, stanwell moor","the anchor, stanwell moor",0,2,0,2,,page-group,query,named-subset,false,2025-05-09,2026-09-08,all,web,page,https://www.the-anchor.pub/whats-on,raw/gsc-16m-p-pg_0001/Queries.csv
gsc-16m-p-pg_0001,the snchor,the snchor,0,2,0,5,,page-group,query,named-subset,false,2025-05-09,2026-09-08,all,web,page,https://www.the-anchor.pub/whats-on,raw/gsc-16m-p-pg_0001/Queries.csv
gsc-16m-p-pg_0001,where to find live music pubs in staines,where to find live music pubs in staines,0,2,0,97,,page-group,query,named-subset,false,2025-05-09,2026-09-08,all,web,page,https://www.the-anchor.pub/whats-on,raw/gsc-16m-p-pg_0001/Queries.csv
gsc-16m-p-pg_0001,5 gbp bingo,5 gbp bingo,0,1,0,17,,page-group,query,named-subset,false,2025-05-09,2026-09-08,all,web,page,https://www.the-anchor.pub/whats-on,raw/gsc-16m-p-pg_0001/Queries.csv
gsc-16m-p-pg_0001,achor bar,achor bar,0,1,0,6,,page-group,query,named-subset,false,2025-05-09,2026-09-08,all,web,page,https://www.the-anchor.pub/whats-on,raw/gsc-16m-p-pg_0001/Queries.csv
gsc-16m-p-pg_0001,activities,activities,0,1,0,2,,page-group,query,named-subset,false,2025-05-09,2026-09-08,all,web,page,https://www.the-anchor.pub/whats-on,raw/gsc-16m-p-pg_0001/Queries.csv
gsc-16m-p-pg_0001,adult meetings,adult meetings,0,1,0,1,,page-group,query,named-subset,false,2025-05-09,2026-09-08,all,web,page,https://www.the-anchor.pub/whats-on,raw/gsc-16m-p-pg_0001/Queries.csv
gsc-16m-p-pg_0001,anchor,anchor,0,1,0,12,,page-group,query,named-subset,false,2025-05-09,2026-09-08,all,web,page,https://www.the-anchor.pub/whats-on,raw/gsc-16m-p-pg_0001/Queries.csv
gsc-16m-p-pg_0001,anchor airport,anchor airport,0,1,0,1,,page-group,query,named-subset,false,2025-05-09,2026-09-08,all,web,page,https://www.the-anchor.pub/whats-on,raw/gsc-16m-p-pg_0001/Queries.csv
gsc-16m-p-pg_0001,anchor barre,anchor barre,0,1,0,55,,page-group,query,named-subset,false,2025-05-09,2026-09-08,all,web,page,https://www.the-anchor.pub/whats-on,raw/gsc-16m-p-pg_0001/Queries.csv
gsc-16m-p-pg_0001,anchor beer garden,anchor beer garden,0,1,0,10,,page-group,query,named-subset,false,2025-05-09,2026-09-08,all,web,page,https://www.the-anchor.pub/whats-on,raw/gsc-16m-p-pg_0001/Queries.csv
gsc-16m-p-pg_0001,anchor bowling club,anchor bowling club,0,1,0,37,,page-group,query,named-subset,false,2025-05-09,2026-09-08,all,web,page,https://www.the-anchor.pub/whats-on,raw/gsc-16m-p-pg_0001/Queries.csv
gsc-16m-p-pg_0001,anchor day,anchor day,0,1,0,94,,page-group,query,named-subset,false,2025-05-09,2026-09-08,all,web,page,https://www.the-anchor.pub/whats-on,raw/gsc-16m-p-pg_0001/Queries.csv
gsc-16m-p-pg_0001,anchor hall,anchor hall,0,1,0,7,,page-group,query,named-subset,false,2025-05-09,2026-09-08,all,web,page,https://www.the-anchor.pub/whats-on,raw/gsc-16m-p-pg_0001/Queries.csv
gsc-16m-p-pg_0001,anchor karaoke,anchor karaoke,0,1,0,5,,page-group,query,named-subset,false,2025-05-09,2026-09-08,all,web,page,https://www.the-anchor.pub/whats-on,raw/gsc-16m-p-pg_0001/Queries.csv
gsc-16m-p-pg_0001,anchor london,anchor london,0,1,0,56,,page-group,query,named-subset,false,2025-05-09,2026-09-08,all,web,page,https://www.the-anchor.pub/whats-on,raw/gsc-16m-p-pg_0001/Queries.csv
gsc-16m-p-pg_0001,anchor lounge seating,anchor lounge seating,0,1,0,19,,page-group,query,named-subset,false,2025-05-09,2026-09-08,all,web,page,https://www.the-anchor.pub/whats-on,raw/gsc-16m-p-pg_0001/Queries.csv
gsc-16m-p-pg_0001,anchor near me,anchor near me,0,1,0,3,,page-group,query,named-subset,false,2025-05-09,2026-09-08,all,web,page,https://www.the-anchor.pub/whats-on,raw/gsc-16m-p-pg_0001/Queries.csv
gsc-16m-p-pg_0001,anchor party,anchor party,0,1,0,29,,page-group,query,named-subset,false,2025-05-09,2026-09-08,all,web,page,https://www.the-anchor.pub/whats-on,raw/gsc-16m-p-pg_0001/Queries.csv
gsc-16m-p-pg_0001,anchor pib,anchor pib,0,1,0,8,,page-group,query,named-subset,false,2025-05-09,2026-09-08,all,web,page,https://www.the-anchor.pub/whats-on,raw/gsc-16m-p-pg_0001/Queries.csv
gsc-16m-p-pg_0001,anchor pizza,anchor pizza,0,1,0,3,,page-group,query,named-subset,false,2025-05-09,2026-09-08,all,web,page,https://www.the-anchor.pub/whats-on,raw/gsc-16m-p-pg_0001/Queries.csv
gsc-16m-p-pg_0001,anchor promotion,anchor promotion,0,1,0,92,,page-group,query,named-subset,false,2025-05-09,2026-09-08,all,web,page,https://www.the-anchor.pub/whats-on,raw/gsc-16m-p-pg_0001/Queries.csv
gsc-16m-p-pg_0001,anchor pub and grill,anchor pub and grill,0,1,0,7,,page-group,query,named-subset,false,2025-05-09,2026-09-08,all,web,page,https://www.the-anchor.pub/whats-on,raw/gsc-16m-p-pg_0001/Queries.csv
gsc-16m-p-pg_0001,anchor tavern london,anchor tavern london,0,1,0,50,,page-group,query,named-subset,false,2025-05-09,2026-09-08,all,web,page,https://www.the-anchor.pub/whats-on,raw/gsc-16m-p-pg_0001/Queries.csv
gsc-16m-p-pg_0001,anchoring for quiz,anchoring for quiz,0,1,0,47,,page-group,query,named-subset,false,2025-05-09,2026-09-08,all,web,page,https://www.the-anchor.pub/whats-on,raw/gsc-16m-p-pg_0001/Queries.csv
gsc-16m-p-pg_0001,ancor bar,ancor bar,0,1,0,11,,page-group,query,named-subset,false,2025-05-09,2026-09-08,all,web,page,https://www.the-anchor.pub/whats-on,raw/gsc-16m-p-pg_0001/Queries.csv
gsc-16m-p-pg_0001,anker bar,anker bar,0,1,0,13,,page-group,query,named-subset,false,2025-05-09,2026-09-08,all,web,page,https://www.the-anchor.pub/whats-on,raw/gsc-16m-p-pg_0001/Queries.csv
gsc-16m-p-pg_0001,attractions near me,attractions near me,0,1,0,1,,page-group,query,named-subset,false,2025-05-09,2026-09-08,all,web,page,https://www.the-anchor.pub/whats-on,raw/gsc-16m-p-pg_0001/Queries.csv
gsc-16m-p-pg_0001,best fish and chips near heathrow airport,best fish and chips near heathrow airport,0,1,0,8,,page-group,query,named-subset,false,2025-05-09,2026-09-08,all,web,page,https://www.the-anchor.pub/whats-on,raw/gsc-16m-p-pg_0001/Queries.csv
gsc-16m-p-pg_0001,best pubs near me,best pubs near me,0,1,0,14,,page-group,query,named-subset,false,2025-05-09,2026-09-08,all,web,page,https://www.the-anchor.pub/whats-on,raw/gsc-16m-p-pg_0001/Queries.csv
gsc-16m-p-pg_0001,bingo events near me,bingo events near me,0,1,0,3,,page-group,query,named-subset,false,2025-05-09,2026-09-08,all,web,page,https://www.the-anchor.pub/whats-on,raw/gsc-16m-p-pg_0001/Queries.csv
gsc-16m-p-pg_0001,bingo near me,bingo near me,0,1,0,1,,page-group,query,named-subset,false,2025-05-09,2026-09-08,all,web,page,https://www.the-anchor.pub/whats-on,raw/gsc-16m-p-pg_0001/Queries.csv
gsc-16m-p-pg_0001,closest bingo,closest bingo,0,1,0,25,,page-group,query,named-subset,false,2025-05-09,2026-09-08,all,web,page,https://www.the-anchor.pub/whats-on,raw/gsc-16m-p-pg_0001/Queries.csv
gsc-16m-p-pg_0001,drag king shows london,drag king shows london,0,1,0,2,,page-group,query,named-subset,false,2025-05-09,2026-09-08,all,web,page,https://www.the-anchor.pub/whats-on,raw/gsc-16m-p-pg_0001/Queries.csv
gsc-16m-p-pg_0001,events at pubs near me,events at pubs near me,0,1,0,1,,page-group,query,named-subset,false,2025-05-09,2026-09-08,all,web,page,https://www.the-anchor.pub/whats-on,raw/gsc-16m-p-pg_0001/Queries.csv
gsc-16m-p-pg_0001,for friday,for friday,0,1,0,14,,page-group,query,named-subset,false,2025-05-09,2026-09-08,all,web,page,https://www.the-anchor.pub/whats-on,raw/gsc-16m-p-pg_0001/Queries.csv
gsc-16m-p-pg_0001,fun places near me,fun places near me,0,1,0,1,,page-group,query,named-subset,false,2025-05-09,2026-09-08,all,web,page,https://www.the-anchor.pub/whats-on,raw/gsc-16m-p-pg_0001/Queries.csv
gsc-16m-p-pg_0001,heathrow airport pub,heathrow airport pub,0,1,0,13,,page-group,query,named-subset,false,2025-05-09,2026-09-08,all,web,page,https://www.the-anchor.pub/whats-on,raw/gsc-16m-p-pg_0001/Queries.csv
gsc-16m-p-pg_0001,heathrow plane spotting pub,heathrow plane spotting pub,0,1,0,12,,page-group,query,named-subset,false,2025-05-09,2026-09-08,all,web,page,https://www.the-anchor.pub/whats-on,raw/gsc-16m-p-pg_0001/Queries.csv
gsc-16m-p-pg_0001,legion bingo near me,legion bingo near me,0,1,0,1,,page-group,query,named-subset,false,2025-05-09,2026-09-08,all,web,page,https://www.the-anchor.pub/whats-on,raw/gsc-16m-p-pg_0001/Queries.csv
gsc-16m-p-pg_0001,london irish pubs,london irish pubs,0,1,0,1,,page-group,query,named-subset,false,2025-05-09,2026-09-08,all,web,page,https://www.the-anchor.pub/whats-on,raw/gsc-16m-p-pg_0001/Queries.csv
gsc-16m-p-pg_0001,monday night pub quiz near me,monday night pub quiz near me,0,1,0,6,,page-group,query,named-subset,false,2025-05-09,2026-09-08,all,web,page,https://www.the-anchor.pub/whats-on,raw/gsc-16m-p-pg_0001/Queries.csv
gsc-16m-p-pg_0001,moor anchor,moor anchor,0,1,0,13,,page-group,query,named-subset,false,2025-05-09,2026-09-08,all,web,page,https://www.the-anchor.pub/whats-on,raw/gsc-16m-p-pg_0001/Queries.csv
gsc-16m-p-pg_0001,music bingo near me,music bingo near me,0,1,0,9,,page-group,query,named-subset,false,2025-05-09,2026-09-08,all,web,page,https://www.the-anchor.pub/whats-on,raw/gsc-16m-p-pg_0001/Queries.csv
gsc-16m-p-pg_0001,musical bingo near me,musical bingo near me,0,1,0,1,,page-group,query,named-subset,false,2025-05-09,2026-09-08,all,web,page,https://www.the-anchor.pub/whats-on,raw/gsc-16m-p-pg_0001/Queries.csv
gsc-16m-p-pg_0001,nightlife stanmore,nightlife stanmore,0,1,0,66,,page-group,query,named-subset,false,2025-05-09,2026-09-08,all,web,page,https://www.the-anchor.pub/whats-on,raw/gsc-16m-p-pg_0001/Queries.csv
gsc-16m-p-pg_0001,plant bingo london,plant bingo london,0,1,0,1,,page-group,query,named-subset,false,2025-05-09,2026-09-08,all,web,page,https://www.the-anchor.pub/whats-on,raw/gsc-16m-p-pg_0001/Queries.csv
gsc-16m-p-pg_0001,pub anchor karaoke,pub anchor karaoke,0,1,0,9,,page-group,query,named-subset,false,2025-05-09,2026-09-08,all,web,page,https://www.the-anchor.pub/whats-on,raw/gsc-16m-p-pg_0001/Queries.csv
gsc-16m-p-pg_0001,pub events near me,pub events near me,0,1,0,3,,page-group,query,named-subset,false,2025-05-09,2026-09-08,all,web,page,https://www.the-anchor.pub/whats-on,raw/gsc-16m-p-pg_0001/Queries.csv
gsc-16m-p-pg_0001,pub events near me today,pub events near me today,0,1,0,5,,page-group,query,named-subset,false,2025-05-09,2026-09-08,all,web,page,https://www.the-anchor.pub/whats-on,raw/gsc-16m-p-pg_0001/Queries.csv
gsc-16m-p-pg_0001,pub near,pub near,0,1,0,3,,page-group,query,named-subset,false,2025-05-09,2026-09-08,all,web,page,https://www.the-anchor.pub/whats-on,raw/gsc-16m-p-pg_0001/Queries.csv
gsc-16m-p-pg_0001,pub quiz on thursday near me,pub quiz on thursday near me,0,1,0,7,,page-group,query,named-subset,false,2025-05-09,2026-09-08,all,web,page,https://www.the-anchor.pub/whats-on,raw/gsc-16m-p-pg_0001/Queries.csv
gsc-16m-p-pg_0001,pub quiz tonight,pub quiz tonight,0,1,0,88,,page-group,query,named-subset,false,2025-05-09,2026-09-08,all,web,page,https://www.the-anchor.pub/whats-on,raw/gsc-16m-p-pg_0001/Queries.csv
gsc-16m-p-pg_0001,pub quiz tonight near me,pub quiz tonight near me,0,1,0,1,,page-group,query,named-subset,false,2025-05-09,2026-09-08,all,web,page,https://www.the-anchor.pub/whats-on,raw/gsc-16m-p-pg_0001/Queries.csv
gsc-16m-p-pg_0001,pubs near heathrow terminal 5,pubs near heathrow terminal 5,0,1,0,11,,page-group,query,named-subset,false,2025-05-09,2026-09-08,all,web,page,https://www.the-anchor.pub/whats-on,raw/gsc-16m-p-pg_0001/Queries.csv
gsc-16m-p-pg_0001,quiz night near me,quiz night near me,0,1,0,1,,page-group,query,named-subset,false,2025-05-09,2026-09-08,all,web,page,https://www.the-anchor.pub/whats-on,raw/gsc-16m-p-pg_0001/Queries.csv
gsc-16m-p-pg_0001,quiz night tonight,quiz night tonight,0,1,0,1,,page-group,query,named-subset,false,2025-05-09,2026-09-08,all,web,page,https://www.the-anchor.pub/whats-on,raw/gsc-16m-p-pg_0001/Queries.csv
gsc-16m-p-pg_0001,r bar specials,r bar specials,0,1,0,1,,page-group,query,named-subset,false,2025-05-09,2026-09-08,all,web,page,https://www.the-anchor.pub/whats-on,raw/gsc-16m-p-pg_0001/Queries.csv
gsc-16m-p-pg_0001,restaurant anchor,restaurant anchor,0,1,0,11,,page-group,query,named-subset,false,2025-05-09,2026-09-08,all,web,page,https://www.the-anchor.pub/whats-on,raw/gsc-16m-p-pg_0001/Queries.csv
gsc-16m-p-pg_0001,sirens anchor pub,sirens anchor pub,0,1,0,3,,page-group,query,named-subset,false,2025-05-09,2026-09-08,all,web,page,https://www.the-anchor.pub/whats-on,raw/gsc-16m-p-pg_0001/Queries.csv
gsc-16m-p-pg_0001,social clubs near me,social clubs near me,0,1,0,1,,page-group,query,named-subset,false,2025-05-09,2026-09-08,all,web,page,https://www.the-anchor.pub/whats-on,raw/gsc-16m-p-pg_0001/Queries.csv
gsc-16m-p-pg_0001,social events near me,social events near me,0,1,0,1,,page-group,query,named-subset,false,2025-05-09,2026-09-08,all,web,page,https://www.the-anchor.pub/whats-on,raw/gsc-16m-p-pg_0001/Queries.csv
gsc-16m-p-pg_0001,stanmore pub,stanmore pub,0,1,0,7,,page-group,query,named-subset,false,2025-05-09,2026-09-08,all,web,page,https://www.the-anchor.pub/whats-on,raw/gsc-16m-p-pg_0001/Queries.csv
gsc-16m-p-pg_0001,stanwell park pub,stanwell park pub,0,1,0,10,,page-group,query,named-subset,false,2025-05-09,2026-09-08,all,web,page,https://www.the-anchor.pub/whats-on,raw/gsc-16m-p-pg_0001/Queries.csv
gsc-16m-p-pg_0001,the achor,the achor,0,1,0,11,,page-group,query,named-subset,false,2025-05-09,2026-09-08,all,web,page,https://www.the-anchor.pub/whats-on,raw/gsc-16m-p-pg_0001/Queries.csv
gsc-16m-p-pg_0001,the achor inn,the achor inn,0,1,0,3,,page-group,query,named-subset,false,2025-05-09,2026-09-08,all,web,page,https://www.the-anchor.pub/whats-on,raw/gsc-16m-p-pg_0001/Queries.csv
gsc-16m-p-pg_0001,the ancer,the ancer,0,1,0,69,,page-group,query,named-subset,false,2025-05-09,2026-09-08,all,web,page,https://www.the-anchor.pub/whats-on,raw/gsc-16m-p-pg_0001/Queries.csv
gsc-16m-p-pg_0001,the anchor ballroom,the anchor ballroom,0,1,0,37,,page-group,query,named-subset,false,2025-05-09,2026-09-08,all,web,page,https://www.the-anchor.pub/whats-on,raw/gsc-16m-p-pg_0001/Queries.csv
gsc-16m-p-pg_0001,the anchor borough,the anchor borough,0,1,0,68,,page-group,query,named-subset,false,2025-05-09,2026-09-08,all,web,page,https://www.the-anchor.pub/whats-on,raw/gsc-16m-p-pg_0001/Queries.csv
gsc-16m-p-pg_0001,the anchor isle of wight,the anchor isle of wight,0,1,0,57,,page-group,query,named-subset,false,2025-05-09,2026-09-08,all,web,page,https://www.the-anchor.pub/whats-on,raw/gsc-16m-p-pg_0001/Queries.csv
gsc-16m-p-pg_0001,the anchor latest,the anchor latest,0,1,0,19,,page-group,query,named-subset,false,2025-05-09,2026-09-08,all,web,page,https://www.the-anchor.pub/whats-on,raw/gsc-16m-p-pg_0001/Queries.csv
gsc-16m-p-pg_0001,the anchor londres,the anchor londres,0,1,0,66,,page-group,query,named-subset,false,2025-05-09,2026-09-08,all,web,page,https://www.the-anchor.pub/whats-on,raw/gsc-16m-p-pg_0001/Queries.csv
gsc-16m-p-pg_0001,the anchor pub and restaurant,the anchor pub and restaurant,0,1,0,14,,page-group,query,named-subset,false,2025-05-09,2026-09-08,all,web,page,https://www.the-anchor.pub/whats-on,raw/gsc-16m-p-pg_0001/Queries.csv
gsc-16m-p-pg_0001,the anchor restaurant,the anchor restaurant,0,1,0,4,,page-group,query,named-subset,false,2025-05-09,2026-09-08,all,web,page,https://www.the-anchor.pub/whats-on,raw/gsc-16m-p-pg_0001/Queries.csv
gsc-16m-p-pg_0001,the anchor stanwell moor pub,the anchor stanwell moor pub,0,1,0,2,,page-group,query,named-subset,false,2025-05-09,2026-09-08,all,web,page,https://www.the-anchor.pub/whats-on,raw/gsc-16m-p-pg_0001/Queries.csv
gsc-16m-p-pg_0001,the anchor tring,the anchor tring,0,1,0,68,,page-group,query,named-subset,false,2025-05-09,2026-09-08,all,web,page,https://www.the-anchor.pub/whats-on,raw/gsc-16m-p-pg_0001/Queries.csv
gsc-16m-p-pg_0001,the anchor windsor,the anchor windsor,0,1,0,10,,page-group,query,named-subset,false,2025-05-09,2026-09-08,all,web,page,https://www.the-anchor.pub/whats-on,raw/gsc-16m-p-pg_0001/Queries.csv
gsc-16m-p-pg_0001,the anchors,the anchors,0,1,0,11,,page-group,query,named-subset,false,2025-05-09,2026-09-08,all,web,page,https://www.the-anchor.pub/whats-on,raw/gsc-16m-p-pg_0001/Queries.csv
gsc-16m-p-pg_0001,the anchour,the anchour,0,1,0,3,,page-group,query,named-subset,false,2025-05-09,2026-09-08,all,web,page,https://www.the-anchor.pub/whats-on,raw/gsc-16m-p-pg_0001/Queries.csv
gsc-16m-p-pg_0001,the ancjor,the ancjor,0,1,0,8,,page-group,query,named-subset,false,2025-05-09,2026-09-08,all,web,page,https://www.the-anchor.pub/whats-on,raw/gsc-16m-p-pg_0001/Queries.csv
gsc-16m-p-pg_0001,the anker london,the anker london,0,1,0,72,,page-group,query,named-subset,false,2025-05-09,2026-09-08,all,web,page,https://www.the-anchor.pub/whats-on,raw/gsc-16m-p-pg_0001/Queries.csv
gsc-16m-p-pg_0001,the station hither green pub quiz,the station hither green pub quiz,0,1,0,80,,page-group,query,named-subset,false,2025-05-09,2026-09-08,all,web,page,https://www.the-anchor.pub/whats-on,raw/gsc-16m-p-pg_0001/Queries.csv
gsc-16m-p-pg_0001,the.anchor,the.anchor,0,1,0,13,,page-group,query,named-subset,false,2025-05-09,2026-09-08,all,web,page,https://www.the-anchor.pub/whats-on,raw/gsc-16m-p-pg_0001/Queries.csv
gsc-16m-p-pg_0001,thw anchor,thw anchor,0,1,0,12,,page-group,query,named-subset,false,2025-05-09,2026-09-08,all,web,page,https://www.the-anchor.pub/whats-on,raw/gsc-16m-p-pg_0001/Queries.csv
gsc-16m-p-pg_0001,tonight,tonight,0,1,0,8,,page-group,query,named-subset,false,2025-05-09,2026-09-08,all,web,page,https://www.the-anchor.pub/whats-on,raw/gsc-16m-p-pg_0001/Queries.csv
gsc-16m-p-pg_0001,what time does the anchor close,what time does the anchor close,0,1,0,12,,page-group,query,named-subset,false,2025-05-09,2026-09-08,all,web,page,https://www.the-anchor.pub/whats-on,raw/gsc-16m-p-pg_0001/Queries.csv
gsc-16m-p-pg_0001,where can i play bingo near me,where can i play bingo near me,0,1,0,5,,page-group,query,named-subset,false,2025-05-09,2026-09-08,all,web,page,https://www.the-anchor.pub/whats-on,raw/gsc-16m-p-pg_0001/Queries.csv
gsc-16m-p-pg_0001,where is the anchor pub,where is the anchor pub,0,1,0,12,,page-group,query,named-subset,false,2025-05-09,2026-09-08,all,web,page,https://www.the-anchor.pub/whats-on,raw/gsc-16m-p-pg_0001/Queries.csv
gsc-16m-p-pg_0001,where to meet new friends,where to meet new friends,0,1,0,1,,page-group,query,named-subset,false,2025-05-09,2026-09-08,all,web,page,https://www.the-anchor.pub/whats-on,raw/gsc-16m-p-pg_0001/Queries.csv
gsc-16m-p-pg_0002,pub quiz near me,pub quiz near me,1,142,0.007,9.85,,page-group,query,named-subset,false,2025-05-09,2026-09-08,all,web,page,https://www.the-anchor.pub/quiz-night,raw/gsc-16m-p-pg_0002/Queries.csv
gsc-16m-p-pg_0002,quiz nights near me,quiz nights near me,1,50,0.02,8.86,,page-group,query,named-subset,false,2025-05-09,2026-09-08,all,web,page,https://www.the-anchor.pub/quiz-night,raw/gsc-16m-p-pg_0002/Queries.csv
gsc-16m-p-pg_0002,pub wuiz near me,pub wuiz near me,1,3,0.3333,2.33,,page-group,query,named-subset,false,2025-05-09,2026-09-08,all,web,page,https://www.the-anchor.pub/quiz-night,raw/gsc-16m-p-pg_0002/Queries.csv
gsc-16m-p-pg_0002,quiz night tonight near me,quiz night tonight near me,1,1,1,1,,page-group,query,named-subset,false,2025-05-09,2026-09-08,all,web,page,https://www.the-anchor.pub/quiz-night,raw/gsc-16m-p-pg_0002/Queries.csv
gsc-16m-p-pg_0002,pub quizzes near me,pub quizzes near me,0,40,0,3.95,,page-group,query,named-subset,false,2025-05-09,2026-09-08,all,web,page,https://www.the-anchor.pub/quiz-night,raw/gsc-16m-p-pg_0002/Queries.csv
gsc-16m-p-pg_0002,the anchor pub quiz,the anchor pub quiz,0,33,0,5,,page-group,query,named-subset,false,2025-05-09,2026-09-08,all,web,page,https://www.the-anchor.pub/quiz-night,raw/gsc-16m-p-pg_0002/Queries.csv
gsc-16m-p-pg_0002,anchor quiz,anchor quiz,0,23,0,7.78,,page-group,query,named-subset,false,2025-05-09,2026-09-08,all,web,page,https://www.the-anchor.pub/quiz-night,raw/gsc-16m-p-pg_0002/Queries.csv
gsc-16m-p-pg_0002,quiz night near me,quiz night near me,0,20,0,3.3,,page-group,query,named-subset,false,2025-05-09,2026-09-08,all,web,page,https://www.the-anchor.pub/quiz-night,raw/gsc-16m-p-pg_0002/Queries.csv
gsc-16m-p-pg_0002,anchor pub quiz,anchor pub quiz,0,17,0,7.47,,page-group,query,named-subset,false,2025-05-09,2026-09-08,all,web,page,https://www.the-anchor.pub/quiz-night,raw/gsc-16m-p-pg_0002/Queries.csv
gsc-16m-p-pg_0002,quiz near me,quiz near me,0,17,0,35.24,,page-group,query,named-subset,false,2025-05-09,2026-09-08,all,web,page,https://www.the-anchor.pub/quiz-night,raw/gsc-16m-p-pg_0002/Queries.csv
gsc-16m-p-pg_0002,trivia night in surrey,trivia night in surrey,0,15,0,3.33,,page-group,query,named-subset,false,2025-05-09,2026-09-08,all,web,page,https://www.the-anchor.pub/quiz-night,raw/gsc-16m-p-pg_0002/Queries.csv
gsc-16m-p-pg_0002,pub quiz surrey,pub quiz surrey,0,10,0,12.7,,page-group,query,named-subset,false,2025-05-09,2026-09-08,all,web,page,https://www.the-anchor.pub/quiz-night,raw/gsc-16m-p-pg_0002/Queries.csv
gsc-16m-p-pg_0002,pub quiz tonight near me,pub quiz tonight near me,0,9,0,3,,page-group,query,named-subset,false,2025-05-09,2026-09-08,all,web,page,https://www.the-anchor.pub/quiz-night,raw/gsc-16m-p-pg_0002/Queries.csv
gsc-16m-p-pg_0002,local pub quizzes near me,local pub quizzes near me,0,6,0,36.5,,page-group,query,named-subset,false,2025-05-09,2026-09-08,all,web,page,https://www.the-anchor.pub/quiz-night,raw/gsc-16m-p-pg_0002/Queries.csv
gsc-16m-p-pg_0002,pub quiz nights near me,pub quiz nights near me,0,6,0,9.83,,page-group,query,named-subset,false,2025-05-09,2026-09-08,all,web,page,https://www.the-anchor.pub/quiz-night,raw/gsc-16m-p-pg_0002/Queries.csv
gsc-16m-p-pg_0002,pub quiz today near me,pub quiz today near me,0,6,0,3.83,,page-group,query,named-subset,false,2025-05-09,2026-09-08,all,web,page,https://www.the-anchor.pub/quiz-night,raw/gsc-16m-p-pg_0002/Queries.csv
gsc-16m-p-pg_0002,corporate quiz night,corporate quiz night,0,5,0,43.8,,page-group,query,named-subset,false,2025-05-09,2026-09-08,all,web,page,https://www.the-anchor.pub/quiz-night,raw/gsc-16m-p-pg_0002/Queries.csv
gsc-16m-p-pg_0002,mobile home stanwell moor,mobile home stanwell moor,0,5,0,29,,page-group,query,named-subset,false,2025-05-09,2026-09-08,all,web,page,https://www.the-anchor.pub/quiz-night,raw/gsc-16m-p-pg_0002/Queries.csv
gsc-16m-p-pg_0002,pub quiz wednesday near me,pub quiz wednesday near me,0,5,0,5.2,,page-group,query,named-subset,false,2025-05-09,2026-09-08,all,web,page,https://www.the-anchor.pub/quiz-night,raw/gsc-16m-p-pg_0002/Queries.csv
gsc-16m-p-pg_0002,quiz night,quiz night,0,5,0,3.6,,page-group,query,named-subset,false,2025-05-09,2026-09-08,all,web,page,https://www.the-anchor.pub/quiz-night,raw/gsc-16m-p-pg_0002/Queries.csv
gsc-16m-p-pg_0002,site:www.the-anchor.pub,site:www.the-anchor.pub,0,5,0,21.2,,page-group,query,named-subset,false,2025-05-09,2026-09-08,all,web,page,https://www.the-anchor.pub/quiz-night,raw/gsc-16m-p-pg_0002/Queries.csv
gsc-16m-p-pg_0002,sunday pub quiz near me,sunday pub quiz near me,0,5,0,8,,page-group,query,named-subset,false,2025-05-09,2026-09-08,all,web,page,https://www.the-anchor.pub/quiz-night,raw/gsc-16m-p-pg_0002/Queries.csv
gsc-16m-p-pg_0002,trivia night in london,trivia night in london,0,5,0,11,,page-group,query,named-subset,false,2025-05-09,2026-09-08,all,web,page,https://www.the-anchor.pub/quiz-night,raw/gsc-16m-p-pg_0002/Queries.csv
gsc-16m-p-pg_0002,best local pub quiz nights near me,best local pub quiz nights near me,0,4,0,11,,page-group,query,named-subset,false,2025-05-09,2026-09-08,all,web,page,https://www.the-anchor.pub/quiz-night,raw/gsc-16m-p-pg_0002/Queries.csv
gsc-16m-p-pg_0002,local pub quiz nights near me,local pub quiz nights near me,0,4,0,7.25,,page-group,query,named-subset,false,2025-05-09,2026-09-08,all,web,page,https://www.the-anchor.pub/quiz-night,raw/gsc-16m-p-pg_0002/Queries.csv
gsc-16m-p-pg_0002,pub quiz night,pub quiz night,0,4,0,8,,page-group,query,named-subset,false,2025-05-09,2026-09-08,all,web,page,https://www.the-anchor.pub/quiz-night,raw/gsc-16m-p-pg_0002/Queries.csv
gsc-16m-p-pg_0002,pub quizes near me,pub quizes near me,0,4,0,23.25,,page-group,query,named-subset,false,2025-05-09,2026-09-08,all,web,page,https://www.the-anchor.pub/quiz-night,raw/gsc-16m-p-pg_0002/Queries.csv
gsc-16m-p-pg_0002,quiz nights,quiz nights,0,4,0,6,,page-group,query,named-subset,false,2025-05-09,2026-09-08,all,web,page,https://www.the-anchor.pub/quiz-night,raw/gsc-16m-p-pg_0002/Queries.csv
gsc-16m-p-pg_0002,trivia night,trivia night,0,4,0,7.25,,page-group,query,named-subset,false,2025-05-09,2026-09-08,all,web,page,https://www.the-anchor.pub/quiz-night,raw/gsc-16m-p-pg_0002/Queries.csv
gsc-16m-p-pg_0002,wednesday pub quiz near me,wednesday pub quiz near me,0,4,0,8.75,,page-group,query,named-subset,false,2025-05-09,2026-09-08,all,web,page,https://www.the-anchor.pub/quiz-night,raw/gsc-16m-p-pg_0002/Queries.csv
gsc-16m-p-pg_0002,charity quiz night near me,charity quiz night near me,0,3,0,17,,page-group,query,named-subset,false,2025-05-09,2026-09-08,all,web,page,https://www.the-anchor.pub/quiz-night,raw/gsc-16m-p-pg_0002/Queries.csv
gsc-16m-p-pg_0002,local quiz nights near me,local quiz nights near me,0,3,0,2,,page-group,query,named-subset,false,2025-05-09,2026-09-08,all,web,page,https://www.the-anchor.pub/quiz-night,raw/gsc-16m-p-pg_0002/Queries.csv
gsc-16m-p-pg_0002,monday pub quiz near me,monday pub quiz near me,0,3,0,1,,page-group,query,named-subset,false,2025-05-09,2026-09-08,all,web,page,https://www.the-anchor.pub/quiz-night,raw/gsc-16m-p-pg_0002/Queries.csv
gsc-16m-p-pg_0002,pub quiz ashford,pub quiz ashford,0,3,0,9,,page-group,query,named-subset,false,2025-05-09,2026-09-08,all,web,page,https://www.the-anchor.pub/quiz-night,raw/gsc-16m-p-pg_0002/Queries.csv
gsc-16m-p-pg_0002,pub quiz near me wednesday,pub quiz near me wednesday,0,3,0,8,,page-group,query,named-subset,false,2025-05-09,2026-09-08,all,web,page,https://www.the-anchor.pub/quiz-night,raw/gsc-16m-p-pg_0002/Queries.csv
gsc-16m-p-pg_0002,pub quiz night near me,pub quiz night near me,0,3,0,7.33,,page-group,query,named-subset,false,2025-05-09,2026-09-08,all,web,page,https://www.the-anchor.pub/quiz-night,raw/gsc-16m-p-pg_0002/Queries.csv
gsc-16m-p-pg_0002,pub trivia near me,pub trivia near me,0,3,0,11,,page-group,query,named-subset,false,2025-05-09,2026-09-08,all,web,page,https://www.the-anchor.pub/quiz-night,raw/gsc-16m-p-pg_0002/Queries.csv
gsc-16m-p-pg_0002,pub trivia night,pub trivia night,0,3,0,40,,page-group,query,named-subset,false,2025-05-09,2026-09-08,all,web,page,https://www.the-anchor.pub/quiz-night,raw/gsc-16m-p-pg_0002/Queries.csv
gsc-16m-p-pg_0002,trivia night near me,trivia night near me,0,3,0,9,,page-group,query,named-subset,false,2025-05-09,2026-09-08,all,web,page,https://www.the-anchor.pub/quiz-night,raw/gsc-16m-p-pg_0002/Queries.csv
gsc-16m-p-pg_0002,trivia nights,trivia nights,0,3,0,12.67,,page-group,query,named-subset,false,2025-05-09,2026-09-08,all,web,page,https://www.the-anchor.pub/quiz-night,raw/gsc-16m-p-pg_0002/Queries.csv
gsc-16m-p-pg_0002,wednesday quiz night near me,wednesday quiz night near me,0,3,0,4.33,,page-group,query,named-subset,false,2025-05-09,2026-09-08,all,web,page,https://www.the-anchor.pub/quiz-night,raw/gsc-16m-p-pg_0002/Queries.csv
gsc-16m-p-pg_0002,best pub quiz near me,best pub quiz near me,0,2,0,1,,page-group,query,named-subset,false,2025-05-09,2026-09-08,all,web,page,https://www.the-anchor.pub/quiz-night,raw/gsc-16m-p-pg_0002/Queries.csv
gsc-16m-p-pg_0002,corporate quiz nights,corporate quiz nights,0,2,0,30,,page-group,query,named-subset,false,2025-05-09,2026-09-08,all,web,page,https://www.the-anchor.pub/quiz-night,raw/gsc-16m-p-pg_0002/Queries.csv
gsc-16m-p-pg_0002,crown and anchor pub quiz,crown and anchor pub quiz,0,2,0,51,,page-group,query,named-subset,false,2025-05-09,2026-09-08,all,web,page,https://www.the-anchor.pub/quiz-night,raw/gsc-16m-p-pg_0002/Queries.csv
gsc-16m-p-pg_0002,london pub trivia,london pub trivia,0,2,0,76,,page-group,query,named-subset,false,2025-05-09,2026-09-08,all,web,page,https://www.the-anchor.pub/quiz-night,raw/gsc-16m-p-pg_0002/Queries.csv
gsc-16m-p-pg_0002,pub quiz fitzrovia,pub quiz fitzrovia,0,2,0,37.5,,page-group,query,named-subset,false,2025-05-09,2026-09-08,all,web,page,https://www.the-anchor.pub/quiz-night,raw/gsc-16m-p-pg_0002/Queries.csv
gsc-16m-p-pg_0002,pub quiz friday near me,pub quiz friday near me,0,2,0,6.5,,page-group,query,named-subset,false,2025-05-09,2026-09-08,all,web,page,https://www.the-anchor.pub/quiz-night,raw/gsc-16m-p-pg_0002/Queries.csv
gsc-16m-p-pg_0002,pub quiz wednesday,pub quiz wednesday,0,2,0,1,,page-group,query,named-subset,false,2025-05-09,2026-09-08,all,web,page,https://www.the-anchor.pub/quiz-night,raw/gsc-16m-p-pg_0002/Queries.csv
gsc-16m-p-pg_0002,pun quiz calendar,pun quiz calendar,0,2,0,77.5,,page-group,query,named-subset,false,2025-05-09,2026-09-08,all,web,page,https://www.the-anchor.pub/quiz-night,raw/gsc-16m-p-pg_0002/Queries.csv
gsc-16m-p-pg_0002,quiz night near me wednesday,quiz night near me wednesday,0,2,0,4,,page-group,query,named-subset,false,2025-05-09,2026-09-08,all,web,page,https://www.the-anchor.pub/quiz-night,raw/gsc-16m-p-pg_0002/Queries.csv
gsc-16m-p-pg_0002,quiz night schedule,quiz night schedule,0,2,0,22.5,,page-group,query,named-subset,false,2025-05-09,2026-09-08,all,web,page,https://www.the-anchor.pub/quiz-night,raw/gsc-16m-p-pg_0002/Queries.csv
gsc-16m-p-pg_0002,quiz nights near me tonight,quiz nights near me tonight,0,2,0,10.5,,page-group,query,named-subset,false,2025-05-09,2026-09-08,all,web,page,https://www.the-anchor.pub/quiz-night,raw/gsc-16m-p-pg_0002/Queries.csv
gsc-16m-p-pg_0002,sunday night pub quiz near me,sunday night pub quiz near me,0,2,0,10,,page-group,query,named-subset,false,2025-05-09,2026-09-08,all,web,page,https://www.the-anchor.pub/quiz-night,raw/gsc-16m-p-pg_0002/Queries.csv
gsc-16m-p-pg_0002,sunday night quiz near me,sunday night quiz near me,0,2,0,8.5,,page-group,query,named-subset,false,2025-05-09,2026-09-08,all,web,page,https://www.the-anchor.pub/quiz-night,raw/gsc-16m-p-pg_0002/Queries.csv
gsc-16m-p-pg_0002,sunday quiz night near me,sunday quiz night near me,0,2,0,7.5,,page-group,query,named-subset,false,2025-05-09,2026-09-08,all,web,page,https://www.the-anchor.pub/quiz-night,raw/gsc-16m-p-pg_0002/Queries.csv
gsc-16m-p-pg_0002,thursday quiz night,thursday quiz night,0,2,0,1,,page-group,query,named-subset,false,2025-05-09,2026-09-08,all,web,page,https://www.the-anchor.pub/quiz-night,raw/gsc-16m-p-pg_0002/Queries.csv
gsc-16m-p-pg_0002,trivia booking,trivia booking,0,2,0,26,,page-group,query,named-subset,false,2025-05-09,2026-09-08,all,web,page,https://www.the-anchor.pub/quiz-night,raw/gsc-16m-p-pg_0002/Queries.csv
gsc-16m-p-pg_0002,trivia near me,trivia near me,0,2,0,9,,page-group,query,named-subset,false,2025-05-09,2026-09-08,all,web,page,https://www.the-anchor.pub/quiz-night,raw/gsc-16m-p-pg_0002/Queries.csv
gsc-16m-p-pg_0002,tuesday pub quiz,tuesday pub quiz,0,2,0,2,,page-group,query,named-subset,false,2025-05-09,2026-09-08,all,web,page,https://www.the-anchor.pub/quiz-night,raw/gsc-16m-p-pg_0002/Queries.csv
gsc-16m-p-pg_0002,anchor bar trivia night,anchor bar trivia night,0,1,0,9,,page-group,query,named-subset,false,2025-05-09,2026-09-08,all,web,page,https://www.the-anchor.pub/quiz-night,raw/gsc-16m-p-pg_0002/Queries.csv
gsc-16m-p-pg_0002,best pub quizzes in london,best pub quizzes in london,0,1,0,1,,page-group,query,named-subset,false,2025-05-09,2026-09-08,all,web,page,https://www.the-anchor.pub/quiz-night,raw/gsc-16m-p-pg_0002/Queries.csv
gsc-16m-p-pg_0002,christmas quiz themes,christmas quiz themes,0,1,0,27,,page-group,query,named-subset,false,2025-05-09,2026-09-08,all,web,page,https://www.the-anchor.pub/quiz-night,raw/gsc-16m-p-pg_0002/Queries.csv
gsc-16m-p-pg_0002,corporate trivia night,corporate trivia night,0,1,0,1,,page-group,query,named-subset,false,2025-05-09,2026-09-08,all,web,page,https://www.the-anchor.pub/quiz-night,raw/gsc-16m-p-pg_0002/Queries.csv
gsc-16m-p-pg_0002,do i pay to enter,do i pay to enter,0,1,0,3,,page-group,query,named-subset,false,2025-05-09,2026-09-08,all,web,page,https://www.the-anchor.pub/quiz-night,raw/gsc-16m-p-pg_0002/Queries.csv
gsc-16m-p-pg_0002,do we need to book?,do we need to book?,0,1,0,3,,page-group,query,named-subset,false,2025-05-09,2026-09-08,all,web,page,https://www.the-anchor.pub/quiz-night,raw/gsc-16m-p-pg_0002/Queries.csv
gsc-16m-p-pg_0002,english pub quiz,english pub quiz,0,1,0,2,,page-group,query,named-subset,false,2025-05-09,2026-09-08,all,web,page,https://www.the-anchor.pub/quiz-night,raw/gsc-16m-p-pg_0002/Queries.csv
gsc-16m-p-pg_0002,entry fees,entry fees,0,1,0,6,,page-group,query,named-subset,false,2025-05-09,2026-09-08,all,web,page,https://www.the-anchor.pub/quiz-night,raw/gsc-16m-p-pg_0002/Queries.csv
gsc-16m-p-pg_0002,friday night pub quiz near me,friday night pub quiz near me,0,1,0,10,,page-group,query,named-subset,false,2025-05-09,2026-09-08,all,web,page,https://www.the-anchor.pub/quiz-night,raw/gsc-16m-p-pg_0002/Queries.csv
gsc-16m-p-pg_0002,friday night quiz near me,friday night quiz near me,0,1,0,9,,page-group,query,named-subset,false,2025-05-09,2026-09-08,all,web,page,https://www.the-anchor.pub/quiz-night,raw/gsc-16m-p-pg_0002/Queries.csv
gsc-16m-p-pg_0002,friday pub quiz,friday pub quiz,0,1,0,1,,page-group,query,named-subset,false,2025-05-09,2026-09-08,all,web,page,https://www.the-anchor.pub/quiz-night,raw/gsc-16m-p-pg_0002/Queries.csv
gsc-16m-p-pg_0002,fun places near me,fun places near me,0,1,0,1,,page-group,query,named-subset,false,2025-05-09,2026-09-08,all,web,page,https://www.the-anchor.pub/quiz-night,raw/gsc-16m-p-pg_0002/Queries.csv
gsc-16m-p-pg_0002,harry potter quiz near me,harry potter quiz near me,0,1,0,2,,page-group,query,named-subset,false,2025-05-09,2026-09-08,all,web,page,https://www.the-anchor.pub/quiz-night,raw/gsc-16m-p-pg_0002/Queries.csv
gsc-16m-p-pg_0002,heathrow park to test,heathrow park to test,0,1,0,73,,page-group,query,named-subset,false,2025-05-09,2026-09-08,all,web,page,https://www.the-anchor.pub/quiz-night,raw/gsc-16m-p-pg_0002/Queries.csv
gsc-16m-p-pg_0002,hope and anchor pub quiz,hope and anchor pub quiz,0,1,0,73,,page-group,query,named-subset,false,2025-05-09,2026-09-08,all,web,page,https://www.the-anchor.pub/quiz-night,raw/gsc-16m-p-pg_0002/Queries.csv
gsc-16m-p-pg_0002,how long does a pub quiz last,how long does a pub quiz last,0,1,0,4,,page-group,query,named-subset,false,2025-05-09,2026-09-08,all,web,page,https://www.the-anchor.pub/quiz-night,raw/gsc-16m-p-pg_0002/Queries.csv
gsc-16m-p-pg_0002,in surrey,in surrey,0,1,0,6,,page-group,query,named-subset,false,2025-05-09,2026-09-08,all,web,page,https://www.the-anchor.pub/quiz-night,raw/gsc-16m-p-pg_0002/Queries.csv
gsc-16m-p-pg_0002,is it a party place?,is it a party place?,0,1,0,2,,page-group,query,named-subset,false,2025-05-09,2026-09-08,all,web,page,https://www.the-anchor.pub/quiz-night,raw/gsc-16m-p-pg_0002/Queries.csv
gsc-16m-p-pg_0002,local pub quiz,local pub quiz,0,1,0,3,,page-group,query,named-subset,false,2025-05-09,2026-09-08,all,web,page,https://www.the-anchor.pub/quiz-night,raw/gsc-16m-p-pg_0002/Queries.csv
gsc-16m-p-pg_0002,local quiz nights,local quiz nights,0,1,0,5,,page-group,query,named-subset,false,2025-05-09,2026-09-08,all,web,page,https://www.the-anchor.pub/quiz-night,raw/gsc-16m-p-pg_0002/Queries.csv
gsc-16m-p-pg_0002,local quizzes near me,local quizzes near me,0,1,0,1,,page-group,query,named-subset,false,2025-05-09,2026-09-08,all,web,page,https://www.the-anchor.pub/quiz-night,raw/gsc-16m-p-pg_0002/Queries.csv
gsc-16m-p-pg_0002,london pub quizzes,london pub quizzes,0,1,0,72,,page-group,query,named-subset,false,2025-05-09,2026-09-08,all,web,page,https://www.the-anchor.pub/quiz-night,raw/gsc-16m-p-pg_0002/Queries.csv
gsc-16m-p-pg_0002,nearest quiz,nearest quiz,0,1,0,26,,page-group,query,named-subset,false,2025-05-09,2026-09-08,all,web,page,https://www.the-anchor.pub/quiz-night,raw/gsc-16m-p-pg_0002/Queries.csv
gsc-16m-p-pg_0002,party quiz questions,party quiz questions,0,1,0,1,,page-group,query,named-subset,false,2025-05-09,2026-09-08,all,web,page,https://www.the-anchor.pub/quiz-night,raw/gsc-16m-p-pg_0002/Queries.csv
gsc-16m-p-pg_0002,pib quiz near me,pib quiz near me,0,1,0,1,,page-group,query,named-subset,false,2025-05-09,2026-09-08,all,web,page,https://www.the-anchor.pub/quiz-night,raw/gsc-16m-p-pg_0002/Queries.csv
gsc-16m-p-pg_0002,prizes for quiz nights,prizes for quiz nights,0,1,0,12,,page-group,query,named-subset,false,2025-05-09,2026-09-08,all,web,page,https://www.the-anchor.pub/quiz-night,raw/gsc-16m-p-pg_0002/Queries.csv
gsc-16m-p-pg_0002,pub quiz,pub quiz,0,1,0,3,,page-group,query,named-subset,false,2025-05-09,2026-09-08,all,web,page,https://www.the-anchor.pub/quiz-night,raw/gsc-16m-p-pg_0002/Queries.csv
gsc-16m-p-pg_0002,pub quiz friday,pub quiz friday,0,1,0,1,,page-group,query,named-subset,false,2025-05-09,2026-09-08,all,web,page,https://www.the-anchor.pub/quiz-night,raw/gsc-16m-p-pg_0002/Queries.csv
gsc-16m-p-pg_0002,pub quiz friday night,pub quiz friday night,0,1,0,1,,page-group,query,named-subset,false,2025-05-09,2026-09-08,all,web,page,https://www.the-anchor.pub/quiz-night,raw/gsc-16m-p-pg_0002/Queries.csv
gsc-16m-p-pg_0002,pub quiz harrow,pub quiz harrow,0,1,0,64,,page-group,query,named-subset,false,2025-05-09,2026-09-08,all,web,page,https://www.the-anchor.pub/quiz-night,raw/gsc-16m-p-pg_0002/Queries.csv
gsc-16m-p-pg_0002,pub quiz locations,pub quiz locations,0,1,0,7,,page-group,query,named-subset,false,2025-05-09,2026-09-08,all,web,page,https://www.the-anchor.pub/quiz-night,raw/gsc-16m-p-pg_0002/Queries.csv
gsc-16m-p-pg_0002,pub quiz near me monday night,pub quiz near me monday night,0,1,0,2,,page-group,query,named-subset,false,2025-05-09,2026-09-08,all,web,page,https://www.the-anchor.pub/quiz-night,raw/gsc-16m-p-pg_0002/Queries.csv
gsc-16m-p-pg_0002,pub quiz near me sunday,pub quiz near me sunday,0,1,0,12,,page-group,query,named-subset,false,2025-05-09,2026-09-08,all,web,page,https://www.the-anchor.pub/quiz-night,raw/gsc-16m-p-pg_0002/Queries.csv
gsc-16m-p-pg_0002,pub quiz near me thursday,pub quiz near me thursday,0,1,0,8,,page-group,query,named-subset,false,2025-05-09,2026-09-08,all,web,page,https://www.the-anchor.pub/quiz-night,raw/gsc-16m-p-pg_0002/Queries.csv
gsc-16m-p-pg_0002,pub quiz near me tomorrow,pub quiz near me tomorrow,0,1,0,1,,page-group,query,named-subset,false,2025-05-09,2026-09-08,all,web,page,https://www.the-anchor.pub/quiz-night,raw/gsc-16m-p-pg_0002/Queries.csv
gsc-16m-p-pg_0002,pub quiz near.me,pub quiz near.me,0,1,0,1,,page-group,query,named-subset,false,2025-05-09,2026-09-08,all,web,page,https://www.the-anchor.pub/quiz-night,raw/gsc-16m-p-pg_0002/Queries.csv
gsc-16m-p-pg_0002,pub quiz nesr me,pub quiz nesr me,0,1,0,11,,page-group,query,named-subset,false,2025-05-09,2026-09-08,all,web,page,https://www.the-anchor.pub/quiz-night,raw/gsc-16m-p-pg_0002/Queries.csv
gsc-16m-p-pg_0002,pub quiz on a wednesday near me,pub quiz on a wednesday near me,0,1,0,11,,page-group,query,named-subset,false,2025-05-09,2026-09-08,all,web,page,https://www.the-anchor.pub/quiz-night,raw/gsc-16m-p-pg_0002/Queries.csv
gsc-16m-p-pg_0002,pub quiz on wednesday near me,pub quiz on wednesday near me,0,1,0,9,,page-group,query,named-subset,false,2025-05-09,2026-09-08,all,web,page,https://www.the-anchor.pub/quiz-night,raw/gsc-16m-p-pg_0002/Queries.csv
gsc-16m-p-pg_0002,pub quiz staines,pub quiz staines,0,1,0,6,,page-group,query,named-subset,false,2025-05-09,2026-09-08,all,web,page,https://www.the-anchor.pub/quiz-night,raw/gsc-16m-p-pg_0002/Queries.csv
gsc-16m-p-pg_0002,pub quiz sunday,pub quiz sunday,0,1,0,13,,page-group,query,named-subset,false,2025-05-09,2026-09-08,all,web,page,https://www.the-anchor.pub/quiz-night,raw/gsc-16m-p-pg_0002/Queries.csv
gsc-16m-p-pg_0002,pub quiz sunday near me,pub quiz sunday near me,0,1,0,9,,page-group,query,named-subset,false,2025-05-09,2026-09-08,all,web,page,https://www.the-anchor.pub/quiz-night,raw/gsc-16m-p-pg_0002/Queries.csv
gsc-16m-p-pg_0002,pub quizz near me,pub quizz near me,0,1,0,8,,page-group,query,named-subset,false,2025-05-09,2026-09-08,all,web,page,https://www.the-anchor.pub/quiz-night,raw/gsc-16m-p-pg_0002/Queries.csv
gsc-16m-p-pg_0002,pub quizzes near me tonight,pub quizzes near me tonight,0,1,0,9,,page-group,query,named-subset,false,2025-05-09,2026-09-08,all,web,page,https://www.the-anchor.pub/quiz-night,raw/gsc-16m-p-pg_0002/Queries.csv
gsc-16m-p-pg_0002,pubquiz near me,pubquiz near me,0,1,0,9,,page-group,query,named-subset,false,2025-05-09,2026-09-08,all,web,page,https://www.the-anchor.pub/quiz-night,raw/gsc-16m-p-pg_0002/Queries.csv
gsc-16m-p-pg_0002,pubs with quiz nights near me,pubs with quiz nights near me,0,1,0,7,,page-group,query,named-subset,false,2025-05-09,2026-09-08,all,web,page,https://www.the-anchor.pub/quiz-night,raw/gsc-16m-p-pg_0002/Queries.csv
gsc-16m-p-pg_0002,quiz,quiz,0,1,0,11,,page-group,query,named-subset,false,2025-05-09,2026-09-08,all,web,page,https://www.the-anchor.pub/quiz-night,raw/gsc-16m-p-pg_0002/Queries.csv
gsc-16m-p-pg_0002,quiz night near me tonight,quiz night near me tonight,0,1,0,13,,page-group,query,named-subset,false,2025-05-09,2026-09-08,all,web,page,https://www.the-anchor.pub/quiz-night,raw/gsc-16m-p-pg_0002/Queries.csv
gsc-16m-p-pg_0002,quiz night tonight,quiz night tonight,0,1,0,1,,page-group,query,named-subset,false,2025-05-09,2026-09-08,all,web,page,https://www.the-anchor.pub/quiz-night,raw/gsc-16m-p-pg_0002/Queries.csv
gsc-16m-p-pg_0002,quizzes near me,quizzes near me,0,1,0,1,,page-group,query,named-subset,false,2025-05-09,2026-09-08,all,web,page,https://www.the-anchor.pub/quiz-night,raw/gsc-16m-p-pg_0002/Queries.csv
gsc-16m-p-pg_0002,quizzes near me tonight,quizzes near me tonight,0,1,0,1,,page-group,query,named-subset,false,2025-05-09,2026-09-08,all,web,page,https://www.the-anchor.pub/quiz-night,raw/gsc-16m-p-pg_0002/Queries.csv
gsc-16m-p-pg_0002,saturday night pub quiz,saturday night pub quiz,0,1,0,9,,page-group,query,named-subset,false,2025-05-09,2026-09-08,all,web,page,https://www.the-anchor.pub/quiz-night,raw/gsc-16m-p-pg_0002/Queries.csv
gsc-16m-p-pg_0002,saturday pub quiz near me,saturday pub quiz near me,0,1,0,13,,page-group,query,named-subset,false,2025-05-09,2026-09-08,all,web,page,https://www.the-anchor.pub/quiz-night,raw/gsc-16m-p-pg_0002/Queries.csv
gsc-16m-p-pg_0002,staines and ashford news,staines and ashford news,0,1,0,4,,page-group,query,named-subset,false,2025-05-09,2026-09-08,all,web,page,https://www.the-anchor.pub/quiz-night,raw/gsc-16m-p-pg_0002/Queries.csv
gsc-16m-p-pg_0002,staines day 2026,staines day 2026,0,1,0,3,,page-group,query,named-subset,false,2025-05-09,2026-09-08,all,web,page,https://www.the-anchor.pub/quiz-night,raw/gsc-16m-p-pg_0002/Queries.csv
gsc-16m-p-pg_0002,sunday pub quiz,sunday pub quiz,0,1,0,1,,page-group,query,named-subset,false,2025-05-09,2026-09-08,all,web,page,https://www.the-anchor.pub/quiz-night,raw/gsc-16m-p-pg_0002/Queries.csv
gsc-16m-p-pg_0002,the anchor cambridge,the anchor cambridge,0,1,0,2,,page-group,query,named-subset,false,2025-05-09,2026-09-08,all,web,page,https://www.the-anchor.pub/quiz-night,raw/gsc-16m-p-pg_0002/Queries.csv
gsc-16m-p-pg_0002,the anchor staines,the anchor staines,0,1,0,2,,page-group,query,named-subset,false,2025-05-09,2026-09-08,all,web,page,https://www.the-anchor.pub/quiz-night,raw/gsc-16m-p-pg_0002/Queries.csv
gsc-16m-p-pg_0002,the anchor stanwell moor,the anchor stanwell moor,0,1,0,2,,page-group,query,named-subset,false,2025-05-09,2026-09-08,all,web,page,https://www.the-anchor.pub/quiz-night,raw/gsc-16m-p-pg_0002/Queries.csv
gsc-16m-p-pg_0002,the station hither green pub quiz,the station hither green pub quiz,0,1,0,65,,page-group,query,named-subset,false,2025-05-09,2026-09-08,all,web,page,https://www.the-anchor.pub/quiz-night,raw/gsc-16m-p-pg_0002/Queries.csv
gsc-16m-p-pg_0002,themed pub quizzes,themed pub quizzes,0,1,0,79,,page-group,query,named-subset,false,2025-05-09,2026-09-08,all,web,page,https://www.the-anchor.pub/quiz-night,raw/gsc-16m-p-pg_0002/Queries.csv
gsc-16m-p-pg_0002,trivia near me tomorrow night,trivia near me tomorrow night,0,1,0,12,,page-group,query,named-subset,false,2025-05-09,2026-09-08,all,web,page,https://www.the-anchor.pub/quiz-night,raw/gsc-16m-p-pg_0002/Queries.csv
gsc-16m-p-pg_0002,trivia near mw,trivia near mw,0,1,0,8,,page-group,query,named-subset,false,2025-05-09,2026-09-08,all,web,page,https://www.the-anchor.pub/quiz-night,raw/gsc-16m-p-pg_0002/Queries.csv
gsc-16m-p-pg_0002,trivia nite,trivia nite,0,1,0,61,,page-group,query,named-subset,false,2025-05-09,2026-09-08,all,web,page,https://www.the-anchor.pub/quiz-night,raw/gsc-16m-p-pg_0002/Queries.csv
gsc-16m-p-pg_0002,trivia parties,trivia parties,0,1,0,26,,page-group,query,named-subset,false,2025-05-09,2026-09-08,all,web,page,https://www.the-anchor.pub/quiz-night,raw/gsc-16m-p-pg_0002/Queries.csv
gsc-16m-p-pg_0002,wednesday night pub quiz,wednesday night pub quiz,0,1,0,8,,page-group,query,named-subset,false,2025-05-09,2026-09-08,all,web,page,https://www.the-anchor.pub/quiz-night,raw/gsc-16m-p-pg_0002/Queries.csv
gsc-16m-p-pg_0002,wednesday night quiz near me,wednesday night quiz near me,0,1,0,4,,page-group,query,named-subset,false,2025-05-09,2026-09-08,all,web,page,https://www.the-anchor.pub/quiz-night,raw/gsc-16m-p-pg_0002/Queries.csv
gsc-16m-p-pg_0002,what time do pub quizzes start,what time do pub quizzes start,0,1,0,1,,page-group,query,named-subset,false,2025-05-09,2026-09-08,all,web,page,https://www.the-anchor.pub/quiz-night,raw/gsc-16m-p-pg_0002/Queries.csv
gsc-16m-p-pg_0002,whats on staines,whats on staines,0,1,0,5,,page-group,query,named-subset,false,2025-05-09,2026-09-08,all,web,page,https://www.the-anchor.pub/quiz-night,raw/gsc-16m-p-pg_0002/Queries.csv
gsc-16m-p-pg_0002,where to find live music pubs in heathrow,where to find live music pubs in heathrow,0,1,0,99,,page-group,query,named-subset,false,2025-05-09,2026-09-08,all,web,page,https://www.the-anchor.pub/quiz-night,raw/gsc-16m-p-pg_0002/Queries.csv
gsc-16m-p-pg_0002,where to meet new friends,where to meet new friends,0,1,0,1,,page-group,query,named-subset,false,2025-05-09,2026-09-08,all,web,page,https://www.the-anchor.pub/quiz-night,raw/gsc-16m-p-pg_0002/Queries.csv
gsc-16m-p-pg_0002,yes,yes,0,1,0,6,,page-group,query,named-subset,false,2025-05-09,2026-09-08,all,web,page,https://www.the-anchor.pub/quiz-night,raw/gsc-16m-p-pg_0002/Queries.csv
gsc-16m-p-pg_0004,music bingo near me,music bingo near me,0,8,0,8.12,,page-group,query,named-subset,false,2025-05-09,2026-09-08,all,web,page,https://www.the-anchor.pub/music-bingo,raw/gsc-16m-p-pg_0004/Queries.csv
gsc-16m-p-pg_0004,site:www.the-anchor.pub,site:www.the-anchor.pub,0,4,0,20.25,,page-group,query,named-subset,false,2025-05-09,2026-09-08,all,web,page,https://www.the-anchor.pub/music-bingo,raw/gsc-16m-p-pg_0004/Queries.csv
gsc-16m-p-pg_0004,where to find live music pubs in heathrow,where to find live music pubs in heathrow,0,4,0,96.5,,page-group,query,named-subset,false,2025-05-09,2026-09-08,all,web,page,https://www.the-anchor.pub/music-bingo,raw/gsc-16m-p-pg_0004/Queries.csv
gsc-16m-p-pg_0004,singalong bingo,singalong bingo,0,3,0,6.33,,page-group,query,named-subset,false,2025-05-09,2026-09-08,all,web,page,https://www.the-anchor.pub/music-bingo,raw/gsc-16m-p-pg_0004/Queries.csv
gsc-16m-p-pg_0004,music bingo nights,music bingo nights,0,2,0,16.5,,page-group,query,named-subset,false,2025-05-09,2026-09-08,all,web,page,https://www.the-anchor.pub/music-bingo,raw/gsc-16m-p-pg_0004/Queries.csv
gsc-16m-p-pg_0004,musical bingo near me,musical bingo near me,0,2,0,6.5,,page-group,query,named-subset,false,2025-05-09,2026-09-08,all,web,page,https://www.the-anchor.pub/music-bingo,raw/gsc-16m-p-pg_0004/Queries.csv
gsc-16m-p-pg_0004,prizesland bingo,prizesland bingo,0,2,0,17,,page-group,query,named-subset,false,2025-05-09,2026-09-08,all,web,page,https://www.the-anchor.pub/music-bingo,raw/gsc-16m-p-pg_0004/Queries.csv
gsc-16m-p-pg_0004,bingo anchor,bingo anchor,0,1,0,4,,page-group,query,named-subset,false,2025-05-09,2026-09-08,all,web,page,https://www.the-anchor.pub/music-bingo,raw/gsc-16m-p-pg_0004/Queries.csv
gsc-16m-p-pg_0004,card bingo,card bingo,0,1,0,2,,page-group,query,named-subset,false,2025-05-09,2026-09-08,all,web,page,https://www.the-anchor.pub/music-bingo,raw/gsc-16m-p-pg_0004/Queries.csv
gsc-16m-p-pg_0004,closer bingo,closer bingo,0,1,0,64,,page-group,query,named-subset,false,2025-05-09,2026-09-08,all,web,page,https://www.the-anchor.pub/music-bingo,raw/gsc-16m-p-pg_0004/Queries.csv
gsc-16m-p-pg_0004,how to organise a bingo night,how to organise a bingo night,0,1,0,2,,page-group,query,named-subset,false,2025-05-09,2026-09-08,all,web,page,https://www.the-anchor.pub/music-bingo,raw/gsc-16m-p-pg_0004/Queries.csv
gsc-16m-p-pg_0004,how to run a bingo night fundraiser,how to run a bingo night fundraiser,0,1,0,3,,page-group,query,named-subset,false,2025-05-09,2026-09-08,all,web,page,https://www.the-anchor.pub/music-bingo,raw/gsc-16m-p-pg_0004/Queries.csv
gsc-16m-p-pg_0004,how to run a bingo night in a pub,how to run a bingo night in a pub,0,1,0,1,,page-group,query,named-subset,false,2025-05-09,2026-09-08,all,web,page,https://www.the-anchor.pub/music-bingo,raw/gsc-16m-p-pg_0004/Queries.csv
gsc-16m-p-pg_0004,music bingo for pubs,music bingo for pubs,0,1,0,1,,page-group,query,named-subset,false,2025-05-09,2026-09-08,all,web,page,https://www.the-anchor.pub/music-bingo,raw/gsc-16m-p-pg_0004/Queries.csv
gsc-16m-p-pg_0004,pub bingo rules,pub bingo rules,0,1,0,3,,page-group,query,named-subset,false,2025-05-09,2026-09-08,all,web,page,https://www.the-anchor.pub/music-bingo,raw/gsc-16m-p-pg_0004/Queries.csv
gsc-16m-p-pg_0004,pubs with bingo near me,pubs with bingo near me,0,1,0,13,,page-group,query,named-subset,false,2025-05-09,2026-09-08,all,web,page,https://www.the-anchor.pub/music-bingo,raw/gsc-16m-p-pg_0004/Queries.csv
gsc-16m-p-pg_0004,punk rock bingo ship and anchor,punk rock bingo ship and anchor,0,1,0,20,,page-group,query,named-subset,false,2025-05-09,2026-09-08,all,web,page,https://www.the-anchor.pub/music-bingo,raw/gsc-16m-p-pg_0004/Queries.csv
gsc-16m-p-pg_0004,sticky bingo,sticky bingo,0,1,0,2,,page-group,query,named-subset,false,2025-05-09,2026-09-08,all,web,page,https://www.the-anchor.pub/music-bingo,raw/gsc-16m-p-pg_0004/Queries.csv
gsc-16m-p-pg_0005,the bingo spot live bingo,the bingo spot live bingo,0,37,0,48.78,,page-group,query,named-subset,false,2025-05-09,2026-09-08,all,web,page,https://www.the-anchor.pub/cash-bingo,raw/gsc-16m-p-pg_0005/Queries.csv
gsc-16m-p-pg_0005,pub bingo near me,pub bingo near me,0,31,0,22.29,,page-group,query,named-subset,false,2025-05-09,2026-09-08,all,web,page,https://www.the-anchor.pub/cash-bingo,raw/gsc-16m-p-pg_0005/Queries.csv
gsc-16m-p-pg_0005,bingo countdown,bingo countdown,0,20,0,36.3,,page-group,query,named-subset,false,2025-05-09,2026-09-08,all,web,page,https://www.the-anchor.pub/cash-bingo,raw/gsc-16m-p-pg_0005/Queries.csv
gsc-16m-p-pg_0005,cash bingo near me,cash bingo near me,0,15,0,11.27,,page-group,query,named-subset,false,2025-05-09,2026-09-08,all,web,page,https://www.the-anchor.pub/cash-bingo,raw/gsc-16m-p-pg_0005/Queries.csv
gsc-16m-p-pg_0005,which bingo site has the best snowball jackpot games?,which bingo site has the best snowball jackpot games?,0,8,0,5.88,,page-group,query,named-subset,false,2025-05-09,2026-09-08,all,web,page,https://www.the-anchor.pub/cash-bingo,raw/gsc-16m-p-pg_0005/Queries.csv
gsc-16m-p-pg_0005,closer bingo,closer bingo,0,7,0,64.57,,page-group,query,named-subset,false,2025-05-09,2026-09-08,all,web,page,https://www.the-anchor.pub/cash-bingo,raw/gsc-16m-p-pg_0005/Queries.csv
gsc-16m-p-pg_0005,site:www.the-anchor.pub,site:www.the-anchor.pub,0,5,0,31.4,,page-group,query,named-subset,false,2025-05-09,2026-09-08,all,web,page,https://www.the-anchor.pub/cash-bingo,raw/gsc-16m-p-pg_0005/Queries.csv
gsc-16m-p-pg_0005,the bingo spot game,the bingo spot game,0,4,0,73.75,,page-group,query,named-subset,false,2025-05-09,2026-09-08,all,web,page,https://www.the-anchor.pub/cash-bingo,raw/gsc-16m-p-pg_0005/Queries.csv
gsc-16m-p-pg_0005,bingo near me,bingo near me,0,3,0,5.67,,page-group,query,named-subset,false,2025-05-09,2026-09-08,all,web,page,https://www.the-anchor.pub/cash-bingo,raw/gsc-16m-p-pg_0005/Queries.csv
gsc-16m-p-pg_0005,where to meet people,where to meet people,0,3,0,1,,page-group,query,named-subset,false,2025-05-09,2026-09-08,all,web,page,https://www.the-anchor.pub/cash-bingo,raw/gsc-16m-p-pg_0005/Queries.csv
gsc-16m-p-pg_0005,5 gbp bingo,5 gbp bingo,0,2,0,40,,page-group,query,named-subset,false,2025-05-09,2026-09-08,all,web,page,https://www.the-anchor.pub/cash-bingo,raw/gsc-16m-p-pg_0005/Queries.csv
gsc-16m-p-pg_0005,bar bingo near me,bar bingo near me,0,2,0,40.5,,page-group,query,named-subset,false,2025-05-09,2026-09-08,all,web,page,https://www.the-anchor.pub/cash-bingo,raw/gsc-16m-p-pg_0005/Queries.csv
gsc-16m-p-pg_0005,bingo in pubs,bingo in pubs,0,2,0,88,,page-group,query,named-subset,false,2025-05-09,2026-09-08,all,web,page,https://www.the-anchor.pub/cash-bingo,raw/gsc-16m-p-pg_0005/Queries.csv
gsc-16m-p-pg_0005,jackpot bingo near me,jackpot bingo near me,0,2,0,30,,page-group,query,named-subset,false,2025-05-09,2026-09-08,all,web,page,https://www.the-anchor.pub/cash-bingo,raw/gsc-16m-p-pg_0005/Queries.csv
gsc-16m-p-pg_0005,the bingo spot live,the bingo spot live,0,2,0,56,,page-group,query,named-subset,false,2025-05-09,2026-09-08,all,web,page,https://www.the-anchor.pub/cash-bingo,raw/gsc-16m-p-pg_0005/Queries.csv
gsc-16m-p-pg_0005,activities near me for adults,activities near me for adults,0,1,0,1,,page-group,query,named-subset,false,2025-05-09,2026-09-08,all,web,page,https://www.the-anchor.pub/cash-bingo,raw/gsc-16m-p-pg_0005/Queries.csv
gsc-16m-p-pg_0005,anchor bingo,anchor bingo,0,1,0,3,,page-group,query,named-subset,false,2025-05-09,2026-09-08,all,web,page,https://www.the-anchor.pub/cash-bingo,raw/gsc-16m-p-pg_0005/Queries.csv
gsc-16m-p-pg_0005,anglers retreat staines,anglers retreat staines,0,1,0,5,,page-group,query,named-subset,false,2025-05-09,2026-09-08,all,web,page,https://www.the-anchor.pub/cash-bingo,raw/gsc-16m-p-pg_0005/Queries.csv
gsc-16m-p-pg_0005,bingo books,bingo books,0,1,0,6,,page-group,query,named-subset,false,2025-05-09,2026-09-08,all,web,page,https://www.the-anchor.pub/cash-bingo,raw/gsc-16m-p-pg_0005/Queries.csv
gsc-16m-p-pg_0005,bingo boston,bingo boston,0,1,0,1,,page-group,query,named-subset,false,2025-05-09,2026-09-08,all,web,page,https://www.the-anchor.pub/cash-bingo,raw/gsc-16m-p-pg_0005/Queries.csv
gsc-16m-p-pg_0005,bingo cash,bingo cash,0,1,0,66,,page-group,query,named-subset,false,2025-05-09,2026-09-08,all,web,page,https://www.the-anchor.pub/cash-bingo,raw/gsc-16m-p-pg_0005/Queries.csv
gsc-16m-p-pg_0005,bingo night prize money amount,bingo night prize money amount,0,1,0,10,,page-group,query,named-subset,false,2025-05-09,2026-09-08,all,web,page,https://www.the-anchor.pub/cash-bingo,raw/gsc-16m-p-pg_0005/Queries.csv
gsc-16m-p-pg_0005,bingo online for cash,bingo online for cash,0,1,0,76,,page-group,query,named-subset,false,2025-05-09,2026-09-08,all,web,page,https://www.the-anchor.pub/cash-bingo,raw/gsc-16m-p-pg_0005/Queries.csv
gsc-16m-p-pg_0005,bongo's bingo times,bongo's bingo times,0,1,0,1,,page-group,query,named-subset,false,2025-05-09,2026-09-08,all,web,page,https://www.the-anchor.pub/cash-bingo,raw/gsc-16m-p-pg_0005/Queries.csv
gsc-16m-p-pg_0005,cash bingo promotions,cash bingo promotions,0,1,0,36,,page-group,query,named-subset,false,2025-05-09,2026-09-08,all,web,page,https://www.the-anchor.pub/cash-bingo,raw/gsc-16m-p-pg_0005/Queries.csv
gsc-16m-p-pg_0005,family bingo calls,family bingo calls,0,1,0,45,,page-group,query,named-subset,false,2025-05-09,2026-09-08,all,web,page,https://www.the-anchor.pub/cash-bingo,raw/gsc-16m-p-pg_0005/Queries.csv
gsc-16m-p-pg_0005,play bingo with jackpots,play bingo with jackpots,0,1,0,75,,page-group,query,named-subset,false,2025-05-09,2026-09-08,all,web,page,https://www.the-anchor.pub/cash-bingo,raw/gsc-16m-p-pg_0005/Queries.csv
gsc-16m-p-pg_0005,postcode bingo,postcode bingo,0,1,0,55,,page-group,query,named-subset,false,2025-05-09,2026-09-08,all,web,page,https://www.the-anchor.pub/cash-bingo,raw/gsc-16m-p-pg_0005/Queries.csv
gsc-16m-p-pg_0005,prize bingo near me,prize bingo near me,0,1,0,1,,page-group,query,named-subset,false,2025-05-09,2026-09-08,all,web,page,https://www.the-anchor.pub/cash-bingo,raw/gsc-16m-p-pg_0005/Queries.csv
gsc-16m-p-pg_0005,pub events,pub events,0,1,0,1,,page-group,query,named-subset,false,2025-05-09,2026-09-08,all,web,page,https://www.the-anchor.pub/cash-bingo,raw/gsc-16m-p-pg_0005/Queries.csv
gsc-16m-p-pg_0005,snowball jackpot bingo,snowball jackpot bingo,0,1,0,9,,page-group,query,named-subset,false,2025-05-09,2026-09-08,all,web,page,https://www.the-anchor.pub/cash-bingo,raw/gsc-16m-p-pg_0005/Queries.csv
gsc-16m-p-pg_0005,staines and ashford news,staines and ashford news,0,1,0,4,,page-group,query,named-subset,false,2025-05-09,2026-09-08,all,web,page,https://www.the-anchor.pub/cash-bingo,raw/gsc-16m-p-pg_0005/Queries.csv
gsc-16m-p-pg_0005,staines day 2026,staines day 2026,0,1,0,3,,page-group,query,named-subset,false,2025-05-09,2026-09-08,all,web,page,https://www.the-anchor.pub/cash-bingo,raw/gsc-16m-p-pg_0005/Queries.csv
gsc-16m-p-pg_0005,staines vue,staines vue,0,1,0,4,,page-group,query,named-subset,false,2025-05-09,2026-09-08,all,web,page,https://www.the-anchor.pub/cash-bingo,raw/gsc-16m-p-pg_0005/Queries.csv
gsc-16m-p-pg_0005,sumer,sumer,0,1,0,5,,page-group,query,named-subset,false,2025-05-09,2026-09-08,all,web,page,https://www.the-anchor.pub/cash-bingo,raw/gsc-16m-p-pg_0005/Queries.csv
gsc-16m-p-pg_0005,things to do in staines for adults,things to do in staines for adults,0,1,0,1,,page-group,query,named-subset,false,2025-05-09,2026-09-08,all,web,page,https://www.the-anchor.pub/cash-bingo,raw/gsc-16m-p-pg_0005/Queries.csv
gsc-16m-p-pg_0005,wells bingo,wells bingo,0,1,0,17,,page-group,query,named-subset,false,2025-05-09,2026-09-08,all,web,page,https://www.the-anchor.pub/cash-bingo,raw/gsc-16m-p-pg_0005/Queries.csv
gsc-16m-p-pg_0005,what is a snowball in bingo,what is a snowball in bingo,0,1,0,1,,page-group,query,named-subset,false,2025-05-09,2026-09-08,all,web,page,https://www.the-anchor.pub/cash-bingo,raw/gsc-16m-p-pg_0005/Queries.csv
gsc-16m-p-pg_0005,what is the snowball,what is the snowball,0,1,0,3,,page-group,query,named-subset,false,2025-05-09,2026-09-08,all,web,page,https://www.the-anchor.pub/cash-bingo,raw/gsc-16m-p-pg_0005/Queries.csv
gsc-16m-p-pg_0005,what time does bongo's bingo start,what time does bongo's bingo start,0,1,0,1,,page-group,query,named-subset,false,2025-05-09,2026-09-08,all,web,page,https://www.the-anchor.pub/cash-bingo,raw/gsc-16m-p-pg_0005/Queries.csv
gsc-16m-p-pg_0005,whats on in staines,whats on in staines,0,1,0,5,,page-group,query,named-subset,false,2025-05-09,2026-09-08,all,web,page,https://www.the-anchor.pub/cash-bingo,raw/gsc-16m-p-pg_0005/Queries.csv
gsc-16m-p-pg_0005,whats on staines,whats on staines,0,1,0,5,,page-group,query,named-subset,false,2025-05-09,2026-09-08,all,web,page,https://www.the-anchor.pub/cash-bingo,raw/gsc-16m-p-pg_0005/Queries.csv
gsc-16m-p-pg_0005,where can i play bingo countdown online,where can i play bingo countdown online,0,1,0,78,,page-group,query,named-subset,false,2025-05-09,2026-09-08,all,web,page,https://www.the-anchor.pub/cash-bingo,raw/gsc-16m-p-pg_0005/Queries.csv
gsc-16m-p-pg_0005,where to meet new friends,where to meet new friends,0,1,0,1,,page-group,query,named-subset,false,2025-05-09,2026-09-08,all,web,page,https://www.the-anchor.pub/cash-bingo,raw/gsc-16m-p-pg_0005/Queries.csv
