query,clicks,impressions,ctr,position,page,date_range
the bingo spot live bingo,0,37,0,48.78,https://www.the-anchor.pub/cash-bingo,2025-05-09 to 2026-09-08
pub bingo near me,0,31,0,22.29,https://www.the-anchor.pub/cash-bingo,2025-05-09 to 2026-09-08
bingo countdown,0,20,0,36.3,https://www.the-anchor.pub/cash-bingo,2025-05-09 to 2026-09-08
cash bingo near me,0,15,0,11.27,https://www.the-anchor.pub/cash-bingo,2025-05-09 to 2026-09-08
which bingo site has the best snowball jackpot games?,0,8,0,5.88,https://www.the-anchor.pub/cash-bingo,2025-05-09 to 2026-09-08
closer bingo,0,7,0,64.57,https://www.the-anchor.pub/cash-bingo,2025-05-09 to 2026-09-08
site:www.the-anchor.pub,0,5,0,31.4,https://www.the-anchor.pub/cash-bingo,2025-05-09 to 2026-09-08
the bingo spot game,0,4,0,73.75,https://www.the-anchor.pub/cash-bingo,2025-05-09 to 2026-09-08
bingo near me,0,3,0,5.67,https://www.the-anchor.pub/cash-bingo,2025-05-09 to 2026-09-08
where to meet people,0,3,0,1,https://www.the-anchor.pub/cash-bingo,2025-05-09 to 2026-09-08
5 gbp bingo,0,2,0,40,https://www.the-anchor.pub/cash-bingo,2025-05-09 to 2026-09-08
bar bingo near me,0,2,0,40.5,https://www.the-anchor.pub/cash-bingo,2025-05-09 to 2026-09-08
bingo in pubs,0,2,0,88,https://www.the-anchor.pub/cash-bingo,2025-05-09 to 2026-09-08
jackpot bingo near me,0,2,0,30,https://www.the-anchor.pub/cash-bingo,2025-05-09 to 2026-09-08
the bingo spot live,0,2,0,56,https://www.the-anchor.pub/cash-bingo,2025-05-09 to 2026-09-08
activities near me for adults,0,1,0,1,https://www.the-anchor.pub/cash-bingo,2025-05-09 to 2026-09-08
anchor bingo,0,1,0,3,https://www.the-anchor.pub/cash-bingo,2025-05-09 to 2026-09-08
anglers retreat staines,0,1,0,5,https://www.the-anchor.pub/cash-bingo,2025-05-09 to 2026-09-08
bingo books,0,1,0,6,https://www.the-anchor.pub/cash-bingo,2025-05-09 to 2026-09-08
bingo boston,0,1,0,1,https://www.the-anchor.pub/cash-bingo,2025-05-09 to 2026-09-08
bingo cash,0,1,0,66,https://www.the-anchor.pub/cash-bingo,2025-05-09 to 2026-09-08
bingo night prize money amount,0,1,0,10,https://www.the-anchor.pub/cash-bingo,2025-05-09 to 2026-09-08
bingo online for cash,0,1,0,76,https://www.the-anchor.pub/cash-bingo,2025-05-09 to 2026-09-08
bongo's bingo times,0,1,0,1,https://www.the-anchor.pub/cash-bingo,2025-05-09 to 2026-09-08
cash bingo promotions,0,1,0,36,https://www.the-anchor.pub/cash-bingo,2025-05-09 to 2026-09-08
family bingo calls,0,1,0,45,https://www.the-anchor.pub/cash-bingo,2025-05-09 to 2026-09-08
play bingo with jackpots,0,1,0,75,https://www.the-anchor.pub/cash-bingo,2025-05-09 to 2026-09-08
postcode bingo,0,1,0,55,https://www.the-anchor.pub/cash-bingo,2025-05-09 to 2026-09-08
prize bingo near me,0,1,0,1,https://www.the-anchor.pub/cash-bingo,2025-05-09 to 2026-09-08
pub events,0,1,0,1,https://www.the-anchor.pub/cash-bingo,2025-05-09 to 2026-09-08
snowball jackpot bingo,0,1,0,9,https://www.the-anchor.pub/cash-bingo,2025-05-09 to 2026-09-08
staines and ashford news,0,1,0,4,https://www.the-anchor.pub/cash-bingo,2025-05-09 to 2026-09-08
staines day 2026,0,1,0,3,https://www.the-anchor.pub/cash-bingo,2025-05-09 to 2026-09-08
staines vue,0,1,0,4,https://www.the-anchor.pub/cash-bingo,2025-05-09 to 2026-09-08
sumer,0,1,0,5,https://www.the-anchor.pub/cash-bingo,2025-05-09 to 2026-09-08
things to do in staines for adults,0,1,0,1,https://www.the-anchor.pub/cash-bingo,2025-05-09 to 2026-09-08
wells bingo,0,1,0,17,https://www.the-anchor.pub/cash-bingo,2025-05-09 to 2026-09-08
what is a snowball in bingo,0,1,0,1,https://www.the-anchor.pub/cash-bingo,2025-05-09 to 2026-09-08
what is the snowball,0,1,0,3,https://www.the-anchor.pub/cash-bingo,2025-05-09 to 2026-09-08
what time does bongo's bingo start,0,1,0,1,https://www.the-anchor.pub/cash-bingo,2025-05-09 to 2026-09-08
whats on in staines,0,1,0,5,https://www.the-anchor.pub/cash-bingo,2025-05-09 to 2026-09-08
whats on staines,0,1,0,5,https://www.the-anchor.pub/cash-bingo,2025-05-09 to 2026-09-08
where can i play bingo countdown online,0,1,0,78,https://www.the-anchor.pub/cash-bingo,2025-05-09 to 2026-09-08
where to meet new friends,0,1,0,1,https://www.the-anchor.pub/cash-bingo,2025-05-09 to 2026-09-08
music bingo near me,0,8,0,8.12,https://www.the-anchor.pub/music-bingo,2025-05-09 to 2026-09-08
site:www.the-anchor.pub,0,4,0,20.25,https://www.the-anchor.pub/music-bingo,2025-05-09 to 2026-09-08
where to find live music pubs in heathrow,0,4,0,96.5,https://www.the-anchor.pub/music-bingo,2025-05-09 to 2026-09-08
singalong bingo,0,3,0,6.33,https://www.the-anchor.pub/music-bingo,2025-05-09 to 2026-09-08
music bingo nights,0,2,0,16.5,https://www.the-anchor.pub/music-bingo,2025-05-09 to 2026-09-08
musical bingo near me,0,2,0,6.5,https://www.the-anchor.pub/music-bingo,2025-05-09 to 2026-09-08
prizesland bingo,0,2,0,17,https://www.the-anchor.pub/music-bingo,2025-05-09 to 2026-09-08
bingo anchor,0,1,0,4,https://www.the-anchor.pub/music-bingo,2025-05-09 to 2026-09-08
card bingo,0,1,0,2,https://www.the-anchor.pub/music-bingo,2025-05-09 to 2026-09-08
closer bingo,0,1,0,64,https://www.the-anchor.pub/music-bingo,2025-05-09 to 2026-09-08
how to organise a bingo night,0,1,0,2,https://www.the-anchor.pub/music-bingo,2025-05-09 to 2026-09-08
how to run a bingo night fundraiser,0,1,0,3,https://www.the-anchor.pub/music-bingo,2025-05-09 to 2026-09-08
how to run a bingo night in a pub,0,1,0,1,https://www.the-anchor.pub/music-bingo,2025-05-09 to 2026-09-08
music bingo for pubs,0,1,0,1,https://www.the-anchor.pub/music-bingo,2025-05-09 to 2026-09-08
pub bingo rules,0,1,0,3,https://www.the-anchor.pub/music-bingo,2025-05-09 to 2026-09-08
pubs with bingo near me,0,1,0,13,https://www.the-anchor.pub/music-bingo,2025-05-09 to 2026-09-08
punk rock bingo ship and anchor,0,1,0,20,https://www.the-anchor.pub/music-bingo,2025-05-09 to 2026-09-08
sticky bingo,0,1,0,2,https://www.the-anchor.pub/music-bingo,2025-05-09 to 2026-09-08
pub quiz near me,1,142,0.007,9.85,https://www.the-anchor.pub/quiz-night,2025-05-09 to 2026-09-08
quiz nights near me,1,50,0.02,8.86,https://www.the-anchor.pub/quiz-night,2025-05-09 to 2026-09-08
pub wuiz near me,1,3,0.3333,2.33,https://www.the-anchor.pub/quiz-night,2025-05-09 to 2026-09-08
quiz night tonight near me,1,1,1,1,https://www.the-anchor.pub/quiz-night,2025-05-09 to 2026-09-08
pub quizzes near me,0,40,0,3.95,https://www.the-anchor.pub/quiz-night,2025-05-09 to 2026-09-08
the anchor pub quiz,0,33,0,5,https://www.the-anchor.pub/quiz-night,2025-05-09 to 2026-09-08
anchor quiz,0,23,0,7.78,https://www.the-anchor.pub/quiz-night,2025-05-09 to 2026-09-08
quiz night near me,0,20,0,3.3,https://www.the-anchor.pub/quiz-night,2025-05-09 to 2026-09-08
anchor pub quiz,0,17,0,7.47,https://www.the-anchor.pub/quiz-night,2025-05-09 to 2026-09-08
quiz near me,0,17,0,35.24,https://www.the-anchor.pub/quiz-night,2025-05-09 to 2026-09-08
trivia night in surrey,0,15,0,3.33,https://www.the-anchor.pub/quiz-night,2025-05-09 to 2026-09-08
pub quiz surrey,0,10,0,12.7,https://www.the-anchor.pub/quiz-night,2025-05-09 to 2026-09-08
pub quiz tonight near me,0,9,0,3,https://www.the-anchor.pub/quiz-night,2025-05-09 to 2026-09-08
local pub quizzes near me,0,6,0,36.5,https://www.the-anchor.pub/quiz-night,2025-05-09 to 2026-09-08
pub quiz nights near me,0,6,0,9.83,https://www.the-anchor.pub/quiz-night,2025-05-09 to 2026-09-08
pub quiz today near me,0,6,0,3.83,https://www.the-anchor.pub/quiz-night,2025-05-09 to 2026-09-08
corporate quiz night,0,5,0,43.8,https://www.the-anchor.pub/quiz-night,2025-05-09 to 2026-09-08
mobile home stanwell moor,0,5,0,29,https://www.the-anchor.pub/quiz-night,2025-05-09 to 2026-09-08
pub quiz wednesday near me,0,5,0,5.2,https://www.the-anchor.pub/quiz-night,2025-05-09 to 2026-09-08
quiz night,0,5,0,3.6,https://www.the-anchor.pub/quiz-night,2025-05-09 to 2026-09-08
site:www.the-anchor.pub,0,5,0,21.2,https://www.the-anchor.pub/quiz-night,2025-05-09 to 2026-09-08
sunday pub quiz near me,0,5,0,8,https://www.the-anchor.pub/quiz-night,2025-05-09 to 2026-09-08
trivia night in london,0,5,0,11,https://www.the-anchor.pub/quiz-night,2025-05-09 to 2026-09-08
best local pub quiz nights near me,0,4,0,11,https://www.the-anchor.pub/quiz-night,2025-05-09 to 2026-09-08
local pub quiz nights near me,0,4,0,7.25,https://www.the-anchor.pub/quiz-night,2025-05-09 to 2026-09-08
pub quiz night,0,4,0,8,https://www.the-anchor.pub/quiz-night,2025-05-09 to 2026-09-08
pub quizes near me,0,4,0,23.25,https://www.the-anchor.pub/quiz-night,2025-05-09 to 2026-09-08
quiz nights,0,4,0,6,https://www.the-anchor.pub/quiz-night,2025-05-09 to 2026-09-08
trivia night,0,4,0,7.25,https://www.the-anchor.pub/quiz-night,2025-05-09 to 2026-09-08
wednesday pub quiz near me,0,4,0,8.75,https://www.the-anchor.pub/quiz-night,2025-05-09 to 2026-09-08
charity quiz night near me,0,3,0,17,https://www.the-anchor.pub/quiz-night,2025-05-09 to 2026-09-08
local quiz nights near me,0,3,0,2,https://www.the-anchor.pub/quiz-night,2025-05-09 to 2026-09-08
monday pub quiz near me,0,3,0,1,https://www.the-anchor.pub/quiz-night,2025-05-09 to 2026-09-08
pub quiz ashford,0,3,0,9,https://www.the-anchor.pub/quiz-night,2025-05-09 to 2026-09-08
pub quiz near me wednesday,0,3,0,8,https://www.the-anchor.pub/quiz-night,2025-05-09 to 2026-09-08
pub quiz night near me,0,3,0,7.33,https://www.the-anchor.pub/quiz-night,2025-05-09 to 2026-09-08
pub trivia near me,0,3,0,11,https://www.the-anchor.pub/quiz-night,2025-05-09 to 2026-09-08
pub trivia night,0,3,0,40,https://www.the-anchor.pub/quiz-night,2025-05-09 to 2026-09-08
trivia night near me,0,3,0,9,https://www.the-anchor.pub/quiz-night,2025-05-09 to 2026-09-08
trivia nights,0,3,0,12.67,https://www.the-anchor.pub/quiz-night,2025-05-09 to 2026-09-08
wednesday quiz night near me,0,3,0,4.33,https://www.the-anchor.pub/quiz-night,2025-05-09 to 2026-09-08
best pub quiz near me,0,2,0,1,https://www.the-anchor.pub/quiz-night,2025-05-09 to 2026-09-08
corporate quiz nights,0,2,0,30,https://www.the-anchor.pub/quiz-night,2025-05-09 to 2026-09-08
crown and anchor pub quiz,0,2,0,51,https://www.the-anchor.pub/quiz-night,2025-05-09 to 2026-09-08
london pub trivia,0,2,0,76,https://www.the-anchor.pub/quiz-night,2025-05-09 to 2026-09-08
pub quiz fitzrovia,0,2,0,37.5,https://www.the-anchor.pub/quiz-night,2025-05-09 to 2026-09-08
pub quiz friday near me,0,2,0,6.5,https://www.the-anchor.pub/quiz-night,2025-05-09 to 2026-09-08
pub quiz wednesday,0,2,0,1,https://www.the-anchor.pub/quiz-night,2025-05-09 to 2026-09-08
pun quiz calendar,0,2,0,77.5,https://www.the-anchor.pub/quiz-night,2025-05-09 to 2026-09-08
quiz night near me wednesday,0,2,0,4,https://www.the-anchor.pub/quiz-night,2025-05-09 to 2026-09-08
quiz night schedule,0,2,0,22.5,https://www.the-anchor.pub/quiz-night,2025-05-09 to 2026-09-08
quiz nights near me tonight,0,2,0,10.5,https://www.the-anchor.pub/quiz-night,2025-05-09 to 2026-09-08
sunday night pub quiz near me,0,2,0,10,https://www.the-anchor.pub/quiz-night,2025-05-09 to 2026-09-08
sunday night quiz near me,0,2,0,8.5,https://www.the-anchor.pub/quiz-night,2025-05-09 to 2026-09-08
sunday quiz night near me,0,2,0,7.5,https://www.the-anchor.pub/quiz-night,2025-05-09 to 2026-09-08
thursday quiz night,0,2,0,1,https://www.the-anchor.pub/quiz-night,2025-05-09 to 2026-09-08
trivia booking,0,2,0,26,https://www.the-anchor.pub/quiz-night,2025-05-09 to 2026-09-08
trivia near me,0,2,0,9,https://www.the-anchor.pub/quiz-night,2025-05-09 to 2026-09-08
tuesday pub quiz,0,2,0,2,https://www.the-anchor.pub/quiz-night,2025-05-09 to 2026-09-08
anchor bar trivia night,0,1,0,9,https://www.the-anchor.pub/quiz-night,2025-05-09 to 2026-09-08
best pub quizzes in london,0,1,0,1,https://www.the-anchor.pub/quiz-night,2025-05-09 to 2026-09-08
christmas quiz themes,0,1,0,27,https://www.the-anchor.pub/quiz-night,2025-05-09 to 2026-09-08
corporate trivia night,0,1,0,1,https://www.the-anchor.pub/quiz-night,2025-05-09 to 2026-09-08
do i pay to enter,0,1,0,3,https://www.the-anchor.pub/quiz-night,2025-05-09 to 2026-09-08
do we need to book?,0,1,0,3,https://www.the-anchor.pub/quiz-night,2025-05-09 to 2026-09-08
english pub quiz,0,1,0,2,https://www.the-anchor.pub/quiz-night,2025-05-09 to 2026-09-08
entry fees,0,1,0,6,https://www.the-anchor.pub/quiz-night,2025-05-09 to 2026-09-08
friday night pub quiz near me,0,1,0,10,https://www.the-anchor.pub/quiz-night,2025-05-09 to 2026-09-08
friday night quiz near me,0,1,0,9,https://www.the-anchor.pub/quiz-night,2025-05-09 to 2026-09-08
friday pub quiz,0,1,0,1,https://www.the-anchor.pub/quiz-night,2025-05-09 to 2026-09-08
fun places near me,0,1,0,1,https://www.the-anchor.pub/quiz-night,2025-05-09 to 2026-09-08
harry potter quiz near me,0,1,0,2,https://www.the-anchor.pub/quiz-night,2025-05-09 to 2026-09-08
heathrow park to test,0,1,0,73,https://www.the-anchor.pub/quiz-night,2025-05-09 to 2026-09-08
hope and anchor pub quiz,0,1,0,73,https://www.the-anchor.pub/quiz-night,2025-05-09 to 2026-09-08
how long does a pub quiz last,0,1,0,4,https://www.the-anchor.pub/quiz-night,2025-05-09 to 2026-09-08
in surrey,0,1,0,6,https://www.the-anchor.pub/quiz-night,2025-05-09 to 2026-09-08
is it a party place?,0,1,0,2,https://www.the-anchor.pub/quiz-night,2025-05-09 to 2026-09-08
local pub quiz,0,1,0,3,https://www.the-anchor.pub/quiz-night,2025-05-09 to 2026-09-08
local quiz nights,0,1,0,5,https://www.the-anchor.pub/quiz-night,2025-05-09 to 2026-09-08
local quizzes near me,0,1,0,1,https://www.the-anchor.pub/quiz-night,2025-05-09 to 2026-09-08
london pub quizzes,0,1,0,72,https://www.the-anchor.pub/quiz-night,2025-05-09 to 2026-09-08
nearest quiz,0,1,0,26,https://www.the-anchor.pub/quiz-night,2025-05-09 to 2026-09-08
party quiz questions,0,1,0,1,https://www.the-anchor.pub/quiz-night,2025-05-09 to 2026-09-08
pib quiz near me,0,1,0,1,https://www.the-anchor.pub/quiz-night,2025-05-09 to 2026-09-08
prizes for quiz nights,0,1,0,12,https://www.the-anchor.pub/quiz-night,2025-05-09 to 2026-09-08
pub quiz,0,1,0,3,https://www.the-anchor.pub/quiz-night,2025-05-09 to 2026-09-08
pub quiz friday,0,1,0,1,https://www.the-anchor.pub/quiz-night,2025-05-09 to 2026-09-08
pub quiz friday night,0,1,0,1,https://www.the-anchor.pub/quiz-night,2025-05-09 to 2026-09-08
pub quiz harrow,0,1,0,64,https://www.the-anchor.pub/quiz-night,2025-05-09 to 2026-09-08
pub quiz locations,0,1,0,7,https://www.the-anchor.pub/quiz-night,2025-05-09 to 2026-09-08
pub quiz near me monday night,0,1,0,2,https://www.the-anchor.pub/quiz-night,2025-05-09 to 2026-09-08
pub quiz near me sunday,0,1,0,12,https://www.the-anchor.pub/quiz-night,2025-05-09 to 2026-09-08
pub quiz near me thursday,0,1,0,8,https://www.the-anchor.pub/quiz-night,2025-05-09 to 2026-09-08
pub quiz near me tomorrow,0,1,0,1,https://www.the-anchor.pub/quiz-night,2025-05-09 to 2026-09-08
pub quiz near.me,0,1,0,1,https://www.the-anchor.pub/quiz-night,2025-05-09 to 2026-09-08
pub quiz nesr me,0,1,0,11,https://www.the-anchor.pub/quiz-night,2025-05-09 to 2026-09-08
pub quiz on a wednesday near me,0,1,0,11,https://www.the-anchor.pub/quiz-night,2025-05-09 to 2026-09-08
pub quiz on wednesday near me,0,1,0,9,https://www.the-anchor.pub/quiz-night,2025-05-09 to 2026-09-08
pub quiz staines,0,1,0,6,https://www.the-anchor.pub/quiz-night,2025-05-09 to 2026-09-08
pub quiz sunday,0,1,0,13,https://www.the-anchor.pub/quiz-night,2025-05-09 to 2026-09-08
pub quiz sunday near me,0,1,0,9,https://www.the-anchor.pub/quiz-night,2025-05-09 to 2026-09-08
pub quizz near me,0,1,0,8,https://www.the-anchor.pub/quiz-night,2025-05-09 to 2026-09-08
pub quizzes near me tonight,0,1,0,9,https://www.the-anchor.pub/quiz-night,2025-05-09 to 2026-09-08
pubquiz near me,0,1,0,9,https://www.the-anchor.pub/quiz-night,2025-05-09 to 2026-09-08
pubs with quiz nights near me,0,1,0,7,https://www.the-anchor.pub/quiz-night,2025-05-09 to 2026-09-08
quiz,0,1,0,11,https://www.the-anchor.pub/quiz-night,2025-05-09 to 2026-09-08
quiz night near me tonight,0,1,0,13,https://www.the-anchor.pub/quiz-night,2025-05-09 to 2026-09-08
quiz night tonight,0,1,0,1,https://www.the-anchor.pub/quiz-night,2025-05-09 to 2026-09-08
quizzes near me,0,1,0,1,https://www.the-anchor.pub/quiz-night,2025-05-09 to 2026-09-08
quizzes near me tonight,0,1,0,1,https://www.the-anchor.pub/quiz-night,2025-05-09 to 2026-09-08
saturday night pub quiz,0,1,0,9,https://www.the-anchor.pub/quiz-night,2025-05-09 to 2026-09-08
saturday pub quiz near me,0,1,0,13,https://www.the-anchor.pub/quiz-night,2025-05-09 to 2026-09-08
staines and ashford news,0,1,0,4,https://www.the-anchor.pub/quiz-night,2025-05-09 to 2026-09-08
staines day 2026,0,1,0,3,https://www.the-anchor.pub/quiz-night,2025-05-09 to 2026-09-08
sunday pub quiz,0,1,0,1,https://www.the-anchor.pub/quiz-night,2025-05-09 to 2026-09-08
the anchor cambridge,0,1,0,2,https://www.the-anchor.pub/quiz-night,2025-05-09 to 2026-09-08
the anchor staines,0,1,0,2,https://www.the-anchor.pub/quiz-night,2025-05-09 to 2026-09-08
the anchor stanwell moor,0,1,0,2,https://www.the-anchor.pub/quiz-night,2025-05-09 to 2026-09-08
the station hither green pub quiz,0,1,0,65,https://www.the-anchor.pub/quiz-night,2025-05-09 to 2026-09-08
themed pub quizzes,0,1,0,79,https://www.the-anchor.pub/quiz-night,2025-05-09 to 2026-09-08
trivia near me tomorrow night,0,1,0,12,https://www.the-anchor.pub/quiz-night,2025-05-09 to 2026-09-08
trivia near mw,0,1,0,8,https://www.the-anchor.pub/quiz-night,2025-05-09 to 2026-09-08
trivia nite,0,1,0,61,https://www.the-anchor.pub/quiz-night,2025-05-09 to 2026-09-08
trivia parties,0,1,0,26,https://www.the-anchor.pub/quiz-night,2025-05-09 to 2026-09-08
wednesday night pub quiz,0,1,0,8,https://www.the-anchor.pub/quiz-night,2025-05-09 to 2026-09-08
wednesday night quiz near me,0,1,0,4,https://www.the-anchor.pub/quiz-night,2025-05-09 to 2026-09-08
what time do pub quizzes start,0,1,0,1,https://www.the-anchor.pub/quiz-night,2025-05-09 to 2026-09-08
whats on staines,0,1,0,5,https://www.the-anchor.pub/quiz-night,2025-05-09 to 2026-09-08
where to find live music pubs in heathrow,0,1,0,99,https://www.the-anchor.pub/quiz-night,2025-05-09 to 2026-09-08
where to meet new friends,0,1,0,1,https://www.the-anchor.pub/quiz-night,2025-05-09 to 2026-09-08
yes,0,1,0,6,https://www.the-anchor.pub/quiz-night,2025-05-09 to 2026-09-08
the anchor stanwell moor,11,1652,0.0067,2.02,https://www.the-anchor.pub/whats-on,2025-05-09 to 2026-09-08
the anchor staines,7,813,0.0086,2.11,https://www.the-anchor.pub/whats-on,2025-05-09 to 2026-09-08
the anchor heathrow,4,531,0.0075,2.1,https://www.the-anchor.pub/whats-on,2025-05-09 to 2026-09-08
the anchor stanwell,2,253,0.0079,2.2,https://www.the-anchor.pub/whats-on,2025-05-09 to 2026-09-08
the anchor pub heathrow,1,337,0.003,1.78,https://www.the-anchor.pub/whats-on,2025-05-09 to 2026-09-08
the anchor pub stanwell moor,1,240,0.0042,2.02,https://www.the-anchor.pub/whats-on,2025-05-09 to 2026-09-08
anchor pub heathrow,1,70,0.0143,1.97,https://www.the-anchor.pub/whats-on,2025-05-09 to 2026-09-08
the anchor events,1,18,0.0556,4.11,https://www.the-anchor.pub/whats-on,2025-05-09 to 2026-09-08
quiz near me tonight,1,1,1,1,https://www.the-anchor.pub/whats-on,2025-05-09 to 2026-09-08
the anchor pub,0,1353,0,8.15,https://www.the-anchor.pub/whats-on,2025-05-09 to 2026-09-08
anchor pub,0,664,0,9.11,https://www.the-anchor.pub/whats-on,2025-05-09 to 2026-09-08
the anchor,0,285,0,7.74,https://www.the-anchor.pub/whats-on,2025-05-09 to 2026-09-08
anchor stanwell moor,0,150,0,2.07,https://www.the-anchor.pub/whats-on,2025-05-09 to 2026-09-08
where to find live music pubs in heathrow,0,148,0,22.47,https://www.the-anchor.pub/whats-on,2025-05-09 to 2026-09-08
pubs near heathrow,0,127,0,9.9,https://www.the-anchor.pub/whats-on,2025-05-09 to 2026-09-08
pub near heathrow,0,112,0,8.93,https://www.the-anchor.pub/whats-on,2025-05-09 to 2026-09-08
corporate events near heathrow terminal 5,0,104,0,49.51,https://www.the-anchor.pub/whats-on,2025-05-09 to 2026-09-08
where to find live music pubs in heathrow airport,0,87,0,43.41,https://www.the-anchor.pub/whats-on,2025-05-09 to 2026-09-08
anchor bar,0,80,0,15.56,https://www.the-anchor.pub/whats-on,2025-05-09 to 2026-09-08
anchor pub stanwell,0,64,0,2.02,https://www.the-anchor.pub/whats-on,2025-05-09 to 2026-09-08
the anchor beer garden heathrow,0,50,0,2.06,https://www.the-anchor.pub/whats-on,2025-05-09 to 2026-09-08
the anchor pub in stanwell moor,0,49,0,1.35,https://www.the-anchor.pub/whats-on,2025-05-09 to 2026-09-08
pub quiz bingo,0,46,0,72.2,https://www.the-anchor.pub/whats-on,2025-05-09 to 2026-09-08
the anchor london,0,43,0,12.44,https://www.the-anchor.pub/whats-on,2025-05-09 to 2026-09-08
pubs near heathrow airport,0,41,0,12.73,https://www.the-anchor.pub/whats-on,2025-05-09 to 2026-09-08
the anchor beer garden stanwell moor,0,40,0,2,https://www.the-anchor.pub/whats-on,2025-05-09 to 2026-09-08
the anchor pub near me,0,34,0,10.76,https://www.the-anchor.pub/whats-on,2025-05-09 to 2026-09-08
the anchor staines menu,0,34,0,3.32,https://www.the-anchor.pub/whats-on,2025-05-09 to 2026-09-08
the anchor bar,0,33,0,19.91,https://www.the-anchor.pub/whats-on,2025-05-09 to 2026-09-08
anchor pub quiz,0,27,0,6.52,https://www.the-anchor.pub/whats-on,2025-05-09 to 2026-09-08
the anchor pub quiz,0,27,0,5.04,https://www.the-anchor.pub/whats-on,2025-05-09 to 2026-09-08
anchor pub stanwell moor,0,23,0,1.96,https://www.the-anchor.pub/whats-on,2025-05-09 to 2026-09-08
pub heathrow,0,21,0,11.14,https://www.the-anchor.pub/whats-on,2025-05-09 to 2026-09-08
the ancor pub,0,20,0,7.75,https://www.the-anchor.pub/whats-on,2025-05-09 to 2026-09-08
dog-friendly pubs in staines,0,19,0,28.68,https://www.the-anchor.pub/whats-on,2025-05-09 to 2026-09-08
hope and anchor pub quiz,0,19,0,38.58,https://www.the-anchor.pub/whats-on,2025-05-09 to 2026-09-08
the anchor london menu,0,19,0,9.37,https://www.the-anchor.pub/whats-on,2025-05-09 to 2026-09-08
anchor events,0,18,0,4.56,https://www.the-anchor.pub/whats-on,2025-05-09 to 2026-09-08
pub near me,0,18,0,4.56,https://www.the-anchor.pub/whats-on,2025-05-09 to 2026-09-08
anchor quiz,0,17,0,5.59,https://www.the-anchor.pub/whats-on,2025-05-09 to 2026-09-08
stanwell pubs,0,17,0,5.53,https://www.the-anchor.pub/whats-on,2025-05-09 to 2026-09-08
anchor pub near me,0,15,0,10,https://www.the-anchor.pub/whats-on,2025-05-09 to 2026-09-08
stanwell pub,0,15,0,5.73,https://www.the-anchor.pub/whats-on,2025-05-09 to 2026-09-08
heathrow pub,0,14,0,12,https://www.the-anchor.pub/whats-on,2025-05-09 to 2026-09-08
ancor pub,0,12,0,9.33,https://www.the-anchor.pub/whats-on,2025-05-09 to 2026-09-08
anchor oub,0,11,0,7.45,https://www.the-anchor.pub/whats-on,2025-05-09 to 2026-09-08
site:.pub,0,11,0,76.82,https://www.the-anchor.pub/whats-on,2025-05-09 to 2026-09-08
tw19 6aq,0,11,0,7.91,https://www.the-anchor.pub/whats-on,2025-05-09 to 2026-09-08
anchor cowes,0,10,0,64.2,https://www.the-anchor.pub/whats-on,2025-05-09 to 2026-09-08
pub anchor,0,10,0,24.9,https://www.the-anchor.pub/whats-on,2025-05-09 to 2026-09-08
pubs in stanwell,0,10,0,25.8,https://www.the-anchor.pub/whats-on,2025-05-09 to 2026-09-08
site:the-anchor.pub,0,10,0,6.4,https://www.the-anchor.pub/whats-on,2025-05-09 to 2026-09-08
the anchor pub surrey,0,10,0,9.3,https://www.the-anchor.pub/whats-on,2025-05-09 to 2026-09-08
the anchor.pub,0,10,0,7,https://www.the-anchor.pub/whats-on,2025-05-09 to 2026-09-08
christmas party pub heathrow,0,9,0,39.33,https://www.the-anchor.pub/whats-on,2025-05-09 to 2026-09-08
pubs near me,0,9,0,5.67,https://www.the-anchor.pub/whats-on,2025-05-09 to 2026-09-08
the anchor cowes,0,9,0,71,https://www.the-anchor.pub/whats-on,2025-05-09 to 2026-09-08
the anchor near me,0,9,0,8.11,https://www.the-anchor.pub/whats-on,2025-05-09 to 2026-09-08
the anchor photos,0,9,0,8.22,https://www.the-anchor.pub/whats-on,2025-05-09 to 2026-09-08
anchors near me,0,8,0,55,https://www.the-anchor.pub/whats-on,2025-05-09 to 2026-09-08
anker pub,0,8,0,9.88,https://www.the-anchor.pub/whats-on,2025-05-09 to 2026-09-08
pub bingo near me,0,8,0,12.12,https://www.the-anchor.pub/whats-on,2025-05-09 to 2026-09-08
pub near heathrow airport,0,8,0,12.25,https://www.the-anchor.pub/whats-on,2025-05-09 to 2026-09-08
stanwell moor,0,8,0,12.5,https://www.the-anchor.pub/whats-on,2025-05-09 to 2026-09-08
anchors pub,0,7,0,10.43,https://www.the-anchor.pub/whats-on,2025-05-09 to 2026-09-08
the anchor staines reviews,0,7,0,9.29,https://www.the-anchor.pub/whats-on,2025-05-09 to 2026-09-08
the anchor surrey,0,7,0,11.57,https://www.the-anchor.pub/whats-on,2025-05-09 to 2026-09-08
the anchir,0,6,0,9.5,https://www.the-anchor.pub/whats-on,2025-05-09 to 2026-09-08
anchor event,0,5,0,5.6,https://www.the-anchor.pub/whats-on,2025-05-09 to 2026-09-08
crown and anchor pub quiz,0,5,0,36.6,https://www.the-anchor.pub/whats-on,2025-05-09 to 2026-09-08
site:www.the-anchor.pub,0,5,0,11,https://www.the-anchor.pub/whats-on,2025-05-09 to 2026-09-08
the anchor inn,0,5,0,24,https://www.the-anchor.pub/whats-on,2025-05-09 to 2026-09-08
the anchor menu,0,5,0,9.6,https://www.the-anchor.pub/whats-on,2025-05-09 to 2026-09-08
the anchor pib,0,5,0,7.8,https://www.the-anchor.pub/whats-on,2025-05-09 to 2026-09-08
the ancor,0,5,0,7.4,https://www.the-anchor.pub/whats-on,2025-05-09 to 2026-09-08
the anhor pub quiz,0,5,0,4.8,https://www.the-anchor.pub/whats-on,2025-05-09 to 2026-09-08
"""bingo plus"" -site:reddit.com -site:twitter.com -site:x.com -site:wykop.pl 
-site:tripadvisor.com -site:youtube.com -site:yelp.com -site:booking.com 
-site:facebook.com -site:instagram.com -site:tiktok.com",0,4,0,4.25,https://www.the-anchor.pub/whats-on,2025-05-09 to 2026-09-08
the anchor bar and grill,0,4,0,10.75,https://www.the-anchor.pub/whats-on,2025-05-09 to 2026-09-08
the anchor oub,0,4,0,7.75,https://www.the-anchor.pub/whats-on,2025-05-09 to 2026-09-08
the anchor pub location,0,4,0,9.5,https://www.the-anchor.pub/whats-on,2025-05-09 to 2026-09-08
the anchor upcoming events,0,4,0,7,https://www.the-anchor.pub/whats-on,2025-05-09 to 2026-09-08
achor pub,0,3,0,9,https://www.the-anchor.pub/whats-on,2025-05-09 to 2026-09-08
ancher pub,0,3,0,5.67,https://www.the-anchor.pub/whats-on,2025-05-09 to 2026-09-08
anchor bar and grill,0,3,0,12.67,https://www.the-anchor.pub/whats-on,2025-05-09 to 2026-09-08
anchor club,0,3,0,64,https://www.the-anchor.pub/whats-on,2025-05-09 to 2026-09-08
anxhor pub,0,3,0,9,https://www.the-anchor.pub/whats-on,2025-05-09 to 2026-09-08
heathrow pubs,0,3,0,11,https://www.the-anchor.pub/whats-on,2025-05-09 to 2026-09-08
pub the anchor,0,3,0,12,https://www.the-anchor.pub/whats-on,2025-05-09 to 2026-09-08
pubs,0,3,0,11.67,https://www.the-anchor.pub/whats-on,2025-05-09 to 2026-09-08
the anchor goldhawk road,0,3,0,11.67,https://www.the-anchor.pub/whats-on,2025-05-09 to 2026-09-08
the anchor inn near me,0,3,0,10.33,https://www.the-anchor.pub/whats-on,2025-05-09 to 2026-09-08
the anchor opening times,0,3,0,11.67,https://www.the-anchor.pub/whats-on,2025-05-09 to 2026-09-08
the anchor tavern,0,3,0,62.33,https://www.the-anchor.pub/whats-on,2025-05-09 to 2026-09-08
the anker pub,0,3,0,12,https://www.the-anchor.pub/whats-on,2025-05-09 to 2026-09-08
the anxhor,0,3,0,8.67,https://www.the-anchor.pub/whats-on,2025-05-09 to 2026-09-08
the rising sun stanwell,0,3,0,60.33,https://www.the-anchor.pub/whats-on,2025-05-09 to 2026-09-08
theanchor,0,3,0,12,https://www.the-anchor.pub/whats-on,2025-05-09 to 2026-09-08
ancher bar,0,2,0,10.5,https://www.the-anchor.pub/whats-on,2025-05-09 to 2026-09-08
anchor entertainment,0,2,0,26,https://www.the-anchor.pub/whats-on,2025-05-09 to 2026-09-08
anchor festival,0,2,0,32,https://www.the-anchor.pub/whats-on,2025-05-09 to 2026-09-08
anchor lane,0,2,0,66,https://www.the-anchor.pub/whats-on,2025-05-09 to 2026-09-08
anchor pub & grille,0,2,0,8,https://www.the-anchor.pub/whats-on,2025-05-09 to 2026-09-08
anchor restaurant,0,2,0,11.5,https://www.the-anchor.pub/whats-on,2025-05-09 to 2026-09-08
anchor tavern,0,2,0,12,https://www.the-anchor.pub/whats-on,2025-05-09 to 2026-09-08
anchoring events,0,2,0,44.5,https://www.the-anchor.pub/whats-on,2025-05-09 to 2026-09-08
celebrate space at heathrow,0,2,0,61.5,https://www.the-anchor.pub/whats-on,2025-05-09 to 2026-09-08
drag quiz night,0,2,0,5.5,https://www.the-anchor.pub/whats-on,2025-05-09 to 2026-09-08
near me pub,0,2,0,3,https://www.the-anchor.pub/whats-on,2025-05-09 to 2026-09-08
pub near me with parking,0,2,0,3,https://www.the-anchor.pub/whats-on,2025-05-09 to 2026-09-08
pub quiz near me,0,2,0,8.5,https://www.the-anchor.pub/whats-on,2025-05-09 to 2026-09-08
pubs in heathrow,0,2,0,10,https://www.the-anchor.pub/whats-on,2025-05-09 to 2026-09-08
quiz nights near me,0,2,0,2.5,https://www.the-anchor.pub/whats-on,2025-05-09 to 2026-09-08
skip hire wraysbury,0,2,0,60,https://www.the-anchor.pub/whats-on,2025-05-09 to 2026-09-08
the anchor in,0,2,0,13,https://www.the-anchor.pub/whats-on,2025-05-09 to 2026-09-08
the anchor local music acts performance,0,2,0,14,https://www.the-anchor.pub/whats-on,2025-05-09 to 2026-09-08
the anchor staines photos,0,2,0,7,https://www.the-anchor.pub/whats-on,2025-05-09 to 2026-09-08
"the anchor, horton rd, stanwell moor, staines tw19 6aq, united kingdom",0,2,0,2,https://www.the-anchor.pub/whats-on,2025-05-09 to 2026-09-08
"the anchor, stanwell moor",0,2,0,2,https://www.the-anchor.pub/whats-on,2025-05-09 to 2026-09-08
the snchor,0,2,0,5,https://www.the-anchor.pub/whats-on,2025-05-09 to 2026-09-08
where to find live music pubs in staines,0,2,0,97,https://www.the-anchor.pub/whats-on,2025-05-09 to 2026-09-08
5 gbp bingo,0,1,0,17,https://www.the-anchor.pub/whats-on,2025-05-09 to 2026-09-08
achor bar,0,1,0,6,https://www.the-anchor.pub/whats-on,2025-05-09 to 2026-09-08
activities,0,1,0,2,https://www.the-anchor.pub/whats-on,2025-05-09 to 2026-09-08
adult meetings,0,1,0,1,https://www.the-anchor.pub/whats-on,2025-05-09 to 2026-09-08
anchor,0,1,0,12,https://www.the-anchor.pub/whats-on,2025-05-09 to 2026-09-08
anchor airport,0,1,0,1,https://www.the-anchor.pub/whats-on,2025-05-09 to 2026-09-08
anchor barre,0,1,0,55,https://www.the-anchor.pub/whats-on,2025-05-09 to 2026-09-08
anchor beer garden,0,1,0,10,https://www.the-anchor.pub/whats-on,2025-05-09 to 2026-09-08
anchor bowling club,0,1,0,37,https://www.the-anchor.pub/whats-on,2025-05-09 to 2026-09-08
anchor day,0,1,0,94,https://www.the-anchor.pub/whats-on,2025-05-09 to 2026-09-08
anchor hall,0,1,0,7,https://www.the-anchor.pub/whats-on,2025-05-09 to 2026-09-08
anchor karaoke,0,1,0,5,https://www.the-anchor.pub/whats-on,2025-05-09 to 2026-09-08
anchor london,0,1,0,56,https://www.the-anchor.pub/whats-on,2025-05-09 to 2026-09-08
anchor lounge seating,0,1,0,19,https://www.the-anchor.pub/whats-on,2025-05-09 to 2026-09-08
anchor near me,0,1,0,3,https://www.the-anchor.pub/whats-on,2025-05-09 to 2026-09-08
anchor party,0,1,0,29,https://www.the-anchor.pub/whats-on,2025-05-09 to 2026-09-08
anchor pib,0,1,0,8,https://www.the-anchor.pub/whats-on,2025-05-09 to 2026-09-08
anchor pizza,0,1,0,3,https://www.the-anchor.pub/whats-on,2025-05-09 to 2026-09-08
anchor promotion,0,1,0,92,https://www.the-anchor.pub/whats-on,2025-05-09 to 2026-09-08
anchor pub and grill,0,1,0,7,https://www.the-anchor.pub/whats-on,2025-05-09 to 2026-09-08
anchor tavern london,0,1,0,50,https://www.the-anchor.pub/whats-on,2025-05-09 to 2026-09-08
anchoring for quiz,0,1,0,47,https://www.the-anchor.pub/whats-on,2025-05-09 to 2026-09-08
ancor bar,0,1,0,11,https://www.the-anchor.pub/whats-on,2025-05-09 to 2026-09-08
anker bar,0,1,0,13,https://www.the-anchor.pub/whats-on,2025-05-09 to 2026-09-08
attractions near me,0,1,0,1,https://www.the-anchor.pub/whats-on,2025-05-09 to 2026-09-08
best fish and chips near heathrow airport,0,1,0,8,https://www.the-anchor.pub/whats-on,2025-05-09 to 2026-09-08
best pubs near me,0,1,0,14,https://www.the-anchor.pub/whats-on,2025-05-09 to 2026-09-08
bingo events near me,0,1,0,3,https://www.the-anchor.pub/whats-on,2025-05-09 to 2026-09-08
bingo near me,0,1,0,1,https://www.the-anchor.pub/whats-on,2025-05-09 to 2026-09-08
closest bingo,0,1,0,25,https://www.the-anchor.pub/whats-on,2025-05-09 to 2026-09-08
drag king shows london,0,1,0,2,https://www.the-anchor.pub/whats-on,2025-05-09 to 2026-09-08
events at pubs near me,0,1,0,1,https://www.the-anchor.pub/whats-on,2025-05-09 to 2026-09-08
for friday,0,1,0,14,https://www.the-anchor.pub/whats-on,2025-05-09 to 2026-09-08
fun places near me,0,1,0,1,https://www.the-anchor.pub/whats-on,2025-05-09 to 2026-09-08
heathrow airport pub,0,1,0,13,https://www.the-anchor.pub/whats-on,2025-05-09 to 2026-09-08
heathrow plane spotting pub,0,1,0,12,https://www.the-anchor.pub/whats-on,2025-05-09 to 2026-09-08
legion bingo near me,0,1,0,1,https://www.the-anchor.pub/whats-on,2025-05-09 to 2026-09-08
london irish pubs,0,1,0,1,https://www.the-anchor.pub/whats-on,2025-05-09 to 2026-09-08
monday night pub quiz near me,0,1,0,6,https://www.the-anchor.pub/whats-on,2025-05-09 to 2026-09-08
moor anchor,0,1,0,13,https://www.the-anchor.pub/whats-on,2025-05-09 to 2026-09-08
music bingo near me,0,1,0,9,https://www.the-anchor.pub/whats-on,2025-05-09 to 2026-09-08
musical bingo near me,0,1,0,1,https://www.the-anchor.pub/whats-on,2025-05-09 to 2026-09-08
nightlife stanmore,0,1,0,66,https://www.the-anchor.pub/whats-on,2025-05-09 to 2026-09-08
plant bingo london,0,1,0,1,https://www.the-anchor.pub/whats-on,2025-05-09 to 2026-09-08
pub anchor karaoke,0,1,0,9,https://www.the-anchor.pub/whats-on,2025-05-09 to 2026-09-08
pub events near me,0,1,0,3,https://www.the-anchor.pub/whats-on,2025-05-09 to 2026-09-08
pub events near me today,0,1,0,5,https://www.the-anchor.pub/whats-on,2025-05-09 to 2026-09-08
pub near,0,1,0,3,https://www.the-anchor.pub/whats-on,2025-05-09 to 2026-09-08
pub quiz on thursday near me,0,1,0,7,https://www.the-anchor.pub/whats-on,2025-05-09 to 2026-09-08
pub quiz tonight,0,1,0,88,https://www.the-anchor.pub/whats-on,2025-05-09 to 2026-09-08
pub quiz tonight near me,0,1,0,1,https://www.the-anchor.pub/whats-on,2025-05-09 to 2026-09-08
pubs near heathrow terminal 5,0,1,0,11,https://www.the-anchor.pub/whats-on,2025-05-09 to 2026-09-08
quiz night near me,0,1,0,1,https://www.the-anchor.pub/whats-on,2025-05-09 to 2026-09-08
quiz night tonight,0,1,0,1,https://www.the-anchor.pub/whats-on,2025-05-09 to 2026-09-08
r bar specials,0,1,0,1,https://www.the-anchor.pub/whats-on,2025-05-09 to 2026-09-08
restaurant anchor,0,1,0,11,https://www.the-anchor.pub/whats-on,2025-05-09 to 2026-09-08
sirens anchor pub,0,1,0,3,https://www.the-anchor.pub/whats-on,2025-05-09 to 2026-09-08
social clubs near me,0,1,0,1,https://www.the-anchor.pub/whats-on,2025-05-09 to 2026-09-08
social events near me,0,1,0,1,https://www.the-anchor.pub/whats-on,2025-05-09 to 2026-09-08
stanmore pub,0,1,0,7,https://www.the-anchor.pub/whats-on,2025-05-09 to 2026-09-08
stanwell park pub,0,1,0,10,https://www.the-anchor.pub/whats-on,2025-05-09 to 2026-09-08
the achor,0,1,0,11,https://www.the-anchor.pub/whats-on,2025-05-09 to 2026-09-08
the achor inn,0,1,0,3,https://www.the-anchor.pub/whats-on,2025-05-09 to 2026-09-08
the ancer,0,1,0,69,https://www.the-anchor.pub/whats-on,2025-05-09 to 2026-09-08
the anchor ballroom,0,1,0,37,https://www.the-anchor.pub/whats-on,2025-05-09 to 2026-09-08
the anchor borough,0,1,0,68,https://www.the-anchor.pub/whats-on,2025-05-09 to 2026-09-08
the anchor isle of wight,0,1,0,57,https://www.the-anchor.pub/whats-on,2025-05-09 to 2026-09-08
the anchor latest,0,1,0,19,https://www.the-anchor.pub/whats-on,2025-05-09 to 2026-09-08
the anchor londres,0,1,0,66,https://www.the-anchor.pub/whats-on,2025-05-09 to 2026-09-08
the anchor pub and restaurant,0,1,0,14,https://www.the-anchor.pub/whats-on,2025-05-09 to 2026-09-08
the anchor restaurant,0,1,0,4,https://www.the-anchor.pub/whats-on,2025-05-09 to 2026-09-08
the anchor stanwell moor pub,0,1,0,2,https://www.the-anchor.pub/whats-on,2025-05-09 to 2026-09-08
the anchor tring,0,1,0,68,https://www.the-anchor.pub/whats-on,2025-05-09 to 2026-09-08
the anchor windsor,0,1,0,10,https://www.the-anchor.pub/whats-on,2025-05-09 to 2026-09-08
the anchors,0,1,0,11,https://www.the-anchor.pub/whats-on,2025-05-09 to 2026-09-08
the anchour,0,1,0,3,https://www.the-anchor.pub/whats-on,2025-05-09 to 2026-09-08
the ancjor,0,1,0,8,https://www.the-anchor.pub/whats-on,2025-05-09 to 2026-09-08
the anker london,0,1,0,72,https://www.the-anchor.pub/whats-on,2025-05-09 to 2026-09-08
the station hither green pub quiz,0,1,0,80,https://www.the-anchor.pub/whats-on,2025-05-09 to 2026-09-08
the.anchor,0,1,0,13,https://www.the-anchor.pub/whats-on,2025-05-09 to 2026-09-08
thw anchor,0,1,0,12,https://www.the-anchor.pub/whats-on,2025-05-09 to 2026-09-08
tonight,0,1,0,8,https://www.the-anchor.pub/whats-on,2025-05-09 to 2026-09-08
what time does the anchor close,0,1,0,12,https://www.the-anchor.pub/whats-on,2025-05-09 to 2026-09-08
where can i play bingo near me,0,1,0,5,https://www.the-anchor.pub/whats-on,2025-05-09 to 2026-09-08
where is the anchor pub,0,1,0,12,https://www.the-anchor.pub/whats-on,2025-05-09 to 2026-09-08
where to meet new friends,0,1,0,1,https://www.the-anchor.pub/whats-on,2025-05-09 to 2026-09-08
