url,issue,url_type,cohort,last_crawled
http://the-anchor.pub/,Page with redirect,page,other,2026-04-27
https://the-anchor.pub/,Page with redirect,page,other,2026-04-27
http://www.the-anchor.pub/,Page with redirect,page,other,2026-04-26
https://www.the-anchor.pub/events/quiz-night-may--2025,Page with redirect,page,event,2026-04-23
https://www.the-anchor.pub/blog/tag/function-room,Page with redirect,redirect_source,tag,2026-04-23
https://www.the-anchor.pub/events/bingo-night-2025-11-14,Page with redirect,page,event,2026-04-21
https://www.the-anchor.pub/blog/tag/christenings,Page with redirect,redirect_source,tag,2026-04-18
https://www.the-anchor.pub/blog/tag/work-events,Page with redirect,redirect_source,tag,2026-04-17
https://www.the-anchor.pub/blog/tag/rum,Page with redirect,page,tag,2026-04-17
https://www.the-anchor.pub/blog/tag/advice,Page with redirect,page,tag,2026-04-16
https://www.the-anchor.pub/blog/tag/culture,Page with redirect,page,tag,2026-04-12
https://www.the-anchor.pub/blog/tag/irish,Page with redirect,page,tag,2026-04-12
https://www.the-anchor.pub/events/bingo-night-2025-10-17,Page with redirect,page,event,2026-04-12
https://www.the-anchor.pub/events/pub-quiz-night-2025-12-10,Page with redirect,page,event,2026-04-12
https://www.the-anchor.pub/events/quiz-night-june--2025,Page with redirect,page,event,2026-04-12
https://www.the-anchor.pub/events/bingo-2026-03-18,Page with redirect,page,event,2026-04-10
https://www.the-anchor.pub/events/live-at-the-anchor-open-mic-night-2026-04-25,Page with redirect,page,event,2026-04-10
https://www.the-anchor.pub/post/autumn-internationals-2024-fixtures-key-matches,Page with redirect,legacy_wix,post,2026-04-09
https://www.the-anchor.pub/blog/tag/spirits,Page with redirect,redirect_source,tag,2026-04-08
https://www.the-anchor.pub/blog/tag/opportunity,Page with redirect,page,tag,2026-04-08
https://www.the-anchor.pub/blog/autumn-internationals-2024-full-fixtures-highlight,Page with redirect,redirect_source,post,2026-04-08
https://the-anchor.pub/food/pizza,Page with redirect,redirect_source,food_menu,2026-04-08
https://www.the-anchor.pub/food/pizza,Page with redirect,redirect_source,food_menu,2026-04-08
https://www.the-anchor.pub/pizza-tuesday,Page with redirect,redirect_source,other,2026-04-08
https://www.the-anchor.pub/blog/tag/digital-nomad,Page with redirect,page,tag,2026-04-07
https://www.the-anchor.pub/events/live-at-the-anchor-open-mic-night-2026-04-25?utm_source=instagram&utm_medium=lnk.bio&utm_campaign=event-live-at-the-anchor-open-mic-night-2026-04-25&utm_content=instagram_bio&utm_term=lnk_bio,Page with redirect,parameter_variant,event,2026-04-07
https://www.the-anchor.pub/our-events,Page with redirect,redirect_source,other,2026-04-07
https://www.the-anchor.pub/blog/tag/mexican,Page with redirect,redirect_source,tag,2026-04-07
https://www.the-anchor.pub/blog/tag/pizza,Page with redirect,redirect_source,tag,2026-04-07
https://www.the-anchor.pub/blog/tag/st-patricks-day,Page with redirect,redirect_source,tag,2026-04-07
https://www.the-anchor.pub/blog/tag/cultural,Page with redirect,page,tag,2026-04-06
https://www.the-anchor.pub/blog/tag/thursday,Page with redirect,page,tag,2026-04-06
https://www.the-anchor.pub/blog/tag/local-brew,Page with redirect,page,tag,2026-04-05
https://www.the-anchor.pub/blog/tag/renovations,Page with redirect,page,tag,2026-04-05
https://www.the-anchor.pub/review-the-anchor,Page with redirect,redirect_source,other,2026-04-05
https://www.the-anchor.pub/food,Page with redirect,redirect_source,other,2026-04-05
https://www.the-anchor.pub/blog/tag/customer-service,Page with redirect,page,tag,2026-04-05
https://www.the-anchor.pub/blog/tag/pet-health,Page with redirect,page,tag,2026-04-05
https://www.the-anchor.pub/blog/tag/tastings,Page with redirect,page,tag,2026-04-05
https://www.the-anchor.pub/events/live-at-the-anchor-valentines-special,Page with redirect,page,event,2026-04-05
https://www.the-anchor.pub/event-details/the-anchors-christmas-market-host-table-bookings,Page with redirect,legacy_wix,event,2026-04-04
https://www.the-anchor.pub/drinks/archers,Page with redirect,redirect_source,drink,2026-04-04
https://www.the-anchor.pub/post/introducing-inches-apple-cider,Page with redirect,legacy_wix,post,2026-04-03
https://www.the-anchor.pub/blog/tag/italian,Page with redirect,redirect_source,tag,2026-04-02
https://www.the-anchor.pub/blog/tag/couples,Page with redirect,page,tag,2026-04-02
https://www.the-anchor.pub/blog/tag/earth-day,Page with redirect,page,tag,2026-04-02
https://www.the-anchor.pub/blog/tag/february,Page with redirect,page,tag,2026-04-02
https://www.the-anchor.pub/blog/tag/service-change,Page with redirect,page,tag,2026-04-02
https://www.the-anchor.pub/drinks/el-pico-sauvignon-blanc,Page with redirect,redirect_source,drink,2026-04-02
https://www.the-anchor.pub/event-details/sunday-lunch-at-the-anchor-pre-order-before-saturday-at-1pm-2025-08-31-12-00,Page with redirect,legacy_wix,event,2026-04-02
https://www.the-anchor.pub/blog/tag/december-events,Page with redirect,page,tag,2026-04-02
https://www.the-anchor.pub/blog/tag/green,Page with redirect,page,tag,2026-04-02
https://www.the-anchor.pub/blog/tag/guide,Page with redirect,redirect_source,tag,2026-04-02
https://www.the-anchor.pub/blog/tag/premium-spirits,Page with redirect,page,tag,2026-04-02
https://www.the-anchor.pub/blog/tag/pub-upgrades,Page with redirect,page,tag,2026-04-02
https://www.the-anchor.pub/blog/tag/remembrance-day,Page with redirect,page,tag,2026-04-02
https://www.the-anchor.pub/blog/tag/tequila,Page with redirect,page,tag,2026-04-02
https://www.the-anchor.pub/blog/tag/village-life,Page with redirect,page,tag,2026-04-02
https://www.the-anchor.pub/blog/tag/wellbeing,Page with redirect,page,tag,2026-04-02
https://www.the-anchor.pub/blog/tag/summer,Page with redirect,redirect_source,tag,2026-04-02
https://www.the-anchor.pub/blog/tag/live-sports,Page with redirect,redirect_source,tag,2026-04-02
https://www.the-anchor.pub/blog/tag/wifi,Page with redirect,page,tag,2026-04-01
https://www.the-anchor.pub/blog/tag/business-tips,Page with redirect,redirect_source,tag,2026-04-01
https://www.the-anchor.pub/blog/tag/entrepreneurship,Page with redirect,page,tag,2026-04-01
https://www.the-anchor.pub/blog/tag/july,Page with redirect,page,tag,2026-04-01
https://www.the-anchor.pub/blog/tag/peace-day,Page with redirect,page,tag,2026-04-01
https://www.the-anchor.pub/blog/tag/responsibility,Page with redirect,page,tag,2026-04-01
https://www.the-anchor.pub/blog/tag/ve-day,Page with redirect,page,tag,2026-04-01
https://www.the-anchor.pub/blog/tag/mothers-day,Page with redirect,redirect_source,tag,2026-04-01
https://www.the-anchor.pub/blog/tag/entertainment,Page with redirect,redirect_source,tag,2026-03-31
https://www.the-anchor.pub/blog/tag/artisan,Page with redirect,page,tag,2026-03-31
https://www.the-anchor.pub/drinks/carling,Page with redirect,redirect_source,drink,2026-03-31
https://www.the-anchor.pub/drinks/gordons,Page with redirect,redirect_source,drink,2026-03-31
https://www.the-anchor.pub/drinks/wine,Page with redirect,redirect_source,drink,2026-03-31
https://www.the-anchor.pub/blog/tag/romantic-dining,Page with redirect,redirect_source,tag,2026-03-29
https://www.the-anchor.pub/drinks/abbot-ale,Page with redirect,redirect_source,drink,2026-03-29
https://www.the-anchor.pub/drinks/desperados,Page with redirect,redirect_source,drink,2026-03-29
https://www.the-anchor.pub/drink,Page with redirect,redirect_source,other,2026-03-29
https://www.the-anchor.pub/join-the-team,Page with redirect,redirect_source,other,2026-03-28
https://www.the-anchor.pub/post/the-importance-of-being-dog-friendly,Page with redirect,legacy_wix,post,2026-03-27
https://www.the-anchor.pub/live-sport/premier-league,Page with redirect,redirect_source,other,2026-03-26
https://www.the-anchor.pub/blog/euro-2024-viewing,Page with redirect,redirect_source,post,2026-03-25
https://www.the-anchor.pub/live-sport-pub,Page with redirect,redirect_source,other,2026-03-25
https://www.the-anchor.pub/post/british-chip-shop-guide,Page with redirect,legacy_wix,post,2026-03-25
https://www.the-anchor.pub/blog/tag/heathrow-area,Page with redirect,redirect_source,tag,2026-03-25
https://www.the-anchor.pub/blog/tag/april,Page with redirect,page,tag,2026-03-25
https://www.the-anchor.pub/blog/tag/christmas-market,Page with redirect,page,tag,2026-03-25
https://www.the-anchor.pub/blog/tag/new-menu,Page with redirect,redirect_source,tag,2026-03-25
https://www.the-anchor.pub/blog/tag/six-nations,Page with redirect,redirect_source,tag,2026-03-24
https://www.the-anchor.pub/blog/tag/romance,Page with redirect,page,tag,2026-03-24
https://www.the-anchor.pub/events/quiz-night-2026-07-15,Page with redirect,page,event,2026-03-23
https://www.the-anchor.pub/blog/tag/monthly-events,Page with redirect,page,tag,2026-03-23
https://www.the-anchor.pub/blog/tag/village-pub,Page with redirect,page,tag,2026-03-23
https://www.the-anchor.pub/drinks/el-pico-cabernet-sauvignon,Page with redirect,redirect_source,drink,2026-03-23
https://www.the-anchor.pub/drinks/giorgio-and-gianni-spumante,Page with redirect,redirect_source,drink,2026-03-23
https://www.the-anchor.pub/drinks/whiskey,Page with redirect,redirect_source,drink,2026-03-23
https://www.the-anchor.pub/blog/tag/diwali,Page with redirect,redirect_source,tag,2026-03-23
https://www.the-anchor.pub/_frog,Page with redirect,redirect_source,other,2026-03-23
https://www.the-anchor.pub/blog/tag/etiquette,Page with redirect,page,tag,2026-03-22
https://www.the-anchor.pub/blog/tag/british-pie-week,Page with redirect,page,tag,2026-03-21
https://www.the-anchor.pub/blog/tag/october,Page with redirect,page,tag,2026-03-21
https://www.the-anchor.pub/blog/tag/pancake-day,Page with redirect,page,tag,2026-03-21
https://www.the-anchor.pub/events/quiz-night-2026-03-04,Page with redirect,page,event,2026-03-21
https://www.the-anchor.pub/events/quiz-night-2026-10-07,Page with redirect,page,event,2026-03-21
https://www.the-anchor.pub/events/quiz-night-april--2025,Page with redirect,page,event,2026-03-20
https://www.the-anchor.pub/post/british-pie-week-the-anchor,Page with redirect,legacy_wix,post,2026-03-17
https://www.the-anchor.pub/post/christmas-2023-events-the-anchor,Page with redirect,legacy_wix,post,2026-03-16
https://www.the-anchor.pub/private-hire/near,Page with redirect,page,private_hire,2026-03-16
https://www.the-anchor.pub/blog/tag/christmas,Page with redirect,redirect_source,tag,2026-03-16
https://www.the-anchor.pub/blog/tag/parties,Page with redirect,redirect_source,tag,2026-03-16
https://www.the-anchor.pub/events/quiz-night-july--2025,Page with redirect,page,event,2026-03-14
https://www.the-anchor.pub/drinks/sambuca-chilli,Page with redirect,redirect_source,drink,2026-03-14
https://www.the-anchor.pub/free-parking,Page with redirect,redirect_source,other,2026-03-13
https://www.the-anchor.pub/post/this-december-at-the-anchor,Page with redirect,legacy_wix,post,2026-03-13
https://www.the-anchor.pub/blog/page/3,Page with redirect,page,post,2026-03-13
https://www.the-anchor.pub/events/bingo-2026-02-18,Page with redirect,redirect_source,event,2026-03-13
https://www.the-anchor.pub/post/traveling-digital-nomad-with-pet-guide,Page with redirect,legacy_wix,post,2026-03-13
https://www.the-anchor.pub/post/day-of-the-dead-anchor-pub-events,Page with redirect,legacy_wix,post,2026-03-13
https://www.the-anchor.pub/post/tequila-cultural-significance-during-dia-de-los-muertos,Page with redirect,legacy_wix,post,2026-03-13
https://www.the-anchor.pub/post/what-is-race-night,Page with redirect,legacy_wix,post,2026-03-13
https://www.the-anchor.pub/blog/page/8,Page with redirect,page,post,2026-03-13
https://www.the-anchor.pub/post/st-patricks-day-2024-celebration-the-anchor,Page with redirect,legacy_wix,post,2026-03-12
https://www.the-anchor.pub/blog?page=1,Page with redirect,parameter_variant,other,2026-03-12
https://www.the-anchor.pub/post/sunday-lunch-at-the-anchor,Page with redirect,legacy_wix,post,2026-03-11
https://www.the-anchor.pub/post/curry-club,Page with redirect,legacy_wix,post,2026-03-08
https://www.the-anchor.pub/post/arjun-r-piano-performance-christmas-market,Page with redirect,legacy_wix,post,2026-03-07
https://www.the-anchor.pub/whats-on/drag-shows,Page with redirect,page,other,2026-03-07
https://www.the-anchor.pub/blog/tag/kindness-day,Page with redirect,page,tag,2026-03-06
https://www.the-anchor.pub/events/quiz-night-2026-06-03,Page with redirect,page,event,2026-03-06
https://www.the-anchor.pub/events/quiz-night-2026-08-05,Page with redirect,page,event,2026-03-06
https://www.the-anchor.pub/honey-bee-mine,Page with redirect,redirect_source,other,2026-03-06
https://www.the-anchor.pub/blog/tag/march,Page with redirect,redirect_source,tag,2026-03-05
https://www.the-anchor.pub/blog/tag/traditions,Page with redirect,page,tag,2026-03-04
https://www.the-anchor.pub/post/christmas-2021,Page with redirect,legacy_wix,post,2026-03-04
https://www.the-anchor.pub/event-details/gameshow-house-party-2025-05-30-19-00,Page with redirect,legacy_wix,event,2026-03-04
https://www.the-anchor.pub/blog/tag/jobs,Page with redirect,page,tag,2026-02-21
https://www.the-anchor.pub/blog/tag/local-heroes,Page with redirect,page,tag,2026-02-20
https://www.the-anchor.pub/blog/tag/british,Page with redirect,page,tag,2026-02-19
https://www.the-anchor.pub/blog/tag/limited-time,Page with redirect,redirect_source,tag,2026-02-19
https://www.the-anchor.pub/blog/tag/improvements,Page with redirect,redirect_source,tag,2026-02-19
https://www.the-anchor.pub/blog/tag/local-life,Page with redirect,page,tag,2026-02-19
https://www.the-anchor.pub/blog/tag/remote-work,Page with redirect,page,tag,2026-02-19
https://www.the-anchor.pub/blog/tag/careers,Page with redirect,redirect_source,tag,2026-02-19
https://www.the-anchor.pub/blog/tag/caribbean,Page with redirect,redirect_source,tag,2026-02-19
https://www.the-anchor.pub/blog/tag/celebration,Page with redirect,redirect_source,tag,2026-02-19
https://www.the-anchor.pub/blog/tag/czech-beer,Page with redirect,redirect_source,tag,2026-02-19
https://www.the-anchor.pub/blog/tag/family-dining,Page with redirect,redirect_source,tag,2026-02-19
https://www.the-anchor.pub/blog/tag/games,Page with redirect,redirect_source,tag,2026-02-19
https://www.the-anchor.pub/blog/tag/indian-food,Page with redirect,redirect_source,tag,2026-02-19
https://www.the-anchor.pub/blog/tag/pool,Page with redirect,redirect_source,tag,2026-02-19
https://www.the-anchor.pub/blog/tag/september,Page with redirect,redirect_source,tag,2026-02-19
https://www.the-anchor.pub/blog/tag/shopping,Page with redirect,redirect_source,tag,2026-02-19
https://www.the-anchor.pub/blog/tag/traditional-food,Page with redirect,redirect_source,tag,2026-02-19
https://www.the-anchor.pub/blog/tag/celebrations,Page with redirect,redirect_source,tag,2026-02-19
https://www.the-anchor.pub/blog/tag/december,Page with redirect,redirect_source,tag,2026-02-19
https://www.the-anchor.pub/blog/tag/live-events,Page with redirect,redirect_source,tag,2026-02-19
https://www.the-anchor.pub/blog/tag/music-bingo,Page with redirect,redirect_source,tag,2026-02-19
https://www.the-anchor.pub/blog/tag/reviews,Page with redirect,redirect_source,tag,2026-02-19
https://www.the-anchor.pub/blog/tag/team-sports,Page with redirect,redirect_source,tag,2026-02-19
https://www.the-anchor.pub/blog/tag/venue-hire,Page with redirect,redirect_source,tag,2026-02-19
https://www.the-anchor.pub/blog/tag/weekly-specials,Page with redirect,redirect_source,tag,2026-02-19
https://www.the-anchor.pub/blog/tag/curry-night,Page with redirect,redirect_source,tag,2026-02-18
https://www.the-anchor.pub/blog/tag/jewellery,Page with redirect,redirect_source,tag,2026-02-18
https://www.the-anchor.pub/blog/tag/manager-picks,Page with redirect,redirect_source,tag,2026-02-18
https://www.the-anchor.pub/blog/tag/photography,Page with redirect,redirect_source,tag,2026-02-18
https://www.the-anchor.pub/blog/tag/comedy,Page with redirect,redirect_source,tag,2026-02-18
https://www.the-anchor.pub/blog/tag/corporate,Page with redirect,redirect_source,tag,2026-02-18
https://www.the-anchor.pub/blog/tag/day-of-the-dead,Page with redirect,redirect_source,tag,2026-02-18
https://www.the-anchor.pub/blog/tag/drag-cabaret,Page with redirect,redirect_source,tag,2026-02-18
https://www.the-anchor.pub/blog/tag/equality,Page with redirect,redirect_source,tag,2026-02-18
https://www.the-anchor.pub/blog/tag/family-friendly,Page with redirect,redirect_source,tag,2026-02-18
https://www.the-anchor.pub/blog/tag/gin,Page with redirect,redirect_source,tag,2026-02-18
https://www.the-anchor.pub/blog/tag/hiring,Page with redirect,redirect_source,tag,2026-02-18
https://www.the-anchor.pub/blog/tag/indian-culture,Page with redirect,redirect_source,tag,2026-02-18
https://www.the-anchor.pub/blog/tag/leagues,Page with redirect,redirect_source,tag,2026-02-18
https://www.the-anchor.pub/blog/tag/market,Page with redirect,redirect_source,tag,2026-02-18
https://www.the-anchor.pub/blog/tag/monthly,Page with redirect,redirect_source,tag,2026-02-18
https://www.the-anchor.pub/blog/tag/new-arrival,Page with redirect,redirect_source,tag,2026-02-18
https://www.the-anchor.pub/blog/tag/opening-hours,Page with redirect,redirect_source,tag,2026-02-18
https://www.the-anchor.pub/blog/tag/piano,Page with redirect,redirect_source,tag,2026-02-18
https://www.the-anchor.pub/blog/tag/pub-food,Page with redirect,redirect_source,tag,2026-02-18
https://www.the-anchor.pub/blog/tag/race-night,Page with redirect,redirect_source,tag,2026-02-18
https://www.the-anchor.pub/blog/tag/shrove-tuesday,Page with redirect,redirect_source,tag,2026-02-18
https://www.the-anchor.pub/blog/tag/sustainability,Page with redirect,redirect_source,tag,2026-02-18
https://www.the-anchor.pub/blog/tag/volunteer,Page with redirect,redirect_source,tag,2026-02-18
https://www.the-anchor.pub/blog/tag/pub-life,Page with redirect,redirect_source,tag,2026-02-15
https://www.the-anchor.pub/post/introducing-new-dining-room-the-anchor,Page with redirect,legacy_wix,post,2026-02-08
https://www.the-anchor.pub/blog/tag/football,Page with redirect,redirect_source,tag,2026-02-06
https://www.the-anchor.pub/blog/tag/quiz-night,Page with redirect,redirect_source,tag,2026-01-29
https://www.the-anchor.pub/post/earth-day-2024-celebration-the-anchor,Page with redirect,legacy_wix,post,2026-01-08
https://www.the-anchor.pub/blog/tag/valentines,Page with redirect,redirect_source,tag,2025-12-30
https://the-anchor.pub/food,Page with redirect,redirect_source,other,2025-11-17
https://www.the-anchor.pub/post/celebrate-fathers-day-at-the-anchor,Page with redirect,legacy_wix,post,2025-11-13
https://the-anchor.pub/heathrow-hotels-pub,Page with redirect,page,other,2025-09-24
https://the-anchor.pub/windsor-pub,Page with redirect,page,other,2025-09-23
https://the-anchor.pub/bedfont-pub,Page with redirect,page,other,2025-09-23
https://www.the-anchor.pub/post/autumn-winter-menu,Page with redirect,legacy_wix,post,2025-09-22
https://www.the-anchor.pub/post/world-salami-day-pizza-offerings,Page with redirect,legacy_wix,post,2025-09-22
https://www.the-anchor.pub/post/ve-day-at-the-anchor,Page with redirect,legacy_wix,post,2025-09-20
https://www.the-anchor.pub/post/random-acts-of-kindness-day-the-anchor,Page with redirect,legacy_wix,post,2025-09-20
https://www.the-anchor.pub/post/unforgettable-gameshow-house-party-anchor,Page with redirect,legacy_wix,post,2025-09-18
https://the-anchor.pub/blog/six-nations-rugby-at-the-anchor-2023,Page with redirect,page,post,2025-09-09
https://the-anchor.pub/blog/tag/romantic-dining,Page with redirect,redirect_source,tag,2025-08-18
https://www.the-anchor.pub/post/the-anchor-christmas-2023-celebrations,Page with redirect,legacy_wix,post,2025-08-01
https://www.the-anchor.pub/post/st-patrick-s-day-2023,Page with redirect,legacy_wix,post,2025-07-31
https://www.the-anchor.pub/blog/page/36,Page with redirect,page,post,2025-07-30
https://the-anchor.pub/blog/buy-one-get-one-free-on-all-pizza-every-tuesday,Page with redirect,page,post,2025-07-30
https://www.the-anchor.pub/blog/categories/updates,Page with redirect,page,post,2025-07-30
https://www.the-anchor.pub/post/mother-s-day-at-the-anchor,Page with redirect,legacy_wix,post,2025-07-28
https://www.the-anchor.pub/blog/page/34,Page with redirect,page,post,2025-07-28
https://www.the-anchor.pub/blog/page/35,Page with redirect,page,post,2025-07-28
https://www.the-anchor.pub/blog/page/17,Page with redirect,page,post,2025-07-28
https://www.the-anchor.pub/blog/page/7,Page with redirect,page,post,2025-07-28
https://www.the-anchor.pub/event-details/gameshow-house-party-with-nikki-manfadge,Page with redirect,legacy_wix,event,2025-07-27
https://www.the-anchor.pub/heel-of-fortune,Page with redirect,redirect_source,other,2025-07-26
https://www.the-anchor.pub/honey-bee-mine-terms-and-conditions,Page with redirect,redirect_source,other,2025-07-26
https://www.the-anchor.pub/blog/page/15,Page with redirect,page,post,2025-07-26
https://www.the-anchor.pub/event-details/quiz-night-with-nish-halloween-special,Page with redirect,legacy_wix,event,2025-07-25
https://www.the-anchor.pub/post/tequila-tasting-night,Page with redirect,legacy_wix,post,2025-07-24
https://www.the-anchor.pub/event-details/christmas-special-pub-quiz-night,Page with redirect,legacy_wix,event,2025-07-24
https://the-anchor.pub/m25-junction-14-pub,Page with redirect,page,other,2025-07-22
https://www.the-anchor.pub/api/calendar/event/83ed9dc0-2f18-4b26-be2f-e916c89f2277,Blocked by robots.txt,page,other,2026-04-26
https://www.the-anchor.pub/_next/static/css/98d7e27e1668f920.css?dpl=dpl_84t2yARFZA1C7NN8Mh8H8rC6RtRm,Blocked by robots.txt,static_asset,static_asset,2026-04-21
https://www.the-anchor.pub/_next/static/css/bc201f37565bfb12.css?dpl=dpl_84t2yARFZA1C7NN8Mh8H8rC6RtRm,Blocked by robots.txt,static_asset,static_asset,2026-04-20
https://www.the-anchor.pub/_next/static/css/98d7e27e1668f920.css?dpl=dpl_Bk4NqyaHoWWLr5JxDdNYiUSstPYt,Blocked by robots.txt,static_asset,static_asset,2026-04-20
https://www.the-anchor.pub/_next/static/css/98d7e27e1668f920.css?dpl=dpl_4MSAWfD8xRGFzRtAdB2KcWhnDZLk,Blocked by robots.txt,static_asset,static_asset,2026-04-18
https://www.the-anchor.pub/_next/static/css/bc201f37565bfb12.css?dpl=dpl_4MSAWfD8xRGFzRtAdB2KcWhnDZLk,Blocked by robots.txt,static_asset,static_asset,2026-04-18
https://www.the-anchor.pub/_next/static/css/98d7e27e1668f920.css?dpl=dpl_56MCzxUzY4YSuc7mNNnFCejdhvjc,Blocked by robots.txt,static_asset,static_asset,2026-04-17
https://www.the-anchor.pub/_next/static/css/bc201f37565bfb12.css?dpl=dpl_56MCzxUzY4YSuc7mNNnFCejdhvjc,Blocked by robots.txt,static_asset,static_asset,2026-04-16
https://www.the-anchor.pub/_next/static/css/c91051069573cb70.css?dpl=dpl_He8e9VMTDberykk7SFmGenpY3nHd,Blocked by robots.txt,static_asset,static_asset,2026-04-16
https://www.the-anchor.pub/_next/static/css/bc201f37565bfb12.css?dpl=dpl_GDgVqFps138kScxhdDRkhgRtFZ5P,Blocked by robots.txt,static_asset,static_asset,2026-04-12
https://www.the-anchor.pub/_next/static/css/98d7e27e1668f920.css?dpl=dpl_GDgVqFps138kScxhdDRkhgRtFZ5P,Blocked by robots.txt,static_asset,static_asset,2026-04-12
https://www.the-anchor.pub/_next/static/css/be1825254e713ba2.css?dpl=dpl_J5mEKLy7xncG2GjzTuQkXr7WPkd3,Blocked by robots.txt,static_asset,static_asset,2026-04-12
https://www.the-anchor.pub/api/calendar/event/f00d318b-f229-4213-b9b1-f218791e60f8,Blocked by robots.txt,page,other,2026-04-12
https://www.the-anchor.pub/api/calendar/event/a6164ade-9408-485c-9ee4-fb5bf3c9736e,Blocked by robots.txt,page,other,2026-04-09
https://www.the-anchor.pub/_next/static/css/e6d53f767da95b45.css?dpl=dpl_Hw9p1hyXmKjv47PapKfDx9PTPytq,Blocked by robots.txt,static_asset,static_asset,2026-04-09
https://www.the-anchor.pub/_next/static/css/8d8280df9751b622.css?dpl=dpl_2ZH1EW1iruFFfU8M5Q6CwQMpGYqu,Blocked by robots.txt,static_asset,static_asset,2026-04-08
https://www.the-anchor.pub/_next/static/css/bc201f37565bfb12.css?dpl=dpl_2ZH1EW1iruFFfU8M5Q6CwQMpGYqu,Blocked by robots.txt,static_asset,static_asset,2026-04-08
https://www.the-anchor.pub/api/calendar/event/01cb7669-d24b-4881-a863-796896145e4c,Blocked by robots.txt,page,other,2026-04-02
https://www.the-anchor.pub/api/calendar/event/69cc1530-44a6-4120-b168-f9c8f2661bdf,Blocked by robots.txt,page,other,2026-04-02
https://www.the-anchor.pub/_next/static/css/e6d53f767da95b45.css?dpl=dpl_FyFpdpKtSFMuTE8jQGGq7wKL6Emp,Blocked by robots.txt,static_asset,static_asset,2026-04-02
https://www.the-anchor.pub/_next/static/css/bc201f37565bfb12.css?dpl=dpl_AmuWvy5A9XRWAGVW75pX6nYNjDu9,Blocked by robots.txt,static_asset,static_asset,2026-04-02
https://www.the-anchor.pub/_next/static/css/bc201f37565bfb12.css?dpl=dpl_FchrJcGXqka4jYrhq47kdqGJMBcU,Blocked by robots.txt,static_asset,static_asset,2026-03-31
https://www.the-anchor.pub/_next/static/css/ade260bbef0412eb.css?dpl=dpl_5oF5fdKgVDmMsQ4vSaVsWgnWhd2w,Blocked by robots.txt,static_asset,static_asset,2026-03-30
https://www.the-anchor.pub/_next/static/css/c0d12fd041c55192.css?dpl=dpl_AeMQ7RvwgxGmpzZMP7qVpmutdq5Y,Blocked by robots.txt,static_asset,static_asset,2026-03-29
https://www.the-anchor.pub/_next/static/css/bc201f37565bfb12.css?dpl=dpl_Bg7EAL8uduarh8FnM8TGb7kRPj3o,Blocked by robots.txt,static_asset,static_asset,2026-03-28
https://www.the-anchor.pub/_next/static/css/bc201f37565bfb12.css?dpl=dpl_FyFpdpKtSFMuTE8jQGGq7wKL6Emp,Blocked by robots.txt,static_asset,static_asset,2026-03-27
https://www.the-anchor.pub/api/calendar/event/a2be85db-6047-4a69-a065-30913d8df596,Blocked by robots.txt,page,other,2026-03-27
https://www.the-anchor.pub/_next/static/css/bc201f37565bfb12.css?dpl=dpl_BiBnbfb9MwmZi4VoKfanJKpFTjdb,Blocked by robots.txt,static_asset,static_asset,2026-03-27
https://www.the-anchor.pub/_next/static/css/9509e052d107e840.css?dpl=dpl_5QccGpuSAu4QCH7b7nF89EFvuEGz,Blocked by robots.txt,static_asset,static_asset,2026-03-27
https://www.the-anchor.pub/_next/static/css/a7ea1c8503687637.css?dpl=dpl_5Yun8fMNmmS3gDrVoBWY4tCUWBFZ,Blocked by robots.txt,static_asset,static_asset,2026-03-27
https://www.the-anchor.pub/_next/static/css/bc201f37565bfb12.css?dpl=dpl_64ASWEQAH2PscRctMhRwm8JTBH8p,Blocked by robots.txt,static_asset,static_asset,2026-03-26
https://www.the-anchor.pub/_next/static/css/22a78d77fbc17305.css?dpl=dpl_49JPZuDMB2RjyxxQ6jvAuz8Ctq2e,Blocked by robots.txt,static_asset,static_asset,2026-03-26
https://www.the-anchor.pub/_next/static/css/bc201f37565bfb12.css?dpl=dpl_49JPZuDMB2RjyxxQ6jvAuz8Ctq2e,Blocked by robots.txt,static_asset,static_asset,2026-03-26
https://www.the-anchor.pub/api/calendar/event/2586f782-3f7c-4845-bed1-32a49c098a6c,Blocked by robots.txt,page,other,2026-03-26
https://www.the-anchor.pub/_next/static/css/bc201f37565bfb12.css?dpl=dpl_7ztsAiiu7xqFk5kbSHCVChBpshb7,Blocked by robots.txt,static_asset,static_asset,2026-03-26
https://www.the-anchor.pub/api/calendar/event/4cda32f2-9ef3-49ee-af90-c8f153c7ea51,Blocked by robots.txt,page,other,2026-03-26
https://www.the-anchor.pub/_next/static/css/746bb05e6db9a023.css?dpl=dpl_6TCGpXYLCo7LCvypo8dDHywg1zPr,Blocked by robots.txt,static_asset,static_asset,2026-03-26
https://www.the-anchor.pub/api/calendar/event/edfbda6e-5c73-4208-b332-8ab3862f4ea9,Blocked by robots.txt,page,other,2026-03-26
https://www.the-anchor.pub/_next/static/css/0d87d382b0c89ab7.css?dpl=dpl_Eo6zBc2sM45QqkPBxNEq2vxsc7R5,Blocked by robots.txt,static_asset,static_asset,2026-03-26
https://www.the-anchor.pub/_next/static/css/bc201f37565bfb12.css?dpl=dpl_5x6wWU5u6EcaVzJJ3hPC11oBiyjm,Blocked by robots.txt,static_asset,static_asset,2026-03-26
https://www.the-anchor.pub/_next/static/css/bc201f37565bfb12.css?dpl=dpl_DGHMSjjDg3g7472fEQJrnQC8YGD5,Blocked by robots.txt,static_asset,static_asset,2026-03-26
https://www.the-anchor.pub/_next/static/css/bc201f37565bfb12.css?dpl=dpl_BP996gWS3UrfQ7eW1AstR4tQGrzd,Blocked by robots.txt,static_asset,static_asset,2026-03-26
https://www.the-anchor.pub/_next/static/css/bc201f37565bfb12.css?dpl=dpl_7enZqUTNRHaZikwN1KPLW5EcKytX,Blocked by robots.txt,static_asset,static_asset,2026-03-26
https://www.the-anchor.pub/_next/static/css/bc201f37565bfb12.css?dpl=dpl_7uLg4wTPK7Vygti2dzmgjcWmmHzx,Blocked by robots.txt,static_asset,static_asset,2026-03-26
https://www.the-anchor.pub/_next/static/css/bc201f37565bfb12.css?dpl=dpl_FpHDS6kYbYvEC7Z3SPE5axZkRy56,Blocked by robots.txt,static_asset,static_asset,2026-03-26
https://www.the-anchor.pub/api/calendar/event/d21c5e61-1931-4bd1-a007-703a12ef6be2,Blocked by robots.txt,page,other,2026-03-25
https://www.the-anchor.pub/api/calendar/event/31932ac9-72a1-4b4a-bea2-d17c0069405d,Blocked by robots.txt,page,other,2026-03-22
https://www.the-anchor.pub/_next/static/css/bc201f37565bfb12.css?dpl=dpl_BJ9ZdRgmNTKo1NP5QXhxfP34gQUi,Blocked by robots.txt,static_asset,static_asset,2026-03-22
https://www.the-anchor.pub/_next/static/css/eb72d57bc54c6b4c.css?dpl=dpl_BJ9ZdRgmNTKo1NP5QXhxfP34gQUi,Blocked by robots.txt,static_asset,static_asset,2026-03-22
https://www.the-anchor.pub/_next/static/css/bc201f37565bfb12.css?dpl=dpl_AVr6fAHsYVzwnRomsuYPntm6ZyS7,Blocked by robots.txt,static_asset,static_asset,2026-03-21
https://www.the-anchor.pub/_next/static/css/23dec8808f69e9bb.css?dpl=dpl_AD2PLTuDQBWSqA1VmMLUsB75ZEk8,Blocked by robots.txt,static_asset,static_asset,2026-03-21
https://www.the-anchor.pub/_next/static/css/bc201f37565bfb12.css?dpl=dpl_2HHks5E4G2gbD8cfXr9dHVr2MQim,Blocked by robots.txt,static_asset,static_asset,2026-03-21
https://www.the-anchor.pub/_next/static/css/e3d3b856324a6c6d.css?dpl=dpl_2HHks5E4G2gbD8cfXr9dHVr2MQim,Blocked by robots.txt,static_asset,static_asset,2026-03-21
https://www.the-anchor.pub/_next/static/css/bc201f37565bfb12.css?dpl=dpl_AD2PLTuDQBWSqA1VmMLUsB75ZEk8,Blocked by robots.txt,static_asset,static_asset,2026-03-21
https://www.the-anchor.pub/_next/static/css/bc201f37565bfb12.css?dpl=dpl_GWZH5Mb8xUM3cdbUR2MxH3EnKqJi,Blocked by robots.txt,static_asset,static_asset,2026-03-21
https://www.the-anchor.pub/_next/static/css/f4095d6113e15963.css?dpl=dpl_GWZH5Mb8xUM3cdbUR2MxH3EnKqJi,Blocked by robots.txt,static_asset,static_asset,2026-03-21
https://www.the-anchor.pub/demo-header,Blocked by robots.txt,page,other,2026-03-19
https://www.the-anchor.pub/api/calendar/event/f8c26656-f69a-4060-97bc-32d9a4a871fd,Blocked by robots.txt,page,other,2026-03-18
https://www.the-anchor.pub/_next/static/css/cf053fb8e12ad5ba.css?dpl=dpl_CumENc6uoYbEyjepQeDUrGEhLep2,Blocked by robots.txt,static_asset,static_asset,2026-03-17
https://www.the-anchor.pub/_next/static/css/bc201f37565bfb12.css?dpl=dpl_CumENc6uoYbEyjepQeDUrGEhLep2,Blocked by robots.txt,static_asset,static_asset,2026-03-17
https://www.the-anchor.pub/_next/static/css/e18747b9a27419a4.css?dpl=dpl_AF7WexwArMnYntN2BsVNLoypvFRe,Blocked by robots.txt,static_asset,static_asset,2026-03-17
https://www.the-anchor.pub/_next/static/css/bc201f37565bfb12.css?dpl=dpl_AF7WexwArMnYntN2BsVNLoypvFRe,Blocked by robots.txt,static_asset,static_asset,2026-03-17
https://www.the-anchor.pub/_next/static/css/bc201f37565bfb12.css?dpl=dpl_BNYyuBwJJ2Trw9H55FjmtaHQquYM,Blocked by robots.txt,static_asset,static_asset,2026-03-08
https://www.the-anchor.pub/_next/static/css/bc201f37565bfb12.css?dpl=dpl_9e8aSKrn8swAEUZ4aW2W6tk78r4E,Blocked by robots.txt,static_asset,static_asset,2026-03-05
https://www.the-anchor.pub/test-simple,Blocked by robots.txt,page,other,2026-03-04
https://www.the-anchor.pub/api/calendar/event/48eb3075-e16a-4687-8b1b-ce606cf7ee18,Blocked by robots.txt,page,other,2026-03-04
https://www.the-anchor.pub/_next/static/css/eb4fbf79e1f8a973.css?dpl=dpl_9e8aSKrn8swAEUZ4aW2W6tk78r4E,Blocked by robots.txt,static_asset,static_asset,2026-03-04
https://www.the-anchor.pub/api/calendar/event/35fa3e92-dacd-43ee-948b-3f7610f0fe6a,Blocked by robots.txt,page,other,2026-02-28
https://www.the-anchor.pub/api/calendar/event/434ddd26-e698-44e4-a1e9-1efc0a2e1d24,Blocked by robots.txt,page,other,2026-02-28
https://www.the-anchor.pub/_next/static/css/746bb05e6db9a023.css?dpl=dpl_8iaAFfmJyGxNVMf5TeFFmsSfgWAe,Blocked by robots.txt,static_asset,static_asset,2026-02-26
https://www.the-anchor.pub/_next/static/css/bc201f37565bfb12.css?dpl=dpl_6TCGpXYLCo7LCvypo8dDHywg1zPr,Blocked by robots.txt,static_asset,static_asset,2026-02-25
https://www.the-anchor.pub/api/calendar/event/f1df1c24-747a-404e-a283-3db14b6bb1ec,Blocked by robots.txt,page,other,2026-02-25
https://www.the-anchor.pub/_next/static/css/bc201f37565bfb12.css?dpl=dpl_8iaAFfmJyGxNVMf5TeFFmsSfgWAe,Blocked by robots.txt,static_asset,static_asset,2026-02-25
https://www.the-anchor.pub/_next/static/css/bc201f37565bfb12.css?dpl=dpl_2XH79sCNdhkKVuGHE8U35ueUNzzi,Blocked by robots.txt,static_asset,static_asset,2026-02-21
https://www.the-anchor.pub/_next/static/css/8e0b354cfa5a5708.css?dpl=dpl_EcSdkzKCn7fevoA1AvETtrbeXu6H,Blocked by robots.txt,static_asset,static_asset,2026-02-21
https://www.the-anchor.pub/_next/static/css/c91051069573cb70.css?dpl=dpl_6svQhhdwcsYSWMwEXPZGL2jGqpZd,Blocked by robots.txt,static_asset,static_asset,2026-02-20
https://www.the-anchor.pub/_next/static/css/10dd107f2a2c7909.css?dpl=dpl_7HfdtQjTDG17nh183axxFhmbnC8Q,Blocked by robots.txt,static_asset,static_asset,2026-02-20
https://www.the-anchor.pub/_next/static/css/bc201f37565bfb12.css?dpl=dpl_6svQhhdwcsYSWMwEXPZGL2jGqpZd,Blocked by robots.txt,static_asset,static_asset,2026-02-18
https://www.the-anchor.pub/api/calendar/event/eb9d3bc4-6efa-48a2-bc39-630e92a034f4,Blocked by robots.txt,page,other,2026-02-17
https://www.the-anchor.pub/api/calendar/event/fed0677d-bea6-42db-a7e3-6e5b10364706,Blocked by robots.txt,page,other,2026-02-17
https://www.the-anchor.pub/_next/static/css/000ec7e0abc99cc0.css?dpl=dpl_8tnPEqpfmm4BRqtQVibf83r4jJSY,Blocked by robots.txt,static_asset,static_asset,2026-02-13
https://www.the-anchor.pub/_next/static/css/2b91a8917defba1f.css?dpl=dpl_9v1ZeG2kDFGGQigqGFZ8PgMHbMd3,Blocked by robots.txt,static_asset,static_asset,2026-02-13
https://www.the-anchor.pub/_next/static/css/bc201f37565bfb12.css?dpl=dpl_J69ZMAoe5dnxFPqbukB354VVhEhJ,Blocked by robots.txt,static_asset,static_asset,2026-02-13
https://www.the-anchor.pub/_next/static/css/c91051069573cb70.css?dpl=dpl_J5WPP5vUgd9UnkFxpXZ1wsW7r6Kw,Blocked by robots.txt,static_asset,static_asset,2026-02-12
https://www.the-anchor.pub/_next/static/css/bc201f37565bfb12.css?dpl=dpl_J5WPP5vUgd9UnkFxpXZ1wsW7r6Kw,Blocked by robots.txt,static_asset,static_asset,2026-02-11
https://www.the-anchor.pub/api/calendar/event/e139fe49-28c6-4285-bc94-c1084691ce1b,Blocked by robots.txt,page,other,2026-02-11
https://www.the-anchor.pub/_next/static/css/84024866c49d367a.css?dpl=dpl_ETDMve8fzeEj13dWF5bdTUzgiHRq,Blocked by robots.txt,static_asset,static_asset,2026-02-09
https://www.the-anchor.pub/_next/static/css/bc201f37565bfb12.css?dpl=dpl_ETDMve8fzeEj13dWF5bdTUzgiHRq,Blocked by robots.txt,static_asset,static_asset,2026-02-09
https://www.the-anchor.pub/_next/static/css/b6ff003eb3b45f33.css?dpl=dpl_3x2W8JZvbPw5kxoQ4XWmYgqMm6N5,Blocked by robots.txt,static_asset,static_asset,2026-02-01
https://www.the-anchor.pub/_next/static/css/bc201f37565bfb12.css?dpl=dpl_6WqaFN9bFU4aWQZhJudcMWDVDwFG,Blocked by robots.txt,static_asset,static_asset,2026-02-01
https://www.the-anchor.pub/_next/static/css/bc201f37565bfb12.css?dpl=dpl_AnseHqG6cGhjC5wqr52rEt6fmT3j,Blocked by robots.txt,static_asset,static_asset,2026-01-31
https://www.the-anchor.pub/_next/static/css/bc201f37565bfb12.css?dpl=dpl_BetQcKbp4nEvKzJ6aTKA7viuaLm4,Blocked by robots.txt,static_asset,static_asset,2026-01-31
https://www.the-anchor.pub/_next/static/css/000ec7e0abc99cc0.css?dpl=dpl_FbjQ9Wx22voB86TryfGAZwxiGcNE,Blocked by robots.txt,static_asset,static_asset,2026-01-30
https://www.the-anchor.pub/_next/static/css/000ec7e0abc99cc0.css?dpl=dpl_2ZPqovGpxvPndtwaG7iAZaYHaRTY,Blocked by robots.txt,static_asset,static_asset,2026-01-29
https://www.the-anchor.pub/_next/static/css/bc201f37565bfb12.css?dpl=dpl_2ZPqovGpxvPndtwaG7iAZaYHaRTY,Blocked by robots.txt,static_asset,static_asset,2026-01-29
https://www.the-anchor.pub/_next/static/css/bc201f37565bfb12.css?dpl=dpl_FbjQ9Wx22voB86TryfGAZwxiGcNE,Blocked by robots.txt,static_asset,static_asset,2026-01-28
https://www.the-anchor.pub/_next/static/css/bc201f37565bfb12.css?dpl=dpl_8tnPEqpfmm4BRqtQVibf83r4jJSY,Blocked by robots.txt,static_asset,static_asset,2026-01-28
https://www.the-anchor.pub/_next/static/css/8e0b354cfa5a5708.css?dpl=dpl_AnseHqG6cGhjC5wqr52rEt6fmT3j,Blocked by robots.txt,static_asset,static_asset,2026-01-28
https://www.the-anchor.pub/_next/static/css/000ec7e0abc99cc0.css?dpl=dpl_BetQcKbp4nEvKzJ6aTKA7viuaLm4,Blocked by robots.txt,static_asset,static_asset,2026-01-28
https://www.the-anchor.pub/api/calendar/upcoming,Blocked by robots.txt,page,other,2026-01-23
https://www.the-anchor.pub/_next/static/css/22a78d77fbc17305.css?dpl=dpl_KZfh8diNivdoj2WBYXxmXzEsXXhu,Blocked by robots.txt,static_asset,static_asset,2026-01-20
https://www.the-anchor.pub/_next/static/css/bc201f37565bfb12.css?dpl=dpl_KZfh8diNivdoj2WBYXxmXzEsXXhu,Blocked by robots.txt,static_asset,static_asset,2026-01-20
https://www.the-anchor.pub/api/calendar/event/8fbe1670-bc7d-4abf-9543-bc4d5c307d49,Blocked by robots.txt,page,other,2026-01-19
https://www.the-anchor.pub/_next/static/css/bc201f37565bfb12.css?dpl=dpl_4BENkLU4wf61iE1MVw8YrKHYSQj6,Blocked by robots.txt,static_asset,static_asset,2026-01-12
https://www.the-anchor.pub/_next/static/css/c196095fa2eb32c4.css?dpl=dpl_AVr6fAHsYVzwnRomsuYPntm6ZyS7,Blocked by robots.txt,static_asset,static_asset,2026-01-12
https://www.the-anchor.pub/_next/static/css/c196095fa2eb32c4.css?dpl=dpl_DRbQ4QzZHiWEY7b1gwzCSSMZmgUr,Blocked by robots.txt,static_asset,static_asset,2026-01-12
https://www.the-anchor.pub/test-tracking,Blocked by robots.txt,page,other,2026-01-12
https://www.the-anchor.pub/test-reviews,Blocked by robots.txt,page,other,2026-01-12
https://www.the-anchor.pub/test-gtm,Blocked by robots.txt,page,other,2026-01-11
https://www.the-anchor.pub/test-navigation-tracking,Blocked by robots.txt,page,other,2026-01-11
https://www.the-anchor.pub/test-hours,Blocked by robots.txt,page,other,2026-01-11
https://www.the-anchor.pub/gtm-debug,Blocked by robots.txt,page,other,2026-01-10
https://www.the-anchor.pub/debug-hours,Blocked by robots.txt,page,other,2026-01-08
https://www.the-anchor.pub/components,Blocked by robots.txt,page,other,2026-01-08
https://www.the-anchor.pub/_next/static/css/bc201f37565bfb12.css?dpl=dpl_DRbQ4QzZHiWEY7b1gwzCSSMZmgUr,Blocked by robots.txt,static_asset,static_asset,2026-01-07
https://www.the-anchor.pub/_next/static/css/b6ff003eb3b45f33.css?dpl=dpl_RfaY9HBpx1eZ2LgWfGwQ5kFzQq2s,Blocked by robots.txt,static_asset,static_asset,2025-12-25
https://www.the-anchor.pub/_next/static/css/b6ff003eb3b45f33.css?dpl=dpl_FQP43oRgd5qkwh2LVDsx7Fo4nKT7,Blocked by robots.txt,static_asset,static_asset,2025-12-05
https://www.the-anchor.pub/_next/static/css/2297c6b211936d7f.css?dpl=dpl_E9fbwAbfnUQ2fLJKZ2bWFhMZJS9a,Blocked by robots.txt,static_asset,static_asset,2025-12-05
https://www.the-anchor.pub/_next/static/media/1f3fe8c6df3d47c1-s.p.woff2,Blocked by robots.txt,static_asset,static_asset,2025-12-03
https://www.the-anchor.pub/_next/static/css/bc201f37565bfb12.css?dpl=dpl_7YbtnBcRxn2m2Jygk7y7uvGS7QGp,Blocked by robots.txt,static_asset,static_asset,2025-11-27
https://www.the-anchor.pub/_next/static/css/77795ba39dd69878.css?dpl=dpl_GBwyQbg3diDNTBtWfCe5rvnUVXUT,Blocked by robots.txt,static_asset,static_asset,2025-11-27
https://www.the-anchor.pub/_next/static/css/77795ba39dd69878.css?dpl=dpl_AZPRKZATXUCdKddTF9CcwNi3BDb3,Blocked by robots.txt,static_asset,static_asset,2025-11-24
https://www.the-anchor.pub/_next/static/css/77795ba39dd69878.css?dpl=dpl_4GYcX2752SiM7SToSEK6Pe3r88iL,Blocked by robots.txt,static_asset,static_asset,2025-11-22
https://www.the-anchor.pub/_next/static/css/bac549c23a758ae2.css?dpl=dpl_BC1AEmsNtbX6DtaEB7hCc7JNHRTf,Blocked by robots.txt,static_asset,static_asset,2025-11-18
https://www.the-anchor.pub/_next/static/css/e0e6186732bd0657.css?dpl=dpl_9gnaKK3BmMVimKnatF1wKkBtyiNt,Blocked by robots.txt,static_asset,static_asset,2025-11-14
https://www.the-anchor.pub/_next/static/css/6f09d6420f6ac457.css?dpl=dpl_HGJDBBxCEsdGJDJsDb7TDGXoLxLi,Blocked by robots.txt,static_asset,static_asset,2025-11-14
https://www.the-anchor.pub/_next/static/css/f50dbeb1b7805825.css?dpl=dpl_C6WASQdwrSc4K2Xano27YA7Qv7Zo,Blocked by robots.txt,static_asset,static_asset,2025-11-14
https://www.the-anchor.pub/_next/static/css/908280a9b18fb850.css?dpl=dpl_5E2eW2HqW9QoKdoo5buSG7zCbd2K,Blocked by robots.txt,static_asset,static_asset,2025-11-13
https://www.the-anchor.pub/_next/static/css/3f254c92e453c580.css?dpl=dpl_AUombGmMBjc9xpN3FSveCjX1egRb,Blocked by robots.txt,static_asset,static_asset,2025-11-13
https://www.the-anchor.pub/_next/static/css/70bd0fdb21c858b5.css?dpl=dpl_98dAf55pGgTr444Afej6y5WD6YzK,Blocked by robots.txt,static_asset,static_asset,2025-11-09
https://www.the-anchor.pub/_next/static/css/4238e620a2b25ebd.css?dpl=dpl_HF8bjxzL1r9gGJv3Aok5xtzUytUT,Blocked by robots.txt,static_asset,static_asset,2025-11-06
https://www.the-anchor.pub/_next/static/css/c0d12fd041c55192.css?dpl=dpl_hd5skiaxCGXRJxLa75b1HH48kyzg,Blocked by robots.txt,static_asset,static_asset,2025-11-06
https://www.the-anchor.pub/_next/static/css/4238e620a2b25ebd.css?dpl=dpl_AHCpxLaBat6J6dFEqRRSEaVeSPu7,Blocked by robots.txt,static_asset,static_asset,2025-11-06
https://www.the-anchor.pub/_next/static/css/4238e620a2b25ebd.css?dpl=dpl_Gj4DT4rBarN2Vog6GJraBKLvAFBb,Blocked by robots.txt,static_asset,static_asset,2025-11-05
https://www.the-anchor.pub/_next/static/css/e0e6186732bd0657.css?dpl=dpl_3uPBWYFaAwqCcy2fqbiPdNNACUpR,Blocked by robots.txt,static_asset,static_asset,2025-11-02
https://www.the-anchor.pub/_next/static/css/e0e6186732bd0657.css?dpl=dpl_9hKDcUaojDNWk63vri6Ze8iYiDwL,Blocked by robots.txt,static_asset,static_asset,2025-11-01
https://www.the-anchor.pub/_next/static/css/b6ff003eb3b45f33.css?dpl=dpl_CqdPNJQJEyuvyZ23TA4stRKuCzwg,Blocked by robots.txt,static_asset,static_asset,2025-11-01
https://www.the-anchor.pub/events/st-patricks-day-2026,Excluded by ‘noindex’ tag,page,event,2026-04-27
https://www.the-anchor.pub/blog/unique-events,Excluded by ‘noindex’ tag,page,post,2026-04-26
https://www.the-anchor.pub/blog/tequila-and-tradition-how-agave-shapes-mexican-cul,Excluded by ‘noindex’ tag,page,post,2026-04-23
https://www.the-anchor.pub/blog/pet-friendly-business-tips,Excluded by ‘noindex’ tag,page,post,2026-04-22
https://www.the-anchor.pub/blog/new-dining-room,Excluded by ‘noindex’ tag,page,post,2026-04-19
https://www.the-anchor.pub/blog/mothers-day-at-the-anchor-march-19th,Excluded by ‘noindex’ tag,page,post,2026-04-18
https://www.the-anchor.pub/blog/christmas-events,Excluded by ‘noindex’ tag,page,post,2026-04-16
https://www.the-anchor.pub/blog/drag-cabaret-nikki,Excluded by ‘noindex’ tag,page,post,2026-04-12
https://www.the-anchor.pub/blog/valentines-special,Excluded by ‘noindex’ tag,page,post,2026-04-12
https://www.the-anchor.pub/blog/25-off-kraken-rum-this-june-manager-s-special,Excluded by ‘noindex’ tag,page,post,2026-04-09
https://www.the-anchor.pub/blog/day-of-dead-traditions,Excluded by ‘noindex’ tag,page,post,2026-04-08
https://www.the-anchor.pub/blog/reflecting-on-sacrifice-remembrance-day-observance,Excluded by ‘noindex’ tag,page,post,2026-04-08
https://www.the-anchor.pub/blog/company-celebrations,Excluded by ‘noindex’ tag,page,post,2026-04-08
https://www.the-anchor.pub/blog/prices-frozen-until-autumn-theanchor-pub,Excluded by ‘noindex’ tag,page,post,2026-04-08
https://www.the-anchor.pub/blog/day-of-the-dead-halloween-party-costumes-dance-and,Excluded by ‘noindex’ tag,page,post,2026-04-08
https://www.the-anchor.pub/blog/st-patricks-day-2024,Excluded by ‘noindex’ tag,page,post,2026-04-08
https://www.the-anchor.pub/blog/jewellery-event,Excluded by ‘noindex’ tag,page,post,2026-04-08
https://www.the-anchor.pub/blog/premier-league-2024-25,Excluded by ‘noindex’ tag,page,post,2026-04-08
https://www.the-anchor.pub/blog/pancake-day-celebration,Excluded by ‘noindex’ tag,page,post,2026-04-08
https://www.the-anchor.pub/blog/christmas-2021,Excluded by ‘noindex’ tag,page,post,2026-04-07
https://www.the-anchor.pub/blog/valentines-day-meal-offer-for-two,Excluded by ‘noindex’ tag,page,post,2026-04-07
https://www.the-anchor.pub/blog/rum-tasting-september,Excluded by ‘noindex’ tag,page,post,2026-04-07
https://www.the-anchor.pub/blog/tequila-day-of-dead,Excluded by ‘noindex’ tag,page,post,2026-04-07
https://www.the-anchor.pub/blog/easter-weekend-fun-at-the-anchor-pub,Excluded by ‘noindex’ tag,page,post,2026-04-07
https://www.the-anchor.pub/blog/childrens-mental-health-week,Excluded by ‘noindex’ tag,page,post,2026-04-07
https://www.the-anchor.pub/blog/autumn-winter-menu,Excluded by ‘noindex’ tag,page,post,2026-04-07
https://www.the-anchor.pub/blog/piano-christmas-performance,Excluded by ‘noindex’ tag,page,post,2026-04-07
https://www.the-anchor.pub/blog/national-burger-day,Excluded by ‘noindex’ tag,page,post,2026-04-06
https://www.the-anchor.pub/blog/gameshow-house-party,Excluded by ‘noindex’ tag,page,post,2026-04-06
https://www.the-anchor.pub/blog/kindness-day,Excluded by ‘noindex’ tag,page,post,2026-04-06
https://www.the-anchor.pub/blog/events-offers-2025,Excluded by ‘noindex’ tag,page,post,2026-04-06
https://www.the-anchor.pub/blog/st-patrick-s-day-2023,Excluded by ‘noindex’ tag,page,post,2026-04-05
https://www.the-anchor.pub/blog/music-bingo-nights,Excluded by ‘noindex’ tag,page,post,2026-04-04
https://www.the-anchor.pub/blog/monthly-managers-special,Excluded by ‘noindex’ tag,page,post,2026-04-04
https://www.the-anchor.pub/blog/5-star-food-rating,Excluded by ‘noindex’ tag,page,post,2026-04-04
https://www.the-anchor.pub/blog/botanist-gin-july-2025,Excluded by ‘noindex’ tag,page,post,2026-04-04
https://www.the-anchor.pub/blog/december-celebrations,Excluded by ‘noindex’ tag,page,post,2026-04-04
https://www.the-anchor.pub/blog/the-boys-are-back-in-town,Excluded by ‘noindex’ tag,page,post,2026-04-04
https://www.the-anchor.pub/blog/friday-extended-hours,Excluded by ‘noindex’ tag,page,post,2026-04-04
https://www.the-anchor.pub/blog/sustainable-practices,Excluded by ‘noindex’ tag,page,post,2026-04-02
https://www.the-anchor.pub/blog/british-pie-week-2024,Excluded by ‘noindex’ tag,page,post,2026-04-02
https://www.the-anchor.pub/blog/fathers-day-celebration,Excluded by ‘noindex’ tag,page,post,2026-04-02
https://www.the-anchor.pub/blog/tequila-tasting-events,Excluded by ‘noindex’ tag,page,post,2026-04-02
https://www.the-anchor.pub/blog/monthly-cash-bingo,Excluded by ‘noindex’ tag,page,post,2026-04-02
https://www.the-anchor.pub/blog/community-feedback,Excluded by ‘noindex’ tag,page,post,2026-04-02
https://www.the-anchor.pub/blog/tabs-are-changing,Excluded by ‘noindex’ tag,page,post,2026-04-01
https://www.the-anchor.pub/blog/christmas-market,Excluded by ‘noindex’ tag,page,post,2026-04-01
https://www.the-anchor.pub/blog/day-of-the-dead-party,Excluded by ‘noindex’ tag,page,post,2026-03-31
https://www.the-anchor.pub/blog/pravha-beer,Excluded by ‘noindex’ tag,page,post,2026-03-31
https://www.the-anchor.pub/post/celebrating-life-and-spirits-day-of-the-dead-traditions,Excluded by ‘noindex’ tag,legacy_wix,post,2026-03-30
https://www.the-anchor.pub/post/experience-the-magic-at-the-anchor-s-christmas-market,Excluded by ‘noindex’ tag,legacy_wix,post,2026-03-26
https://www.the-anchor.pub/blog/ve-day-celebration,Excluded by ‘noindex’ tag,page,post,2026-03-25
https://www.the-anchor.pub/blog/peace-day-stanwell,Excluded by ‘noindex’ tag,page,post,2026-03-24
https://www.the-anchor.pub/blog/diwali-celebration,Excluded by ‘noindex’ tag,page,post,2026-03-23
https://www.the-anchor.pub/blog/calling-all-pool-players,Excluded by ‘noindex’ tag,page,post,2026-03-23
https://www.the-anchor.pub/booking-confirmation,Excluded by ‘noindex’ tag,page,other,2026-01-12
https://www.the-anchor.pub/event-details/the-anchors-glitzy-new-years-eve-bash,Excluded by ‘noindex’ tag,legacy_wix,event,2025-11-19
https://www.the-anchor.pub/hr,Not found (404),redirect_source,other,2026-04-22
https://www.the-anchor.pub/events/quiz-night-2026-12-02,Not found (404),page,event,2026-04-16
https://www.the-anchor.pub/events/bingo-2026-11-18,Not found (404),page,event,2026-04-10
https://www.the-anchor.pub/events/bingo-2026-07-29,Not found (404),page,event,2026-04-10
https://www.the-anchor.pub/events/bingo-2026-09-30,Not found (404),page,event,2026-04-09
https://www.the-anchor.pub/events/bingo-2026-05-20,Not found (404),page,event,2026-04-09
https://www.the-anchor.pub/images/page-headers/drinks/optimized/drinks-1920w,Not found (404),page,other,2026-03-29
https://www.the-anchor.pub/events/bingo-2026-09-02,Not found (404),page,event,2026-03-24
https://www.the-anchor.pub/events/quiz-night-2026-09-16,Not found (404),page,event,2026-02-19
https://www.the-anchor.pub/blog/tag/mental-health,Not found (404),redirect_source,tag,2026-02-17
https://www.the-anchor.pub/blog/tag/cider,Not found (404),redirect_source,tag,2026-02-17
https://www.the-anchor.pub/blog/tag/feedback,Not found (404),redirect_source,tag,2026-02-17
https://www.the-anchor.pub/blog/tag/children,Not found (404),redirect_source,tag,2026-02-03
https://www.the-anchor.pub/events/karaoke,Not found (404),page,event,2026-02-01
https://www.the-anchor.pub/blog/tag/private-dining,Not found (404),redirect_source,tag,2026-01-26
https://www.the-anchor.pub/blog/tag/live-matches,Not found (404),redirect_source,tag,2026-01-22
https://www.the-anchor.pub/blog/tag/terrestrial-sport,Not found (404),redirect_source,tag,2026-01-22
https://www.the-anchor.pub/blog/tag/cash-prizes,Not found (404),redirect_source,tag,2026-01-20
https://www.the-anchor.pub/blog/tag/traditional,Not found (404),redirect_source,tag,2026-01-20
https://www.the-anchor.pub/blog/tag/family,Not found (404),redirect_source,tag,2026-01-20
https://www.the-anchor.pub/blog/tag/british-history,Not found (404),redirect_source,tag,2026-01-19
https://www.the-anchor.pub/blog/tag/pub-menu,Not found (404),redirect_source,tag,2026-01-19
https://www.the-anchor.pub/blog/tag/annual-celebrations,Not found (404),redirect_source,tag,2026-01-19
https://www.the-anchor.pub/blog/tag/mexican-culture,Not found (404),redirect_source,tag,2026-01-19
https://www.the-anchor.pub/blog/tag/local-area,Not found (404),redirect_source,tag,2026-01-18
https://www.the-anchor.pub/blog/tag/lunch,Not found (404),redirect_source,tag,2026-01-06
https://www.the-anchor.pub/post/have-you-tried-kraken-rum,Not found (404),legacy_wix,post,2025-12-29
https://the-anchor.pub/events/drag-shows,Not found (404),redirect_source,event,2025-12-18
https://www.the-anchor.pub/blog/tag/craft-beer,Not found (404),redirect_source,tag,2025-11-15
https://www.the-anchor.pub/events/quiz-night,Not found (404),page,event,2025-11-02
https://www.the-anchor.pub/events/music-bingo-2026-05-08,Crawled - currently not indexed,page,event,2026-04-28
https://www.the-anchor.pub/events/cash-bingo-2026-04-29/opengraph-image,Crawled - currently not indexed,og_image,event,2026-04-28
https://www.the-anchor.pub/_next/static/css/ee838c7e2845dfcc.css?dpl=dpl_FGuoXEMD4xnsEsWMd5YadixECSbw,Crawled - currently not indexed,static_asset,static_asset,2026-04-27
https://www.the-anchor.pub/events/cash-bingo-2026-05-20/opengraph-image,Crawled - currently not indexed,og_image,event,2026-04-27
https://www.the-anchor.pub/_next/static/css/e6d53f767da95b45.css?dpl=dpl_AamFHQQp6bV9LSijEdVfnKmXj6Ls,Crawled - currently not indexed,static_asset,static_asset,2026-04-23
https://www.the-anchor.pub/events/music-bingo-2026-04-24/opengraph-image,Crawled - currently not indexed,og_image,event,2026-04-22
https://www.the-anchor.pub/blog?page=3,Crawled - currently not indexed,parameter_variant,other,2026-04-17
https://www.the-anchor.pub/events/drag-cabaret-karaoke-may--2025/opengraph-image,Crawled - currently not indexed,og_image,event,2026-04-16
https://www.the-anchor.pub/blog/christening-party-ideas-venues,Crawled - currently not indexed,page,post,2026-04-16
https://www.the-anchor.pub/blog/leaving-party-ideas,Crawled - currently not indexed,page,post,2026-04-16
https://www.the-anchor.pub/events/celebrate-st-georges-day-with-us-2026-04-23,Crawled - currently not indexed,page,event,2026-04-15
https://www.the-anchor.pub/events/twisted-fairytale-halloween-party-2025-11-01/opengraph-image,Crawled - currently not indexed,og_image,event,2026-04-12
https://www.the-anchor.pub/blog/tag/news,Crawled - currently not indexed,page,tag,2026-04-10
https://www.the-anchor.pub/blog/tag/sports,Crawled - currently not indexed,page,tag,2026-04-08
https://www.the-anchor.pub/blog/tag/food-and-drink,Crawled - currently not indexed,page,tag,2026-04-08
https://www.the-anchor.pub/blog/tag/charity,Crawled - currently not indexed,redirect_source,tag,2026-04-07
https://www.the-anchor.pub/events/cash-bingo-2026-02-18/opengraph-image,Crawled - currently not indexed,og_image,event,2026-04-05
https://www.the-anchor.pub/blog/family-friendly-sunday-lunch-heathrow,Crawled - currently not indexed,page,post,2026-04-02
https://www.the-anchor.pub/blog/tag/events,Crawled - currently not indexed,page,tag,2026-03-31
https://www.the-anchor.pub/events/sleigh-that-tune-2025-12-03/opengraph-image,Crawled - currently not indexed,og_image,event,2026-03-31
https://www.the-anchor.pub/events/drag-cabaret-karaoke-march--2025/opengraph-image,Crawled - currently not indexed,og_image,event,2026-03-30
https://www.the-anchor.pub/events/pub-quiz-2026-02-04/opengraph-image,Crawled - currently not indexed,og_image,event,2026-03-29
https://www.the-anchor.pub/events/quiz-night-june--2025/opengraph-image,Crawled - currently not indexed,og_image,event,2026-03-29
https://www.the-anchor.pub/events/cash-bingo-april--2025/opengraph-image,Crawled - currently not indexed,og_image,event,2026-03-29
https://www.the-anchor.pub/events/music-bingo-2026-02-11/book,Crawled - currently not indexed,page,event,2026-03-26
https://www.the-anchor.pub/events/live-at-the-anchor-open-mic-night-2026-04-25/opengraph-image,Crawled - currently not indexed,og_image,event,2026-03-25
https://www.the-anchor.pub/events/quiz-night-2026-04-15,Crawled - currently not indexed,page,event,2026-03-25
https://www.the-anchor.pub/blog/function-room-hire-heathrow-pricing,Crawled - currently not indexed,page,post,2026-03-22
https://www.the-anchor.pub/blog/six-nations-rugby-at-the-anchor-2023,Crawled - currently not indexed,page,post,2026-03-21
https://www.the-anchor.pub/blog/double-up-offer,Crawled - currently not indexed,page,post,2026-03-21
https://www.the-anchor.pub/blog?page=9,Crawled - currently not indexed,parameter_variant,other,2026-03-21
https://www.the-anchor.pub/events/pub-quiz-night-2025-11-05/opengraph-image,Crawled - currently not indexed,og_image,event,2026-03-20
https://www.the-anchor.pub/blog/winter-hours-cosy-times-at-the-anchor,Crawled - currently not indexed,page,post,2026-03-19
https://www.the-anchor.pub/blog/rum-tasting-caribbean,Crawled - currently not indexed,page,post,2026-03-19
https://www.the-anchor.pub/blog/christmas-venue,Crawled - currently not indexed,page,post,2026-03-14
https://www.the-anchor.pub/blog?page=6,Crawled - currently not indexed,parameter_variant,other,2026-03-12
https://www.the-anchor.pub/sport,Crawled - currently not indexed,redirect_source,other,2026-03-04
https://www.the-anchor.pub/event-details/sunday-lunch-at-the-anchor-pre-order-before-saturday-at-1pm-2025-06-01-12-00/form,Crawled - currently not indexed,legacy_wix,event,2026-03-03
https://www.the-anchor.pub/drinks/bells,Crawled - currently not indexed,redirect_source,drink,2026-03-03
https://www.the-anchor.pub/whats-on?utm_source=social&utm_medium=facebook&utm_campaign=Food&utm_content=BBQ,Crawled - currently not indexed,parameter_variant,other,2026-03-02
https://www.the-anchor.pub/blog/buy-one-get-one-free-on-all-pizza-every-tuesday,Crawled - currently not indexed,page,post,2026-03-02
https://www.the-anchor.pub/event-details/pub-quiz-night-at-the-anchor-hosted-by-nish-2024-07-10-19-00,Crawled - currently not indexed,legacy_wix,event,2026-03-01
"https://www.the-anchor.pub/food-menu?utm_source=social&utm_medium=facebook&utm_campaign=Public 
Holidays&utm_content=May Day",Crawled - currently not indexed,parameter_variant,other,2026-03-01
https://www.the-anchor.pub/drinks/williams-chase-pink-grapefruit-gin,Crawled - currently not indexed,redirect_source,drink,2026-03-01
https://www.the-anchor.pub/events/new-years-eve-2026-2025-12-31/opengraph-image,Crawled - currently not indexed,og_image,event,2026-02-28
https://www.the-anchor.pub/food-menu?utm_source=social&utm_medium=facebook&utm_campaign=Food&utm_content=BBQ,Crawled - currently not indexed,parameter_variant,other,2026-02-28
"https://www.the-anchor.pub/post/introducing-new-dining-room-the-anchor?utm_source=social&utm_medium=facebook&utm_campaign=Improvements&utm_content=Dining 
Room",Crawled - currently not indexed,legacy_wix,post,2026-02-28
https://www.the-anchor.pub/events/live-at-the-anchor-valentines-day-special/book,Crawled - currently not indexed,page,event,2026-02-25
https://www.the-anchor.pub/company-christmas-party-venue,Crawled - currently not indexed,redirect_source,other,2026-02-25
https://www.the-anchor.pub/drinks/bailey's,Crawled - currently not indexed,redirect_source,drink,2026-02-25
https://www.the-anchor.pub/blog/free-pint-offer-this-november,Crawled - currently not indexed,page,post,2026-02-24
https://www.the-anchor.pub/blog/spring-tasting-night,Crawled - currently not indexed,page,post,2026-02-24
https://www.the-anchor.pub/post/day-of-the-dead-halloween-party-the-anchor,Crawled - currently not indexed,legacy_wix,post,2026-02-21
https://www.the-anchor.pub/book-table?purpose=food,Crawled - currently not indexed,parameter_variant,other,2026-02-20
https://www.the-anchor.pub/blog/tag/improvement,Crawled - currently not indexed,redirect_source,tag,2026-02-20
https://www.the-anchor.pub/events/bingo-night-2025-12-19/opengraph-image,Crawled - currently not indexed,og_image,event,2026-02-19
https://www.the-anchor.pub/post/tequila-and-tradition-role-of-agave,Crawled - currently not indexed,legacy_wix,post,2026-02-19
https://www.the-anchor.pub/blog/what-is-the-history-of-april-fools-day,Crawled - currently not indexed,page,post,2026-02-17
https://www.the-anchor.pub/blog/womens-day-2024,Crawled - currently not indexed,page,post,2026-02-17
https://www.the-anchor.pub/book-event,Crawled - currently not indexed,page,other,2026-02-17
https://www.the-anchor.pub/event-details/sleigh-that-tune-a-gameshow-house-party-with-nikki-manfadge,Crawled - currently not indexed,legacy_wix,event,2026-02-17
https://www.the-anchor.pub/blog/tag/drinks,Crawled - currently not indexed,redirect_source,tag,2026-02-15
https://www.the-anchor.pub/book-table?tab=sunday,Crawled - currently not indexed,parameter_variant,other,2026-02-15
"https://www.the-anchor.pub/blog/new-dining-room?utm_source=social&utm_medium=facebook&utm_campaign=Improvements&utm_content=Dining 
Room",Crawled - currently not indexed,parameter_variant,post,2026-02-14
https://www.the-anchor.pub/blog/tag/special-offers,Crawled - currently not indexed,redirect_source,tag,2026-02-14
https://www.the-anchor.pub/events/live-at-the-anchor-valentines-day-special/opengraph-image,Crawled - currently not indexed,og_image,event,2026-02-14
https://www.the-anchor.pub/events/quiz-night-2026-03-04/opengraph-image,Crawled - currently not indexed,og_image,event,2026-02-14
"https://www.the-anchor.pub/food?utm_source=social&utm_medium=facebook&utm_campaign=Public 
Holidays&utm_content=May Day",Crawled - currently not indexed,redirect_source,other,2026-02-13
https://www.the-anchor.pub/blog/tag/tasting-events,Crawled - currently not indexed,redirect_source,tag,2026-02-12
https://www.the-anchor.pub/events/mothers-day-lunch-2026-03-15/opengraph-image,Crawled - currently not indexed,og_image,event,2026-02-12
https://www.the-anchor.pub/events/quiz-night-2026-03-04/book,Crawled - currently not indexed,page,event,2026-02-10
https://www.the-anchor.pub/make-a-booking,Crawled - currently not indexed,redirect_source,other,2026-02-08
https://www.the-anchor.pub/blog/tag/savings,Crawled - currently not indexed,redirect_source,tag,2026-02-08
https://www.the-anchor.pub/blog/tag/dining,Crawled - currently not indexed,redirect_source,tag,2026-02-03
https://www.the-anchor.pub/blog/salami-day-pizza,Crawled - currently not indexed,page,post,2026-02-03
https://www.the-anchor.pub/blog/tag/bingo,Crawled - currently not indexed,redirect_source,tag,2026-02-01
https://www.the-anchor.pub/post/monthly-music-bingo-nights,Crawled - currently not indexed,legacy_wix,post,2026-01-31
https://www.the-anchor.pub/blog/tag/variety,Crawled - currently not indexed,redirect_source,tag,2026-01-30
https://www.the-anchor.pub/blog/tag/new-arrivals,Crawled - currently not indexed,redirect_source,tag,2026-01-30
https://www.the-anchor.pub/event-details/monthly-cash-bingo-night-50-jackpot-chip-shop-fridays-2025-04-25-18-00,Crawled - currently not indexed,legacy_wix,event,2026-01-30
https://www.the-anchor.pub/fury-wilder-fight,Crawled - currently not indexed,redirect_source,other,2026-01-29
https://www.the-anchor.pub/blog/tag/stanwell-moor,Crawled - currently not indexed,redirect_source,tag,2026-01-28
https://www.the-anchor.pub/blog/experience-the-best-beer-at-a-great-pub-near-heath,Crawled - currently not indexed,page,post,2026-01-26
https://www.the-anchor.pub/post/buy-one-get-one-free-pizza-deal,Crawled - currently not indexed,legacy_wix,post,2026-01-25
https://www.the-anchor.pub/post/buy-one-get-one-half-price-on-all-dine-in-pizza-every-tuesday,Crawled - currently not indexed,legacy_wix,post,2026-01-25
https://www.the-anchor.pub/blog/tag/sunday-roast,Crawled - currently not indexed,redirect_source,tag,2026-01-24
https://www.the-anchor.pub/post/euro-2024-stanwell-moor-staines,Crawled - currently not indexed,legacy_wix,post,2026-01-24
https://www.the-anchor.pub/events/music-bingo-2026-02-11/opengraph-image,Crawled - currently not indexed,og_image,event,2026-01-22
https://www.the-anchor.pub/blog/stanwell-moor-brew,Crawled - currently not indexed,page,post,2026-01-21
https://www.the-anchor.pub/blog/earth-day-cleanup,Crawled - currently not indexed,page,post,2026-01-08
https://www.the-anchor.pub/post/exciting-new-events-offers-the-anchor-2025,Crawled - currently not indexed,legacy_wix,post,2026-01-06
https://www.the-anchor.pub/post/gameshow-house-party,Crawled - currently not indexed,legacy_wix,post,2026-01-03
https://www.the-anchor.pub/post/gameshow-house-party-the-anchor,Crawled - currently not indexed,legacy_wix,post,2026-01-03
https://www.the-anchor.pub/post/gameshow-house-party-success,Crawled - currently not indexed,legacy_wix,post,2026-01-02
https://www.the-anchor.pub/make-a-booking?utm_source=social&utm_medium=facebook&utm_campaign=sunday_lunch,Crawled - currently not indexed,redirect_source,other,2025-12-30
https://www.the-anchor.pub/post/charity-walk-for-holly-fathers-mission,Crawled - currently not indexed,legacy_wix,post,2025-12-28
https://www.the-anchor.pub/blog/this-december-at-the-anchor,Crawled - currently not indexed,page,post,2025-12-26
https://www.the-anchor.pub/blog/cosy-pub-stanwell,Crawled - currently not indexed,page,post,2025-12-26
https://www.the-anchor.pub/blog/tag/wednesday,Crawled - currently not indexed,redirect_source,tag,2025-12-26
https://www.the-anchor.pub/post/pizza-anyone,Crawled - currently not indexed,legacy_wix,post,2025-12-24
https://www.the-anchor.pub/blog/tag/world-photography-day,Crawled - currently not indexed,redirect_source,tag,2025-12-23
https://www.the-anchor.pub/post/diwali-2023-stanwell-moor-celebration,Crawled - currently not indexed,legacy_wix,post,2025-12-19
https://www.the-anchor.pub/event-details/active-surreys-stanwell-moor-wellness-forum,Crawled - currently not indexed,legacy_wix,event,2025-12-19
https://www.the-anchor.pub/blog/tag/beer-garden,Crawled - currently not indexed,page,tag,2025-12-17
https://www.the-anchor.pub/blog/tag/november,Crawled - currently not indexed,page,tag,2025-12-16
https://www.the-anchor.pub/blog/tag/womens-day,Crawled - currently not indexed,page,tag,2025-12-15
https://www.the-anchor.pub/event-details/gameshow-house-party-2025-07-25-19-00-1,Crawled - currently not indexed,legacy_wix,event,2025-12-04
https://www.the-anchor.pub/post/make-father-s-day-special,Crawled - currently not indexed,legacy_wix,post,2025-12-03
https://www.the-anchor.pub/post/new-menu-options-launching-february-1st-2023,Crawled - currently not indexed,legacy_wix,post,2025-12-02
https://www.the-anchor.pub/event-details/pub-pursuit-live-the-ultimate-quiz-night-at-the-anchor-2025-07-02-19-00,Crawled - currently not indexed,legacy_wix,event,2025-11-19
https://www.the-anchor.pub/drinks/courvoisier,Crawled - currently not indexed,redirect_source,drink,2025-11-14
https://www.the-anchor.pub/event-details/high-heels-house-party-with-nikki-manfadge,Crawled - currently not indexed,legacy_wix,event,2025-11-03
https://www.the-anchor.pub/blog/tag/british-cuisine,Crawled - currently not indexed,redirect_source,tag,2025-08-03
https://www.the-anchor.pub/event-details/gameshow-house-party-2025-07-25-19-00-2,Crawled - currently not indexed,legacy_wix,event,2025-05-24
https://www.the-anchor.pub/event-details/gameshow-house-party-2025-06-27-19-00-2,Crawled - currently not indexed,legacy_wix,event,2025-05-24
https://www.the-anchor.pub/event-details/gameshow-house-party-2025-12-05-19-00-2,Crawled - currently not indexed,legacy_wix,event,2025-05-24
https://www.the-anchor.pub/events/free-mixer-with-english-gins-inches-and-aspall-offer?utm_source=instagram&utm_medium=lnk.bio&utm_campaign=event-free-mixer-with-english-gins-inches-and-aspall-offer&utm_content=instagram_bio&utm_term=lnk_bio,Alternative page with proper canonical tag,parameter_variant,event,2026-04-04
https://www.the-anchor.pub/food-menu?utm_source=social&utm_medium=facebook&utm_campaign=Food&utm_content=Sundays,Alternative page with proper canonical tag,parameter_variant,other,2026-03-29
https://www.the-anchor.pub/book-table?purpose=drinks,Alternative page with proper canonical tag,parameter_variant,other,2026-03-25
https://www.the-anchor.pub/book-table?purpose=sunday_lunch,Alternative page with proper canonical tag,parameter_variant,other,2026-03-25
https://www.the-anchor.pub/book-table?date=2026-03-15&purpose=food&sunday_lunch=true&mothers_day=true,Alternative page with proper canonical tag,parameter_variant,other,2026-03-25
https://www.the-anchor.pub/events/open-mic-night-live-at-the-anchor-2026-04-25?utm_source=instagram&utm_medium=lnk.bio&utm_campaign=event-open-mic-night-live-at-the-anchor-2026-04-25&utm_content=instagram_bio&utm_term=lnk_bio,Alternative page with proper canonical tag,parameter_variant,event,2026-03-25
https://www.the-anchor.pub/events/open-mic-night-live-at-the-anchor-2026-04-25?utm_source=facebook&utm_medium=social&utm_campaign=event-open-mic-night-live-at-the-anchor-2026-04-25&utm_content=facebook_main&utm_term=facebook,Alternative page with proper canonical tag,parameter_variant,event,2026-03-25
https://www.the-anchor.pub/events/live-at-the-anchor-valentines-day-special?utm_source=facebook&utm_medium=social&utm_campaign=event-live-at-the-anchor-valentines-day-special&utm_content=facebook_main&utm_term=facebook,Alternative page with proper canonical tag,parameter_variant,event,2026-03-21
https://www.the-anchor.pub/?utm_source=social&utm_medium=facebook&utm_campaign=sunday_lunch,Alternative page with proper canonical tag,parameter_variant,other,2026-03-06
https://www.the-anchor.pub/?utm_source=squaremeal&utm_medium=web&utm_campaign=detailpage,Alternative page with proper canonical tag,parameter_variant,other,2026-03-06
https://www.the-anchor.pub/book-table?utm_source=social&utm_medium=facebook&utm_campaign=sunday_lunch,Alternative page with proper canonical tag,parameter_variant,other,2026-03-04
https://www.the-anchor.pub/blog/tag/premier-league,Redirect error,redirect_source,tag,2026-01-23
https://www.the-anchor.pub/blog/tag/rugby,Redirect error,redirect_source,tag,2026-01-20
https://the-anchor.pub/blog/tag/pet-friendly,Redirect error,redirect_source,tag,2026-01-18
https://the-anchor.pub/blog/tag/premier-league,Redirect error,redirect_source,tag,2026-01-09
https://www.the-anchor.pub/blog/tag/pet-friendly,Redirect error,redirect_source,tag,2026-01-07
https://www.the-anchor.pub/blog/tag/dog-friendly,Redirect error,redirect_source,tag,2026-01-07
https://the-anchor.pub/blog/tag/rugby,Redirect error,redirect_source,tag,2026-01-05
https://www.the-anchor.pub/blog/40th-birthday-party-ideas-venues,Discovered – currently not indexed,page,post,1970-01-01
https://www.the-anchor.pub/blog/british-pub-guide-for-international-visitors,Discovered – currently not indexed,page,post,1970-01-01
https://www.the-anchor.pub/blog/heathrow-hotel-dining-vs-local-pub,Discovered – currently not indexed,page,post,1970-01-01
https://www.the-anchor.pub/blog/private-room-hire-cost-near-heathrow,Discovered – currently not indexed,page,post,1970-01-01
https://www.the-anchor.pub/blog/pub-vs-hotel-celebration-venue,Discovered – currently not indexed,page,post,1970-01-01
https://www.the-anchor.pub/blog/tag/birthdays,Discovered – currently not indexed,page,tag,1970-01-01
https://www.the-anchor.pub/blog/things-to-do-near-heathrow-between-flights,Discovered – currently not indexed,page,post,1970-01-01
https://www.the-anchor.pub/drinks/baby-guinness,Discovered – currently not indexed,page,drink,1970-01-01
https://www.the-anchor.pub/events/open-mic-night-live-at-the-anchor,Discovered – currently not indexed,page,event,1970-01-01
https://www.the-anchor.pub/live-music,Discovered – currently not indexed,page,other,1970-01-01
https://www.the-anchor.pub/live-sport/six-nations,Discovered – currently not indexed,page,other,1970-01-01
https://www.the-anchor.pub/private-hire/baby-showers,Discovered – currently not indexed,page,private_hire,1970-01-01
https://www.the-anchor.pub/private-hire/near/ashford-hospital,Discovered – currently not indexed,page,private_hire,1970-01-01
https://www.the-anchor.pub/private-hire/near/ashford-town-fc,Discovered – currently not indexed,page,private_hire,1970-01-01
https://www.the-anchor.pub/private-hire/near/bedfont-lakes,Discovered – currently not indexed,page,private_hire,1970-01-01
https://www.the-anchor.pub/private-hire/near/great-fosters-egham,Discovered – currently not indexed,page,private_hire,1970-01-01
https://www.the-anchor.pub/private-hire/near/staines-rugby-club,Discovered – currently not indexed,page,private_hire,1970-01-01
