source_url,target_url,anchor_text,collected_at
http://localhost:3000/christmas-parties,http://localhost:3000/heathrow-parking,Book parking,2026-07-10T20:07:06.278437+00:00
http://localhost:3000/christmas-parties,http://localhost:3000/,,2026-07-10T20:07:06.278437+00:00
http://localhost:3000/christmas-parties,http://localhost:3000/food-menu,Food,2026-07-10T20:07:06.278437+00:00
http://localhost:3000/christmas-parties,http://localhost:3000/food-menu,"Full Food MenuPub classics, prices and dietary filters",2026-07-10T20:07:06.278437+00:00
http://localhost:3000/christmas-parties,http://localhost:3000/sunday-roast,"Sunday RoastCarved fresh to order, every Sunday",2026-07-10T20:07:06.278437+00:00
http://localhost:3000/christmas-parties,http://localhost:3000/pizza-menu,Stone-Baked PizzaHand-stretched pizzas from the live menu,2026-07-10T20:07:06.278437+00:00
http://localhost:3000/christmas-parties,http://localhost:3000/fish-and-chips-heathrow,Fish & ChipsA proper chippy tea near Heathrow,2026-07-10T20:07:06.278437+00:00
http://localhost:3000/christmas-parties,http://localhost:3000/food-menu/vegan,Vegetarian & VeganPlant-based dishes and vegan options,2026-07-10T20:07:06.278437+00:00
http://localhost:3000/christmas-parties,http://localhost:3000/food-menu/gluten-free,Gluten-free optionsGluten-free choices and allergen guidance,2026-07-10T20:07:06.278437+00:00
http://localhost:3000/christmas-parties,http://localhost:3000/drinks,"Drinks MenuDraught pints, cocktails, wine and soft drinks",2026-07-10T20:07:06.278437+00:00
http://localhost:3000/christmas-parties,http://localhost:3000/private-hire,Private Hire,2026-07-10T20:07:06.278437+00:00
http://localhost:3000/christmas-parties,http://localhost:3000/private-hire,"Check AvailabilityTell us your date, guest count and plans",2026-07-10T20:07:06.278437+00:00
http://localhost:3000/christmas-parties,http://localhost:3000/function-room-hire,"Function Room HireRoom hire details, layouts and capacity",2026-07-10T20:07:06.278437+00:00
http://localhost:3000/christmas-parties,http://localhost:3000/private-party-venue,Private PartiesBirthdays and relaxed celebrations,2026-07-10T20:07:06.278437+00:00
http://localhost:3000/christmas-parties,http://localhost:3000/private-hire/wakes,Wakes & MemorialsRespectful gatherings with simple catering,2026-07-10T20:07:06.278437+00:00
http://localhost:3000/christmas-parties,http://localhost:3000/private-hire/christenings,ChristeningsPost-service meals and family receptions,2026-07-10T20:07:06.278437+00:00
http://localhost:3000/christmas-parties,http://localhost:3000/corporate-events,"Corporate EventsTeam meals, away days and work socials",2026-07-10T20:07:06.278437+00:00
http://localhost:3000/christmas-parties,http://localhost:3000/christmas-parties,Christmas PartiesFestive private hire and group bookings,2026-07-10T20:07:06.278437+00:00
http://localhost:3000/christmas-parties,http://localhost:3000/whats-on,What's On,2026-07-10T20:07:06.278437+00:00
http://localhost:3000/christmas-parties,http://localhost:3000/whats-on,Upcoming EventsThe next hosted events and weekly nights,2026-07-10T20:07:06.278437+00:00
http://localhost:3000/christmas-parties,http://localhost:3000/quiz-night,"Quiz NightPub quiz nights, teams and prizes",2026-07-10T20:07:06.278437+00:00
http://localhost:3000/christmas-parties,http://localhost:3000/music-bingo,Music BingoHosted music bingo with food and prizes,2026-07-10T20:07:06.278437+00:00
http://localhost:3000/christmas-parties,http://localhost:3000/cash-bingo,Cash BingoClassic bingo sessions with cash prizes,2026-07-10T20:07:06.278437+00:00
http://localhost:3000/christmas-parties,http://localhost:3000/karaoke,KaraokeSingalong nights and party groups,2026-07-10T20:07:06.278437+00:00
http://localhost:3000/christmas-parties,http://localhost:3000/live-music,"Live MusicBands, acoustic sessions and pub nights",2026-07-10T20:07:06.278437+00:00
http://localhost:3000/christmas-parties,http://localhost:3000/find-us,Find Us,2026-07-10T20:07:06.278437+00:00
http://localhost:3000/christmas-parties,http://localhost:3000/find-us,"Find UsAddress, map, phone number and travel info",2026-07-10T20:07:06.278437+00:00
http://localhost:3000/christmas-parties,http://localhost:3000/our-pub,"Our VenueExplore the pub, garden, facilities and venue photos",2026-07-10T20:07:06.278437+00:00
http://localhost:3000/christmas-parties,http://localhost:3000/near-heathrow,Near HeathrowWhy we work well for airport stops,2026-07-10T20:07:06.278437+00:00
http://localhost:3000/christmas-parties,http://localhost:3000/near-heathrow/terminal-5,From Terminal 5Seven minutes from Terminal 5,2026-07-10T20:07:06.278437+00:00
http://localhost:3000/christmas-parties,http://localhost:3000/plane-spotting-heathrow,Plane SpottingWatch aircraft from the beer garden,2026-07-10T20:07:06.278437+00:00
http://localhost:3000/christmas-parties,http://localhost:3000/heathrow-parking,Free Customer ParkingFree on-site parking for our guests,2026-07-10T20:07:06.278437+00:00
http://localhost:3000/christmas-parties,http://localhost:3000/heathrow-parking,Book Heathrow ParkingReserve airport parking with us,2026-07-10T20:07:06.278437+00:00
http://localhost:3000/christmas-parties,http://localhost:3000/book-table,Book a table,2026-07-10T20:07:06.278437+00:00
http://localhost:3000/christmas-parties,http://localhost:3000/,Home,2026-07-10T20:07:06.278437+00:00
http://localhost:3000/christmas-parties,http://localhost:3000/staines-pub,Christmas parties from Staines-upon-Thames,2026-07-10T20:07:06.278437+00:00
http://localhost:3000/christmas-parties,http://localhost:3000/ashford-pub,Ashford & Stanwell festive gatherings,2026-07-10T20:07:06.278437+00:00
http://localhost:3000/christmas-parties,http://localhost:3000/windsor-pub,Windsor Christmas party ideas,2026-07-10T20:07:06.278437+00:00
http://localhost:3000/christmas-parties,http://localhost:3000/heathrow-hotels-pub,Heathrow hotel teams & airport crews,2026-07-10T20:07:06.278437+00:00
http://localhost:3000/christmas-parties,http://localhost:3000/blog/cheap-heathrow-parking-alternatives,Read our cheap Heathrow parking guide,2026-07-10T20:07:06.278437+00:00
http://localhost:3000/christmas-parties,http://localhost:3000/heathrow-parking,pre-book parking at The Anchor,2026-07-10T20:07:06.278437+00:00
http://localhost:3000/christmas-parties,http://localhost:3000/blog/cheap-heathrow-parking-alternatives,cheap Heathrow parking tips,2026-07-10T20:07:06.278437+00:00
http://localhost:3000/christmas-parties,http://localhost:3000/heathrow-parking,pre-booked spaces at The Anchor,2026-07-10T20:07:06.278437+00:00
http://localhost:3000/christmas-parties,http://localhost:3000/corporate-christmas-parties,dedicated corporate Christmas parties page,2026-07-10T20:07:06.278437+00:00
http://localhost:3000/christmas-parties,http://localhost:3000/blog/cheap-christmas-parties-heathrow,Cheap Christmas Parties Near HeathrowPractical ideas for keeping Christmas party costs sensible without losing the atmosphere.,2026-07-10T20:07:06.278437+00:00
http://localhost:3000/christmas-parties,http://localhost:3000/corporate-christmas-parties,"Corporate Christmas PartiesWork Christmas party options for Heathrow, Staines and Surrey teams.",2026-07-10T20:07:06.278437+00:00
http://localhost:3000/christmas-parties,http://localhost:3000/private-hire,"private rooms near Staines and HeathrowPeople searching for private rooms, party venues and event spaces near Staines and Heathrow.",2026-07-10T20:07:06.278437+00:00
http://localhost:3000/christmas-parties,http://localhost:3000/function-room-hire,"function room hire near HeathrowRoom bookings for celebrations, wakes and company events.",2026-07-10T20:07:06.278437+00:00
http://localhost:3000/christmas-parties,http://localhost:3000/private-party-venue,"party venue near StainesBirthday parties, milestone celebrations and late licence options.",2026-07-10T20:07:06.278437+00:00
http://localhost:3000/christmas-parties,http://localhost:3000/book-table,Book a Table,2026-07-10T20:07:06.278437+00:00
http://localhost:3000/christmas-parties,http://localhost:3000/food-menu,Food Menu,2026-07-10T20:07:06.278437+00:00
http://localhost:3000/christmas-parties,http://localhost:3000/sunday-roast,Sunday Roast,2026-07-10T20:07:06.278437+00:00
http://localhost:3000/christmas-parties,http://localhost:3000/pizza-menu,Stone-Baked Pizza,2026-07-10T20:07:06.278437+00:00
http://localhost:3000/christmas-parties,http://localhost:3000/fish-and-chips-heathrow,Fish & Chips,2026-07-10T20:07:06.278437+00:00
http://localhost:3000/christmas-parties,http://localhost:3000/drinks,Drinks Menu,2026-07-10T20:07:06.278437+00:00
http://localhost:3000/christmas-parties,http://localhost:3000/find-us,Find Us,2026-07-10T20:07:06.278437+00:00
http://localhost:3000/christmas-parties,http://localhost:3000/private-hire,Check Availability,2026-07-10T20:07:06.278437+00:00
http://localhost:3000/christmas-parties,http://localhost:3000/private-hire,Private Hire Overview,2026-07-10T20:07:06.278437+00:00
http://localhost:3000/christmas-parties,http://localhost:3000/function-room-hire,Function Room Hire,2026-07-10T20:07:06.278437+00:00
http://localhost:3000/christmas-parties,http://localhost:3000/private-party-venue,Private Parties,2026-07-10T20:07:06.278437+00:00
http://localhost:3000/christmas-parties,http://localhost:3000/private-hire/wakes,Wakes & Memorials,2026-07-10T20:07:06.278437+00:00
http://localhost:3000/christmas-parties,http://localhost:3000/private-hire/christenings,Christenings,2026-07-10T20:07:06.278437+00:00
http://localhost:3000/christmas-parties,http://localhost:3000/corporate-events,Corporate Events,2026-07-10T20:07:06.278437+00:00
http://localhost:3000/christmas-parties,http://localhost:3000/christmas-parties,Christmas Parties,2026-07-10T20:07:06.278437+00:00
http://localhost:3000/christmas-parties,http://localhost:3000/whats-on,What's On,2026-07-10T20:07:06.278437+00:00
http://localhost:3000/christmas-parties,http://localhost:3000/quiz-night,Quiz Night,2026-07-10T20:07:06.278437+00:00
http://localhost:3000/christmas-parties,http://localhost:3000/music-bingo,Music Bingo,2026-07-10T20:07:06.278437+00:00
http://localhost:3000/christmas-parties,http://localhost:3000/cash-bingo,Cash Bingo,2026-07-10T20:07:06.278437+00:00
http://localhost:3000/christmas-parties,http://localhost:3000/karaoke,Karaoke,2026-07-10T20:07:06.278437+00:00
http://localhost:3000/christmas-parties,http://localhost:3000/live-music,Live Music,2026-07-10T20:07:06.278437+00:00
http://localhost:3000/christmas-parties,http://localhost:3000/live-sport,Live Sport Pub,2026-07-10T20:07:06.278437+00:00
http://localhost:3000/christmas-parties,http://localhost:3000/near-heathrow,Near Heathrow,2026-07-10T20:07:06.278437+00:00
http://localhost:3000/christmas-parties,http://localhost:3000/near-heathrow/terminal-5,Terminal 5,2026-07-10T20:07:06.278437+00:00
http://localhost:3000/christmas-parties,http://localhost:3000/restaurants-near-heathrow,Restaurants Near Heathrow,2026-07-10T20:07:06.278437+00:00
http://localhost:3000/christmas-parties,http://localhost:3000/plane-spotting-heathrow,Plane Spotting Pub,2026-07-10T20:07:06.278437+00:00
http://localhost:3000/christmas-parties,http://localhost:3000/beer-garden,Beer Garden,2026-07-10T20:07:06.278437+00:00
http://localhost:3000/christmas-parties,http://localhost:3000/pre-flight-meal,Pre-Flight Meal,2026-07-10T20:07:06.278437+00:00
http://localhost:3000/christmas-parties,http://localhost:3000/heathrow-layover-dining,Layover Dining,2026-07-10T20:07:06.278437+00:00
http://localhost:3000/christmas-parties,http://localhost:3000/heathrow-parking,Heathrow Parking,2026-07-10T20:07:06.278437+00:00
http://localhost:3000/christmas-parties,http://localhost:3000/about,About The Anchor,2026-07-10T20:07:06.278437+00:00
http://localhost:3000/christmas-parties,http://localhost:3000/about/the-anchor-facts,The Anchor Facts,2026-07-10T20:07:06.278437+00:00
http://localhost:3000/christmas-parties,http://localhost:3000/our-pub,Our Pub,2026-07-10T20:07:06.278437+00:00
http://localhost:3000/christmas-parties,http://localhost:3000/history,Our History,2026-07-10T20:07:06.278437+00:00
http://localhost:3000/christmas-parties,http://localhost:3000/blog,Blog,2026-07-10T20:07:06.278437+00:00
http://localhost:3000/christmas-parties,http://localhost:3000/join-our-team,Join Our Team,2026-07-10T20:07:06.278437+00:00
http://localhost:3000/christmas-parties,http://localhost:3000/sitemap-page,Sitemap,2026-07-10T20:07:06.278437+00:00
http://localhost:3000/christmas-parties,http://localhost:3000/leave-review,Leave a Review,2026-07-10T20:07:06.278437+00:00
http://localhost:3000/christmas-parties,http://localhost:3000/join-our-team,We're Hiring: Join Our Team,2026-07-10T20:07:06.278437+00:00
http://localhost:3000/christmas-parties,http://localhost:3000/book-table,Book a Table,2026-07-10T20:07:06.278437+00:00
http://localhost:3000/christmas-parties,http://localhost:3000/food-menu,Food Menu,2026-07-10T20:07:06.278437+00:00
http://localhost:3000/christmas-parties,http://localhost:3000/sunday-roast,Sunday Roast,2026-07-10T20:07:06.278437+00:00
http://localhost:3000/christmas-parties,http://localhost:3000/pizza-menu,Stone-Baked Pizza,2026-07-10T20:07:06.278437+00:00
http://localhost:3000/christmas-parties,http://localhost:3000/fish-and-chips-heathrow,Fish & Chips,2026-07-10T20:07:06.278437+00:00
http://localhost:3000/christmas-parties,http://localhost:3000/drinks,Drinks Menu,2026-07-10T20:07:06.278437+00:00
http://localhost:3000/christmas-parties,http://localhost:3000/find-us,Find Us,2026-07-10T20:07:06.278437+00:00
http://localhost:3000/christmas-parties,http://localhost:3000/private-hire,Check Availability,2026-07-10T20:07:06.278437+00:00
http://localhost:3000/christmas-parties,http://localhost:3000/private-hire,Private Hire Overview,2026-07-10T20:07:06.278437+00:00
http://localhost:3000/christmas-parties,http://localhost:3000/function-room-hire,Function Room Hire,2026-07-10T20:07:06.278437+00:00
http://localhost:3000/christmas-parties,http://localhost:3000/private-party-venue,Private Parties,2026-07-10T20:07:06.278437+00:00
http://localhost:3000/christmas-parties,http://localhost:3000/private-hire/wakes,Wakes & Memorials,2026-07-10T20:07:06.278437+00:00
http://localhost:3000/christmas-parties,http://localhost:3000/private-hire/christenings,Christenings,2026-07-10T20:07:06.278437+00:00
http://localhost:3000/christmas-parties,http://localhost:3000/corporate-events,Corporate Events,2026-07-10T20:07:06.278437+00:00
http://localhost:3000/christmas-parties,http://localhost:3000/christmas-parties,Christmas Parties,2026-07-10T20:07:06.278437+00:00
http://localhost:3000/christmas-parties,http://localhost:3000/whats-on,What's On,2026-07-10T20:07:06.278437+00:00
http://localhost:3000/christmas-parties,http://localhost:3000/quiz-night,Quiz Night,2026-07-10T20:07:06.278437+00:00
http://localhost:3000/christmas-parties,http://localhost:3000/music-bingo,Music Bingo,2026-07-10T20:07:06.278437+00:00
http://localhost:3000/christmas-parties,http://localhost:3000/cash-bingo,Cash Bingo,2026-07-10T20:07:06.278437+00:00
http://localhost:3000/christmas-parties,http://localhost:3000/karaoke,Karaoke,2026-07-10T20:07:06.278437+00:00
http://localhost:3000/christmas-parties,http://localhost:3000/live-music,Live Music,2026-07-10T20:07:06.278437+00:00
http://localhost:3000/christmas-parties,http://localhost:3000/live-sport,Live Sport Pub,2026-07-10T20:07:06.278437+00:00
http://localhost:3000/christmas-parties,http://localhost:3000/near-heathrow,Near Heathrow,2026-07-10T20:07:06.278437+00:00
http://localhost:3000/christmas-parties,http://localhost:3000/near-heathrow/terminal-5,Terminal 5,2026-07-10T20:07:06.278437+00:00
http://localhost:3000/christmas-parties,http://localhost:3000/restaurants-near-heathrow,Restaurants Near Heathrow,2026-07-10T20:07:06.278437+00:00
http://localhost:3000/christmas-parties,http://localhost:3000/plane-spotting-heathrow,Plane Spotting Pub,2026-07-10T20:07:06.278437+00:00
http://localhost:3000/christmas-parties,http://localhost:3000/beer-garden,Beer Garden,2026-07-10T20:07:06.278437+00:00
http://localhost:3000/christmas-parties,http://localhost:3000/pre-flight-meal,Pre-Flight Meal,2026-07-10T20:07:06.278437+00:00
http://localhost:3000/christmas-parties,http://localhost:3000/heathrow-layover-dining,Layover Dining,2026-07-10T20:07:06.278437+00:00
http://localhost:3000/christmas-parties,http://localhost:3000/heathrow-parking,Heathrow Parking,2026-07-10T20:07:06.278437+00:00
http://localhost:3000/christmas-parties,http://localhost:3000/about,About The Anchor,2026-07-10T20:07:06.278437+00:00
http://localhost:3000/christmas-parties,http://localhost:3000/about/the-anchor-facts,The Anchor Facts,2026-07-10T20:07:06.278437+00:00
http://localhost:3000/christmas-parties,http://localhost:3000/our-pub,Our Pub,2026-07-10T20:07:06.278437+00:00
http://localhost:3000/christmas-parties,http://localhost:3000/history,Our History,2026-07-10T20:07:06.278437+00:00
http://localhost:3000/christmas-parties,http://localhost:3000/blog,Blog,2026-07-10T20:07:06.278437+00:00
http://localhost:3000/christmas-parties,http://localhost:3000/join-our-team,Join Our Team,2026-07-10T20:07:06.278437+00:00
http://localhost:3000/christmas-parties,http://localhost:3000/sitemap-page,Sitemap,2026-07-10T20:07:06.278437+00:00
http://localhost:3000/christmas-parties,http://localhost:3000/leave-review,Leave a Review,2026-07-10T20:07:06.278437+00:00
http://localhost:3000/christmas-parties,http://localhost:3000/join-our-team,We're Hiring: Join Our Team,2026-07-10T20:07:06.278437+00:00
http://localhost:3000/christmas-parties,http://localhost:3000/reviews,Guest Reviews,2026-07-10T20:07:06.278437+00:00
http://localhost:3000/christmas-parties,http://localhost:3000/safety-and-respect,Safety and Respect,2026-07-10T20:07:06.278437+00:00
http://localhost:3000/christmas-parties,http://localhost:3000/sustainability,Sustainability,2026-07-10T20:07:06.278437+00:00
http://localhost:3000/christmas-parties,http://localhost:3000/accessibility,Accessibility,2026-07-10T20:07:06.278437+00:00
http://localhost:3000/christmas-parties,http://localhost:3000/privacy-policy,Privacy Policy,2026-07-10T20:07:06.278437+00:00
http://localhost:3000/christmas-parties,http://localhost:3000/food-menu,View menu,2026-07-10T20:07:06.278437+00:00
