Campaign,Ad Group,Keyword,Criterion Type
Christmas 2026 | Search,Christmas Dining Near Me,christmas lunch near me,Phrase
Christmas 2026 | Search,Christmas Dining Near Me,christmas meal near me,Phrase
Christmas 2026 | Search,Christmas Dining Near Me,christmas dinner near me,Phrase
Christmas 2026 | Search,Christmas Dining Near Me,christmas menu near me,Phrase
Christmas 2026 | Search,Christmas Dining Near Me,festive menu near me,Phrase
Christmas 2026 | Search,Christmas Dining Near Me,pub christmas dinner near me,Phrase
Christmas 2026 | Search,Christmas Dinner Booking,christmas dinner booking,Phrase
Christmas 2026 | Search,Christmas Dinner Booking,christmas set menu,Phrase
Christmas 2026 | Search,Christmas Dinner Booking,festive dinner,Phrase
Christmas 2026 | Search,Christmas Dinner Booking,christmas dinner pub,Phrase
Christmas 2026 | Search,Christmas Dinner Booking,christmas lunch pub,Phrase
Christmas 2026 | Search,Christmas Dinner Booking,pub christmas menu,Phrase
Christmas 2026 | Search,Christmas Party Near Me,christmas party near me,Phrase
Christmas 2026 | Search,Christmas Party Near Me,christmas do near me,Phrase
Christmas 2026 | Search,Christmas Party Near Me,christmas party for small groups,Phrase
Christmas 2026 | Search,Christmas Party Near Me,christmas party 2026,Phrase
Christmas 2026 | Search,Christmas Party Near Me,christmas party pub,Phrase
Christmas 2026 | Search,Christmas Party Near Me,pub christmas party,Phrase
Christmas 2026 | Search,Office Christmas Party,work christmas party near me,Phrase
Christmas 2026 | Search,Office Christmas Party,office christmas party near me,Phrase
Christmas 2026 | Search,Office Christmas Party,christmas party packages,Phrase
Christmas 2026 | Search,Function Room Hire,function room hire near me,Phrase
Christmas 2026 | Search,Function Room Hire,private party venue near me,Phrase
Christmas 2026 | Search,Function Room Hire,christmas party function room,Phrase
Christmas 2026 | Search,Function Room Hire,christmas party venue hire,Phrase
