Campaign,Keyword,Criterion Type
Christmas 2026 | Search,waterloo,Campaign Negative Phrase
Christmas 2026 | Search,blackfriars,Campaign Negative Phrase
Christmas 2026 | Search,monument,Campaign Negative Phrase
Christmas 2026 | Search,angel,Campaign Negative Phrase
Christmas 2026 | Search,clerkenwell,Campaign Negative Phrase
Christmas 2026 | Search,bethnal green,Campaign Negative Phrase
Christmas 2026 | Search,haggerston,Campaign Negative Phrase
Christmas 2026 | Search,whitechapel,Campaign Negative Phrase
Christmas 2026 | Search,portsoken,Campaign Negative Phrase
Christmas 2026 | Search,barnsbury,Campaign Negative Phrase
Christmas 2026 | Search,gospel oak,Campaign Negative Phrase
Christmas 2026 | Search,hornsey,Campaign Negative Phrase
Christmas 2026 | Search,finchley,Campaign Negative Phrase
Christmas 2026 | Search,cricklewood,Campaign Negative Phrase
Christmas 2026 | Search,lisson grove,Campaign Negative Phrase
Christmas 2026 | Search,fitzrovia,Campaign Negative Phrase
Christmas 2026 | Search,belgravia,Campaign Negative Phrase
Christmas 2026 | Search,sloane square,Campaign Negative Phrase
Christmas 2026 | Search,st james,Campaign Negative Phrase
Christmas 2026 | Search,camden,Campaign Negative Phrase
Christmas 2026 | Search,shadwell,Campaign Negative Phrase
Christmas 2026 | Search,cambridge heath,Campaign Negative Phrase
Christmas 2026 | Search,olympia,Campaign Negative Phrase
Christmas 2026 | Search,wandsworth,Campaign Negative Phrase
Christmas 2026 | Search,lambeth,Campaign Negative Phrase
Christmas 2026 | Search,warren street,Campaign Negative Phrase
Christmas 2026 | Search,goodge street,Campaign Negative Phrase
Christmas 2026 | Search,st paul,Campaign Negative Phrase
Christmas 2026 | Search,borough,Campaign Negative Phrase
Christmas 2026 | Search,harrow,Campaign Negative Phrase
Christmas 2026 | Search,east sheen,Campaign Negative Phrase
Christmas 2026 | Search,wilmslow,Campaign Negative Phrase
Christmas 2026 | Search,stockton heath,Campaign Negative Phrase
Christmas 2026 | Search,waterlooville,Campaign Negative Phrase
Christmas 2026 | Search,burley,Campaign Negative Phrase
Christmas 2026 | Search,hindhead,Campaign Negative Phrase
Christmas 2026 | Search,elstead,Campaign Negative Phrase
Christmas 2026 | Search,hambledon,Campaign Negative Phrase
Christmas 2026 | Search,sonning,Campaign Negative Phrase
Christmas 2026 | Search,taplow,Campaign Negative Phrase
Christmas 2026 | Search,stansted,Campaign Negative Phrase
Christmas 2026 | Search,ascot,Campaign Negative Phrase
Christmas 2026 | Search,guildford,Campaign Negative Phrase
Christmas 2026 | Search,farnham,Campaign Negative Phrase
Christmas 2026 | Search,camberley,Campaign Negative Phrase
Christmas 2026 | Search,reigate,Campaign Negative Phrase
Christmas 2026 | Search,redhill,Campaign Negative Phrase
Christmas 2026 | Search,epsom,Campaign Negative Phrase
Christmas 2026 | Search,banstead,Campaign Negative Phrase
Christmas 2026 | Search,sutton,Campaign Negative Phrase
Christmas 2026 | Search,dorking,Campaign Negative Phrase
Christmas 2026 | Search,woking,Campaign Negative Phrase
Christmas 2026 | Search,ideas,Campaign Negative Phrase
Christmas 2026 | Search,recipe,Campaign Negative Phrase
Christmas 2026 | Search,recipes,Campaign Negative Phrase
Christmas 2026 | Search,diy,Campaign Negative Phrase
Christmas 2026 | Search,images,Campaign Negative Phrase
Christmas 2026 | Search,template,Campaign Negative Phrase
Christmas 2026 | Search,jobs,Campaign Negative Phrase
Christmas 2026 | Search,hiring,Campaign Negative Phrase
Christmas 2026 | Search,vacancy,Campaign Negative Phrase
Christmas 2026 | Search,decorations,Campaign Negative Phrase
Christmas 2026 | Search,games,Campaign Negative Phrase
Christmas 2026 | Search,outfit,Campaign Negative Phrase
Christmas 2026 | Search,dress,Campaign Negative Phrase
Christmas 2026 | Search,crackers,Campaign Negative Phrase
Christmas 2026 | Search,free,Campaign Negative Phrase
Christmas 2026 | Search,wedding,Campaign Negative Phrase
Christmas 2026 | Search,hotel,Campaign Negative Phrase
Christmas 2026 | Search,shared christmas party,Campaign Negative Phrase
Christmas 2026 | Search,shared party night,Campaign Negative Phrase
Christmas 2026 | Search,festive party night,Campaign Negative Phrase
Christmas 2026 | Search,party night with disco,Campaign Negative Phrase
Christmas 2026 | Search,buffet food ideas,Campaign Negative Phrase
Christmas 2026 | Search,office party food ideas,Campaign Negative Phrase
Christmas 2026 | Search,christmas day,Campaign Negative Phrase
Christmas 2026 | Search,boxing day,Campaign Negative Phrase
Christmas 2026 | Search,new year,Campaign Negative Phrase
Christmas 2026 | Search,west london,Campaign Negative Phrase
Christmas 2026 | Search,recipe ideas,Campaign Negative Phrase
