Top pages,Clicks,Impressions,CTR,Position
https://www.the-anchor.pub/,161,3981,4.04%,12.31
https://www.the-anchor.pub/beer-garden,49,717,6.83%,7.25
https://www.the-anchor.pub/sunday-lunch,28,493,5.68%,6.57
https://www.the-anchor.pub/food-menu,21,1861,1.13%,8.68
https://www.the-anchor.pub/blog/fish-chips-guide,12,804,1.49%,8.51
https://www.the-anchor.pub/blog/best-sunday-roast-near-heathrow,12,235,5.11%,7.85
https://www.the-anchor.pub/blog/ultimate-guide-to-traveling-as-a-digital-nomad-wit,10,195,5.13%,14.14
https://www.the-anchor.pub/near-heathrow/terminal-5,9,980,0.92%,13.79
https://www.the-anchor.pub/christmas-parties,9,943,0.95%,7.82
https://www.the-anchor.pub/heathrow-parking,8,1475,0.54%,30.57
https://www.the-anchor.pub/plane-spotting-heathrow,8,685,1.17%,11.47
https://www.the-anchor.pub/whats-on,6,1386,0.43%,7.5
https://www.the-anchor.pub/find-us,3,1296,0.23%,8.08
https://www.the-anchor.pub/near-heathrow,3,374,0.80%,14.72
https://www.the-anchor.pub/blog/christmas-events,3,247,1.21%,7.43
https://www.the-anchor.pub/near-heathrow/terminal-2,2,590,0.34%,21.36
https://www.the-anchor.pub/m25-junction-14-pub,2,570,0.35%,7.8
https://www.the-anchor.pub/near-heathrow/terminal-3,2,544,0.37%,14.44
https://www.the-anchor.pub/blog/autumn-internationals-2024-full-fixtures-highlight,2,489,0.41%,39.21
https://www.the-anchor.pub/feltham-pub,2,181,1.10%,10.6
https://www.the-anchor.pub/function-room-hire,2,157,1.27%,30.11
https://www.the-anchor.pub/events/pub-quiz-night-2025-12-10,2,68,2.94%,6.04
https://www.the-anchor.pub/blog/christmas-market,2,53,3.77%,7.77
https://www.the-anchor.pub/blog/tag/live-matches,2,51,3.92%,6.27
https://www.the-anchor.pub/blog/new-dining-room,2,26,7.69%,4.69
https://www.the-anchor.pub/blog/sports-update,2,21,9.52%,7.48
https://www.the-anchor.pub/blog/tag/november,2,20,10%,6.35
https://www.the-anchor.pub/staines-pub,1,1625,0.06%,10.41
https://www.the-anchor.pub/drinks,1,1263,0.08%,8.56
https://www.the-anchor.pub/pizza-tuesday,1,703,0.14%,14.09
https://www.the-anchor.pub/blog/cheap-heathrow-parking-alternatives,1,471,0.21%,23.04
https://www.the-anchor.pub/corporate-events,1,373,0.27%,53.87
https://www.the-anchor.pub/near-heathrow/terminal-4,1,268,0.37%,15.43
https://www.the-anchor.pub/blog/euro-2024-viewing,1,224,0.45%,8.58
https://www.the-anchor.pub/windsor-pub,1,193,0.52%,7.57
https://www.the-anchor.pub/quiz-night,1,118,0.85%,7.99
https://www.the-anchor.pub/blog/a-personal-pub-for-personal-celebrations,1,91,1.10%,17.24
https://www.the-anchor.pub/ashford-pub,1,83,1.20%,11.83
https://www.the-anchor.pub/whats-on/drag-shows,1,53,1.89%,8.26
https://www.the-anchor.pub/blog/dog-travel-tips,1,46,2.17%,10.78
https://www.the-anchor.pub/blog/british-pie-week-2024,1,37,2.70%,10.35
https://www.the-anchor.pub/blog/monthly-cash-bingo,1,34,2.94%,37.18
https://www.the-anchor.pub/heathrow-layover-dining,1,23,4.35%,6.7
https://www.the-anchor.pub/blog/charity-walk-holly,1,21,4.76%,17.67
https://www.the-anchor.pub/blog/day-of-the-dead-halloween-party-costumes-dance-and,1,10,10%,8.1
https://www.the-anchor.pub/blog/tag/irish,1,9,11.11%,5.56
https://www.the-anchor.pub/blog/tag/jobs,1,8,12.50%,9.12
https://www.the-anchor.pub/blog/tag/sunday-roast,1,5,20%,3
https://www.the-anchor.pub/blog/tag/remote-work,1,2,50%,11.5
https://www.the-anchor.pub/blog/tag/promotion,1,1,100%,91
https://www.the-anchor.pub/blog,0,813,0%,7.06
https://www.the-anchor.pub/blog/inches-apple-cider,0,258,0%,6.84
https://www.the-anchor.pub/egham-pub,0,205,0%,14.52
https://www.the-anchor.pub/stanwell-pub,0,203,0%,4.34
https://www.the-anchor.pub/post/celebrating-life-and-spirits-day-of-the-dead-traditions,0,175,0%,1
https://www.the-anchor.pub/book-event,0,144,0%,32.53
https://www.the-anchor.pub/private-party-venue,0,133,0%,31.11
https://www.the-anchor.pub/drinks/jagerbomb,0,132,0%,1.01
https://www.the-anchor.pub/bedfont-pub,0,113,0%,8.61
https://www.the-anchor.pub/blog/dog-friendly-pub,0,95,0%,7.08
https://www.the-anchor.pub/heathrow-hotels-pub,0,74,0%,12.43
https://www.the-anchor.pub/blog/tag/rugby,0,72,0%,6.64
https://www.the-anchor.pub/events/bingo-night-2025-11-14,0,53,0%,5.55
https://www.the-anchor.pub/events/pub-quiz-night-2025-11-05,0,51,0%,5.76
https://www.the-anchor.pub/blog/peace-day-stanwell,0,51,0%,11.94
https://www.the-anchor.pub/blog/tag/premier-league,0,47,0%,6.45
https://www.the-anchor.pub/drinks/disaronno,0,42,0%,1.02
https://www.the-anchor.pub/events/sleigh-that-tune-2025-12-03,0,36,0%,3.64
https://www.the-anchor.pub/blog/double-up-offer,0,31,0%,7.71
https://www.the-anchor.pub/drinks/aperol,0,30,0%,1
https://www.the-anchor.pub/book-table,0,29,0%,6.48
https://www.the-anchor.pub/blog/reflecting-on-sacrifice-remembrance-day-observance,0,28,0%,9.39
https://www.the-anchor.pub/drinks/newcastle-brown-ale,0,27,0%,1
https://www.the-anchor.pub/blog/tequila-and-tradition-how-agave-shapes-mexican-cul,0,27,0%,12.81
https://www.the-anchor.pub/events/pub-quiz-night-2025-10-01,0,26,0%,5.19
https://www.the-anchor.pub/blog/events-offers-2025,0,25,0%,9.28
https://www.the-anchor.pub/blog/cheap-christmas-parties-heathrow,0,25,0%,39.8
https://www.the-anchor.pub/blog/tequila-tasting-events,0,22,0%,30.95
https://www.the-anchor.pub/blog/sunday-lunch-at-the-anchor-is-back-pre-order-now,0,20,0%,10.5
https://www.the-anchor.pub/drinks/jagermeister,0,19,0%,1
https://www.the-anchor.pub/blog/fathers-day-celebration,0,19,0%,22.37
https://www.the-anchor.pub/drinks/cointreau,0,17,0%,1
https://www.the-anchor.pub/events/twisted-fairytale-halloween-party-2025-11-01,0,17,0%,5.76
https://www.the-anchor.pub/blog/tag/remembrance-day,0,17,0%,7.71
https://www.the-anchor.pub/blog/tag/live-events,0,17,0%,8.06
https://www.the-anchor.pub/blog/day-of-the-dead-party,0,17,0%,8.82
https://www.the-anchor.pub/blog/tag/photography,0,17,0%,11.82
https://www.the-anchor.pub/blog/tag/travel,0,15,0%,9.07
https://www.the-anchor.pub/blog/5-star-food-rating,0,14,0%,7.93
https://www.the-anchor.pub/blog/autumn-winter-menu,0,14,0%,8.21
https://www.the-anchor.pub/blog/sustainable-practices,0,14,0%,10.29
https://www.the-anchor.pub/blog/stanwell-moor-village,0,13,0%,5.77
https://www.the-anchor.pub/blog/experience-the-best-beer-at-a-great-pub-near-heath,0,13,0%,9.69
https://www.the-anchor.pub/blog/diwali-celebration,0,13,0%,14.31
https://www.the-anchor.pub/blog/tag/feedback,0,13,0%,33.23
https://www.the-anchor.pub/blog/tag/pub-menu,0,12,0%,2.75
https://www.the-anchor.pub/blog/music-bingo-nights,0,12,0%,4.92
https://www.the-anchor.pub/blog/six-nations-rugby-at-the-anchor-2023,0,12,0%,5.92
https://www.the-anchor.pub/blog/national-burger-day,0,12,0%,8.67
https://www.the-anchor.pub/blog/pet-friendly-business-tips,0,12,0%,9.33
https://www.the-anchor.pub/blog/tag/british-history,0,11,0%,2.73
https://www.the-anchor.pub/blog/drag-cabaret-nikki,0,11,0%,27.36
https://www.the-anchor.pub/drinks/bushmills,0,10,0%,1
https://www.the-anchor.pub/drinks/jameson,0,10,0%,1
https://www.the-anchor.pub/blog/rum-tasting-caribbean,0,10,0%,6.3
https://www.the-anchor.pub/blog/pravha-beer,0,9,0%,5.67
https://www.the-anchor.pub/blog/tag/spirits,0,9,0%,6.89
https://www.the-anchor.pub/blog/botanist-gin-july-2025,0,9,0%,8.22
https://www.the-anchor.pub/blog/unique-events,0,9,0%,9.11
https://www.the-anchor.pub/restaurants-near-heathrow,0,9,0%,10.11
https://www.the-anchor.pub/blog/tag/six-nations,0,9,0%,11.78
https://www.the-anchor.pub/events/bingo-night-2025-12-19,0,8,0%,3
https://www.the-anchor.pub/blog/tag/stanwell-moor,0,8,0%,6.12
https://www.the-anchor.pub/blog/tag/christmas-market,0,8,0%,6.75
https://www.the-anchor.pub/blog/tag/christmas,0,8,0%,7
https://www.the-anchor.pub/blog/tag/pizza,0,8,0%,7
https://www.the-anchor.pub/blog/premier-league-2024-25,0,8,0%,7.62
https://www.the-anchor.pub/blog/tag/pool,0,7,0%,5
https://www.the-anchor.pub/blog/calling-all-pool-players,0,7,0%,5.14
https://www.the-anchor.pub/blog/pub-etiquette-tips,0,7,0%,11
https://www.the-anchor.pub/blog/spring-tasting-night,0,7,0%,12.29
https://www.the-anchor.pub/drinks/chambord,0,6,0%,1
https://www.the-anchor.pub/drinks/sambuca-raspberry,0,6,0%,1
https://www.the-anchor.pub/blog/day-of-dead-traditions,0,6,0%,2.67
https://www.the-anchor.pub/blog/gameshow-house-party,0,6,0%,4.33
https://www.the-anchor.pub/blog/pancake-day-celebration,0,6,0%,5.5
https://www.the-anchor.pub/blog/tag/food,0,6,0%,7.83
https://www.the-anchor.pub/drinks/coors-light,0,5,0%,1
https://www.the-anchor.pub/blog/prices-frozen-until-autumn-theanchor-pub,0,5,0%,5
https://www.the-anchor.pub/blog/tag/indian-food,0,5,0%,5.8
https://www.the-anchor.pub/blog/tag/december,0,5,0%,6.4
https://www.the-anchor.pub/events/bingo-night-2025-09-19,0,5,0%,7.8
https://www.the-anchor.pub/blog/salami-day-pizza,0,5,0%,9
https://www.the-anchor.pub/blog/community-feedback,0,5,0%,23.4
https://www.the-anchor.pub/events/cosy-comforts-tasting-night-2025-11-07,0,4,0%,1
https://www.the-anchor.pub/honey-bee-mine,0,4,0%,1
https://www.the-anchor.pub/blog/tag/savings,0,4,0%,5.75
https://www.the-anchor.pub/blog/tequila-day-of-dead,0,4,0%,5.75
https://www.the-anchor.pub/blog/pub-jobs-heathrow,0,4,0%,6.25
https://www.the-anchor.pub/blog/ve-day-celebration,0,4,0%,7.25
https://www.the-anchor.pub/blog/st-patricks-day-2024,0,4,0%,7.75
https://www.the-anchor.pub/blog/tag/special-offers,0,4,0%,9.25
https://www.the-anchor.pub/blog/curry-club-the-anchor,0,4,0%,9.5
https://www.the-anchor.pub/blog/tag/quiz-night,0,4,0%,19.5
https://www.the-anchor.pub/blog/what-is-the-history-of-april-fools-day,0,3,0%,1
https://www.the-anchor.pub/blog/tag/reviews,0,3,0%,4.33
https://www.the-anchor.pub/blog/tag/opening-hours,0,3,0%,5.67
https://www.the-anchor.pub/blog/tag/burgers,0,3,0%,6.67
https://www.the-anchor.pub/blog/tag/children,0,3,0%,7
https://www.the-anchor.pub/blog/the-boys-are-back-in-town,0,3,0%,7
https://www.the-anchor.pub/blog/tag/private-dining,0,3,0%,7.33
https://the-anchor.pub/blog/tag/special-offers,0,3,0%,11
https://www.the-anchor.pub/drinks/captain-morgan-gold-spiced-rum,0,2,0%,1
https://www.the-anchor.pub/drinks/carling,0,2,0%,1
https://www.the-anchor.pub/post/have-you-tried-kraken-rum,0,2,0%,1
https://www.the-anchor.pub/post/tequila-and-tradition-role-of-agave,0,2,0%,1
https://www.the-anchor.pub/blog/tag/family-friendly,0,2,0%,4.5
https://www.the-anchor.pub/blog/family-friendly-sunday-lunch-heathrow,0,2,0%,5
https://www.the-anchor.pub/blog/kindness-day,0,2,0%,5
https://the-anchor.pub/blog/tag/romantic-dining,0,2,0%,5.5
https://www.the-anchor.pub/blog/stanwell-moor-brew,0,2,0%,5.5
https://www.the-anchor.pub/blog/tag/drinks,0,2,0%,5.5
https://www.the-anchor.pub/blog/pet-ownership-benefits,0,2,0%,6
https://www.the-anchor.pub/blog/tabs-are-changing,0,2,0%,6
https://www.the-anchor.pub/blog/tag/environment,0,2,0%,6
https://www.the-anchor.pub/blog/tag/bingo,0,2,0%,6.5
https://www.the-anchor.pub/blog/cosy-pub-stanwell,0,2,0%,7.5
https://www.the-anchor.pub/blog/christmas-2021,0,2,0%,8
https://www.the-anchor.pub/blog/monthly-managers-special,0,2,0%,8.5
https://www.the-anchor.pub/blog/new-menu-options-launching-february-1st-2023,0,2,0%,8.5
https://www.the-anchor.pub/blog/womens-day-celebration,0,2,0%,8.5
https://www.the-anchor.pub/blog/piano-christmas-performance,0,2,0%,9.5
https://www.the-anchor.pub/blog/pizza-deals-stanwell-heathrow-tuesdays,0,2,0%,9.5
https://www.the-anchor.pub/blog/tag/british-pie-week,0,2,0%,9.5
https://www.the-anchor.pub/blog/25-off-kraken-rum-this-june-manager-s-special,0,2,0%,10
https://www.the-anchor.pub/blog/tag/heathrow-area,0,2,0%,10.5
https://www.the-anchor.pub/blog/womens-day-2024,0,2,0%,10.5
https://the-anchor.pub/blog/tag/sports,0,2,0%,11
https://www.the-anchor.pub/blog/tag/family-dining,0,2,0%,14
https://www.the-anchor.pub/blog/jewellery-event,0,2,0%,15
https://www.the-anchor.pub/blog/christmas-fair-at-the-anchor,0,1,0%,1
https://www.the-anchor.pub/blog/friday-extended-hours,0,1,0%,1
https://www.the-anchor.pub/blog/tag/fish-and-chips,0,1,0%,1
https://www.the-anchor.pub/blog/tag/italian,0,1,0%,1
https://www.the-anchor.pub/blog/tag/team-sports,0,1,0%,1
https://www.the-anchor.pub/events/quiz-night-back-to-school-2025-09-03,0,1,0%,1
http://the-anchor.pub/,0,1,0%,2
https://www.the-anchor.pub/blog/tag/pancake-day,0,1,0%,2
https://www.the-anchor.pub/sitemap-page,0,1,0%,2
https://www.the-anchor.pub/blog/december-celebrations,0,1,0%,4
https://www.the-anchor.pub/blog/tag/careers,0,1,0%,4
https://www.the-anchor.pub/blog/tag/events,0,1,0%,4
https://www.the-anchor.pub/blog/tag/sports,0,1,0%,4
https://www.the-anchor.pub/blog/tag/parties,0,1,0%,5
https://www.the-anchor.pub/blog/tag/volunteer,0,1,0%,5
https://www.the-anchor.pub/blog/this-december-at-the-anchor,0,1,0%,5
https://www.the-anchor.pub/blog/tag/digital-nomad,0,1,0%,6
https://www.the-anchor.pub/blog/tag/mexican-culture,0,1,0%,6
https://www.the-anchor.pub/blog/what-is-race-night,0,1,0%,6
https://www.the-anchor.pub/cash-bingo,0,1,0%,6
https://www.the-anchor.pub/blog/tag/entertainment,0,1,0%,7
https://the-anchor.pub/blog/tag/premier-league,0,1,0%,8
https://www.the-anchor.pub/events/bingo-night-2025-10-17,0,1,0%,8
https://www.the-anchor.pub/blog/tag/mental-health,0,1,0%,9
https://www.the-anchor.pub/blog/keeping-up-appearances,0,1,0%,10
https://www.the-anchor.pub/blog/tag/beer-garden,0,1,0%,10
https://www.the-anchor.pub/blog/tag/couples,0,1,0%,10
https://www.the-anchor.pub/blog/tag/pub-food,0,1,0%,10
https://www.the-anchor.pub/blog/tag/venue-hire,0,1,0%,10
https://www.the-anchor.pub/privacy-policy,0,1,0%,10
https://www.the-anchor.pub/blog/st-patrick-s-day-2023,0,1,0%,11
https://www.the-anchor.pub/blog/tag/cocktails,0,1,0%,11
https://www.the-anchor.pub/blog/tag/corporate,0,1,0%,11
https://www.the-anchor.pub/blog/new-year-celebration,0,1,0%,12
https://www.the-anchor.pub/blog/tag/manager-picks,0,1,0%,12
https://www.the-anchor.pub/blog/tag/ve-day,0,1,0%,12
https://www.the-anchor.pub/drinks/managers-special,0,1,0%,12
https://www.the-anchor.pub/blog/tag/local-heroes,0,1,0%,13
https://www.the-anchor.pub/blog/tag/service-change,0,1,0%,17
https://www.the-anchor.pub/blog/tag/kindness-day,0,1,0%,18
https://www.the-anchor.pub/blog/tag/local-area,0,1,0%,22